Company_Name,Time_Period,Digital_EdTech_Integration,Certification_Exam_Fees,Student_Admissions_Revenue,Educational_Psychology_RnD,Logistics_Schoolbus_Tolls,Faculty_Retraining_Budget,School_Marketing_Spend,Corporate_Industry_Partnerships,Curriculum_Textbook_Monopoly,Legacy_Workforce_Headcount,Net_Profit_Rs_Cr,Total_Cost_Rs_Cr,Revenue_Rs_Cr
EduCompany_01,Year_01,57.80092088315611,43.8102659543632,30.895232061369207,24.977081128289484,78.68359176101622,85.2659621182513,26.25186592446445,62.03603640666665,65.10767185620332,50.00431143472129,572.0021511381406,749.4018396024973,1321.4039907406377
EduCompany_01,Year_02,96.05091427152813,14.229879794357885,39.67558583727305,17.096312611106065,36.50175567002702,16.83484998162686,48.51395751798163,86.78968872744225,64.60054405529436,66.92516982838217,516.1311605409754,397.1245481499686,913.255708690944
EduCompany_01,Year_03,20.451244955546038,77.41493820783796,53.97882588903631,91.00716702604906,61.74642725736539,90.48304141457342,68.26766686292088,85.86048197016102,69.06451417946275,84.13746347682668,659.583567810759,556.1380523250725,1215.7216201358315
EduCompany_01,Year_04,15.391100790023613,65.92937226323923,81.22105532105923,24.9473860209805,35.70782717642683,43.65176367366864,87.39808206723922,55.791372115433504,46.52400280004075,70.93732466484849,501.1823751735179,342.85054135247674,844.0329165259947
EduCompany_01,Year_05,68.39506189506247,34.57667094053783,37.68137370731474,59.01151073928456,40.48101018570682,41.1258090732873,81.07622439152529,80.44894541594357,48.90589418838815,63.46700701539948,537.2885631933369,461.087866716537,998.3764299098739
EduCompany_01,Year_06,46.23690818096605,49.530864850364686,75.22629977615158,82.21472376882004,39.725316945754,15.328907866054546,81.27208632632018,26.131268245046048,31.412031709566328,80.95847028210476,605.8898353558774,406.280439106471,1012.1702744623484
EduCompany_01,Year_07,58.743456509724425,93.23540168000736,61.742798913076854,86.8528807398537,14.560583689396314,32.32443561674289,84.92428830104265,18.58060021409403,75.59638545773433,52.472752126599055,659.9835183396563,334.63144267364794,994.6149610133042
EduCompany_01,Year_08,21.312363838090103,68.57098144140443,72.90233087710567,18.456046827582092,43.55583747139556,86.86941892965896,95.68847020080246,45.26009975744641,21.24371229712389,28.259931100782328,559.6440460844402,707.7070705704393,1267.3511166548797
EduCompany_01,Year_09,55.6542997607026,91.23493925768227,50.64269839494589,35.80626453809866,86.665695788921,68.15653238075971,81.3911142820492,19.816382848580986,10.30438757098313,64.31926855527577,630.7796902964252,628.3366068210041,1259.1162971174294
EduCompany_01,Year_10,91.42870615381837,93.9527312335123,58.31872255381544,77.31560632271635,33.16436388880557,85.30131471466234,55.04616497106792,83.51401695274264,66.07875918292571,96.08015243174569,837.1656594362069,395.9456453148561,1233.111304751063
EduCompany_01,Year_11,77.78203750164019,63.616456045544545,21.001456730090226,44.380553636914144,61.454163857475805,92.7492125394766,85.6474880669223,50.547898863263505,53.266528645511634,53.27617864951699,615.9481185250205,757.3160646091779,1373.2641831341984
EduCompany_01,Year_12,64.75182085834453,42.417779070118215,85.75774485581611,74.87437642943563,65.04467130755201,47.122939425166656,35.15140473938324,81.39633480065577,28.986738024685625,35.22696518065621,660.2776074693268,767.9292416869209,1428.2068491562477
EduCompany_01,Year_13,17.32551189566832,13.277751450085661,44.39002872957881,39.616586813765586,29.03373704213688,70.6499579574945,19.82934603569744,66.03084304724705,96.93635777034383,34.64288012023147,409.5100111138696,622.254116960893,1031.7641280747625
EduCompany_01,Year_14,46.80543483432375,24.057855969785145,70.1822943506182,58.09656443177105,29.645415038787668,35.19007242115053,62.6953645918016,26.361335278095407,75.39203899761318,71.24971978144923,480.65909342620785,497.49075189329966,978.1498453195074
EduCompany_01,Year_15,62.376850967327734,30.259550579424328,10.62204932844091,22.504827536769824,90.15579190283144,27.01218228939266,96.56092003379776,29.26667494763471,72.56170654920969,51.85615978108604,517.8846554561878,628.944790345045,1146.8294458012329
EduCompany_01,Year_16,44.4910672578733,27.142238685385678,84.3034353947216,25.81579040619075,17.595177529942212,64.32638236409011,48.046783398342704,43.47597150717915,89.67549585505964,48.85191460777688,466.8641343517702,256.0034736703687,722.8676080221389
EduCompany_01,Year_17,12.735440953592132,46.48553917668385,74.62210972558644,21.64486007833024,24.595359246764247,42.05182503285626,27.12473792969837,84.60120775145063,41.595082670974875,13.027071910272323,394.8032866857472,507.73369289690663,902.5369795826539
EduCompany_01,Year_18,28.939620342470704,91.74591779281728,93.18158043895,16.76772232852626,75.77371779356257,57.14939707987415,79.96694135114873,74.48728634419298,78.52613577366276,86.63967703055715,642.9084691852894,392.9701423494232,1035.8786115347125
EduCompany_01,Year_19,52.93406242841181,15.672818513947558,46.00565881471837,46.5742202626047,49.38463063666744,88.03865174338607,71.39326970105863,67.79860317965388,71.57651456396292,86.61434379898314,526.6064967106432,646.6772575920816,1173.283754302725
EduCompany_01,Year_20,43.04674246744453,21.11017346925827,12.276053995817069,15.561634810123378,46.16199800301223,19.782030290732017,93.5746243762632,90.291160700543,61.32693400550222,40.97161504089168,420.9839769346181,549.7995253859874,970.7835023206055
EduCompany_01,Year_21,62.9590134138382,17.162565800342207,29.277407684861327,69.2279654459471,86.39263611150896,80.96446057280812,67.27827470728016,78.96223757725924,65.83440056569412,92.37547017273027,576.4491373869216,477.22197265977405,1053.6711100466957
EduCompany_01,Year_22,44.77296251232,97.26028423691386,32.708838697743985,66.68609024872111,55.088295090354336,27.088444829381757,18.500868148588538,97.94477320419112,66.15550698963406,75.10062374202475,561.0505019337033,689.2474159359288,1250.297917869632
EduCompany_01,Year_23,25.162545711278376,34.30736340213765,59.33110698126987,10.0645671322524,82.3621304999177,41.08656646327245,19.23398211036246,30.21676809720808,77.40281900521937,82.48695397072372,386.9516106386056,420.33190531177786,807.2835159503834
EduCompany_01,Year_24,63.94933090353865,29.199320567973672,62.83832964285368,61.15432890993625,19.94940701922847,90.9293760790292,97.23400553260772,86.70943385763337,59.88173227880923,60.13985904077907,635.9210183373291,381.1096902109503,1017.0307085482793
EduCompany_01,Year_25,34.95915420717417,95.79494076820086,36.15414110023372,89.66651422957652,20.269402178396327,44.63774383847083,64.88386970448875,65.86228628233926,81.94688153686374,72.51818981751697,589.1428936688629,519.9856956863744,1109.1285893552372
EduCompany_01,Year_26,32.59540329148274,49.12725651141897,54.43106431334345,68.7958116029593,46.116337174529,66.47042517414812,40.02523316456615,17.535270034739384,23.430132603283894,92.02895286860783,462.87016744153556,308.3006952482582,771.1708626897937
EduCompany_01,Year_27,43.447002037257434,72.79096732919731,43.181211472932304,10.233230224308954,78.64841527286339,70.78467281003424,51.66728510892984,78.98590079720117,75.43744650809305,74.00608334086431,540.1297076785283,315.13514784982897,855.2648555283573
EduCompany_01,Year_28,36.45868679426217,34.67225627496438,47.457907395694924,24.321956123219834,19.781757022128822,97.8762672658372,60.15896879715017,23.231866270869105,27.235132076361108,68.55727752862835,467.2587663032376,284.6326364183666,751.8914027216042
EduCompany_01,Year_29,15.241238660376274,33.83519352438691,52.28588977990995,87.7185925730711,14.633085743996109,31.238703701526237,30.566814039581903,10.968416099130089,42.901869838969716,58.71885695884522,342.47266211855145,365.2154734247657,707.6881355433172
EduCompany_01,Year_30,56.992327045136435,10.942862763737049,11.816099880898149,25.090660084613635,82.38190744759133,13.23843407442979,84.87403658387136,61.14507419101293,82.7508155646282,72.36911301795494,399.17963201850023,334.7027239392564,733.8823559577565
EduCompany_01,Year_31,18.443750629525255,18.59721638985775,89.1185457693205,41.23195176636507,38.59040578256429,37.591387356447115,88.19587177271404,40.775960233053276,79.06782310846475,79.6143279530763,439.778238097114,244.74507008801382,684.5233081851278
EduCompany_01,Year_32,98.08128931925424,79.05232332395589,12.891428974750356,10.66647236264101,38.57671011692301,86.50005835760128,77.99001236345319,82.98248290136054,17.370890189833766,46.43347339008795,649.6900935677501,708.6478326219385,1358.3379261896885
EduCompany_01,Year_33,13.68713286538138,61.786616418884435,65.49938954056027,50.92422861590981,67.28271060973015,72.24588531309954,14.433839074920698,63.87319075148332,31.855698088165983,33.485355242260866,407.10107895960726,248.73109973519053,655.8321786947978
EduCompany_01,Year_34,92.87560877688911,99.49273875223736,42.349281256220785,18.243405244482435,56.09124310960134,97.69541083011929,85.10487209022693,33.54728827899878,39.15551010038942,67.4271797413619,748.7129959060062,616.1225844563473,1364.8355803623535
EduCompany_01,Year_35,40.53251315856321,66.34408179523584,55.36644518776367,89.34210046037344,77.81607280592877,87.00935616262727,36.16616166867323,86.79177782595755,87.34269873518764,85.4658545439262,655.9116091461758,754.5553743168252,1410.466983463001
EduCompany_01,Year_36,37.217431604762176,14.01476262223343,67.1180533323965,84.52341690934466,79.61729880503785,66.74108040677129,11.875135084926757,73.27581171738512,51.192666939021166,29.6972332370194,522.652142571074,653.637740548008,1176.2898831190819
EduCompany_01,Year_37,44.40867988422545,33.671288528783535,23.62260048030497,40.27997337057863,93.23980298370455,20.125541473661702,30.18822402312692,26.790892084694736,12.131923282072577,95.52394604016828,380.95622680273095,474.4279084034939,855.3841352062249
EduCompany_01,Year_38,65.1387931137405,68.49783639118988,69.18021776436635,10.64270103782542,16.34866389583261,90.44921677229912,13.611680405181723,30.064745605115785,58.1488797097071,67.90950878467832,548.1519768135036,516.358433257732,1064.5104100712356
EduCompany_01,Year_39,16.528434007278676,93.86883772853152,10.123314581517523,97.93817146402945,95.11362960913465,55.210697837086784,75.40719766901853,10.381826514024668,61.987220659556556,54.15389140263152,589.3056695295236,792.691255106746,1381.9969246362696
EduCompany_01,Year_40,11.812273569199533,74.16068249726288,71.57964594575176,35.42645099364532,38.4770006770017,40.287239770972064,87.74666930758524,34.27152491559522,78.9992083527592,60.42434960242177,540.4916573357319,771.2950011752199,1311.7866585109518
EduCompany_01,Year_41,34.494814239414175,36.97049439488226,37.07105701916278,19.210078429182524,33.98770173510491,60.61782127477934,63.779126734007086,77.31244868341855,18.567781062324258,30.2166376376578,410.36660199713737,487.09641949451725,897.4630214916547
EduCompany_01,Year_42,24.822909128367037,72.36943286568376,46.434598573268715,15.47209892279773,35.05811942547285,96.60889724229372,23.530077850639774,85.36811017743646,31.004082112286284,80.26442936743037,429.87807817922965,268.92064244805755,698.7987206272871
EduCompany_01,Year_43,12.803502812186505,10.855221225482278,52.456011524364314,68.2397735372077,79.09166628023998,33.67507383171707,81.40129356554397,37.06706309654129,87.16076466701426,29.257813310260715,420.70297479407776,600.9574347632931,1021.6604095573709
EduCompany_01,Year_44,71.04913877639905,43.24261460820607,92.06025075448022,26.181072360461062,60.883496573017275,96.06614506478616,33.58071992074943,87.67359520570697,58.554351521092094,74.40052083015652,680.5879892807561,399.7962124549016,1080.3842017356578
EduCompany_01,Year_45,36.039584842195495,26.923567399653678,73.66443759334715,33.22021155780989,19.507044447189593,87.47013308333008,72.75366619840449,36.22222992501993,63.12549683765453,59.18049594999573,439.0374618965783,384.2972901229047,823.334752019483
EduCompany_01,Year_46,38.353276459262915,94.86078434823865,55.35612212973537,39.51609990932897,79.04333444692433,79.49476083722877,65.62342167324758,47.27434521460321,71.46192104797544,46.107219443112854,657.4793500594486,293.2337681900047,950.7131182494534
EduCompany_01,Year_47,55.82802747260642,22.774306533784817,44.75599014567013,27.6939655158645,66.51284879187222,52.796729127800816,77.14411054766005,99.79361807045512,50.7482899241886,48.170866079105615,565.9701338569375,490.55146462250497,1056.5215984794424
EduCompany_01,Year_48,70.96193913339758,69.61089021004025,36.10072395993124,70.71979809895775,60.63298334545389,98.80628386812353,82.87000331550108,82.54939165623756,82.09009414220398,12.295825691752897,733.819332941122,309.3781005046331,1043.197433445755
EduCompany_01,Year_49,53.845988208451416,49.47507738230189,58.075873959763,64.84794860035421,50.474671294996625,31.82849482102275,94.00093412424344,94.35712408944394,51.85778784628806,32.552684709301346,649.1389955827542,312.1503349748315,961.2893305575857
EduCompany_01,Year_50,12.877300502848648,80.76105921948351,52.12882798040978,92.9310305558268,87.8118490324812,36.60462242972285,35.12709698374353,32.813504329978414,43.69382031096122,43.262209522381276,502.34884276302625,217.0748734181121,719.4237161811384
EduCompany_02,Year_01,29.20256015220238,29.84907659499851,98.74424445829028,56.67936720368136,72.35139396293513,51.41695919550915,57.72718279049923,59.00937458599972,19.186205232924312,16.620840268075852,565.8480721117002,370.8431872107608,936.691259322461
EduCompany_02,Year_02,50.25992372957749,92.95570984839898,69.87020395531889,32.68593214088152,61.307886916195876,46.04099197348372,73.35227752767723,22.6005177651574,19.052216697945056,32.87294234471676,545.3959689424705,303.9088646705603,849.3048336130308
EduCompany_02,Year_03,70.92115455180867,51.13681949103554,25.359967108996294,32.175830711678884,77.42259212292839,18.44303566398758,35.32712027233757,69.6210127424685,64.59751808633393,80.51273994460941,506.5302470233017,534.4894020550518,1041.0196490783535
EduCompany_02,Year_04,20.62987072208294,92.63415005165521,29.464257760289396,85.99353136464684,85.14375945852296,27.848788017259963,23.324146895183944,55.87952636099781,70.1470310869542,11.923701916117608,557.0133079666911,723.7977160431659,1280.811024009857
EduCompany_02,Year_05,81.16175359615075,96.42455215496237,76.79213926420601,94.9696383083471,29.179636311817173,31.80071867796359,13.26500387277081,78.08467838829185,28.67031816789348,16.881971934503476,710.5141187746366,475.0967065572291,1185.6108253318657
EduCompany_02,Year_06,22.654358006899123,10.921749756807227,87.12459563805376,20.584475699174973,41.527990666147105,76.97810512425181,46.196237634238116,80.95321783580188,77.77295410392264,14.051519264346341,414.4152699017255,386.0123871796398,800.4276570813653
EduCompany_02,Year_07,46.39772530937522,75.54772769062143,83.25012550280408,38.92191885389899,25.144161978832397,73.06799890942435,23.72810128319174,13.31151014419008,52.64849501957886,47.17334061156734,549.8415671467254,388.0217383631981,937.8633055099235
EduCompany_02,Year_08,87.17315169939874,66.95160781270323,94.87377207899759,35.00166112936232,83.02072750368734,45.966829675832635,36.417149492606484,16.27382100188852,45.927234328643316,73.82283765887419,683.6461557720096,417.930368543167,1101.5765243151766
EduCompany_02,Year_09,41.254296554791864,43.5944373481384,29.87279641083327,54.00983633430538,40.88839990643713,20.254919627766377,67.36503378742145,45.32791634017747,41.70152034173274,96.88863717476862,483.6279901385218,323.89929842791014,807.5272885664319
EduCompany_02,Year_10,61.153675884391454,80.36278275475298,33.20073105817177,37.62779196715606,26.02086597397686,51.39176467560976,75.91717544963693,16.42582161387682,84.64474052769552,66.25754400734927,574.7135555040379,560.3807977824628,1135.0943532865008
EduCompany_02,Year_11,29.131069579683675,53.8618402505465,75.06496596166441,60.531232454132365,56.24382318851529,36.19253967743179,73.00642707596356,17.38213188346091,10.37484427035491,68.30426622499525,546.6858519791106,533.2501930544261,1079.9360450335366
EduCompany_02,Year_12,33.49627318108607,31.846654914108406,74.82268424368603,75.15317993109973,95.3918194212483,45.82910361155766,15.071981044802772,32.70782643318023,34.29910578605367,39.36642266897971,509.4479650004788,568.7147275858028,1078.1626925862815
EduCompany_02,Year_13,37.05461820578481,48.04537468479242,38.97109929079731,14.404835849194173,99.56560971204173,64.62204884671615,58.45574423217207,73.6890711855014,85.20382163864541,61.574111175964795,545.614719982656,463.646900524458,1009.261620507114
EduCompany_02,Year_14,42.7234718168643,36.73472927424545,87.16522571593019,52.62795885807568,15.876733751836547,45.753882740860234,72.4012023533873,43.38218699495977,55.3052346306046,96.68434896062095,542.8846255280786,796.7362197986066,1339.6208453266852
EduCompany_02,Year_15,55.296157982570826,23.896909390085433,36.311349402970585,70.46194982896273,53.079494404099606,20.82075443183111,83.44546994060462,94.7739421781273,44.179260698846186,64.25337612073317,511.4847513530256,352.2052749805487,863.6900263335743
EduCompany_02,Year_16,42.10552975079961,82.52412836791684,38.511245957712404,40.75269048992686,68.92004783661042,18.917211860506974,66.01467067765894,70.0378898700938,46.39714666484724,43.96393649529234,522.0691276085402,771.2725810910226,1293.3417086995628
EduCompany_02,Year_17,89.23896911350236,44.10040379172539,39.397861904016295,13.120363335638782,74.1271060182904,13.290422789496903,49.92891316800932,39.195371093328504,67.23170925804018,34.497661360988516,507.72024790862804,794.3547767191653,1302.0750246277935
EduCompany_02,Year_18,97.83798203948469,77.24347118281929,79.1238305824409,52.40627514576,71.07215195287438,42.058249011742376,47.56561349904242,83.6114364853887,88.09666101512354,72.88735132285598,810.252926635377,251.46355821280474,1061.7164848481816
EduCompany_02,Year_19,50.2783927351371,52.18076662107787,77.26990786975212,27.829984421070357,44.466393740820095,64.92511752696069,35.55905715117828,90.9348802817867,82.67456202671184,97.46229541968756,576.9054991255912,320.0205174004303,896.9260165260215
EduCompany_02,Year_20,16.39102238727173,96.80045872775389,73.85049879926198,30.655563924379056,98.46856368856444,99.62915168422582,44.25303320632331,43.22388240449865,40.26437853482023,12.76953225727259,577.4484772438747,740.7287282324456,1318.1772054763203
EduCompany_02,Year_21,88.23184281595965,38.885859844795306,46.02405305275643,48.55091090862168,26.00104192451259,62.3127695117603,74.98464449642624,65.06728465419876,20.84311345302953,19.30342441013272,631.7788871098087,618.1817026141954,1249.960589724004
EduCompany_02,Year_22,47.607524329942535,99.04243671478778,94.63387681390499,24.392045446231,35.85478411950841,26.100923584289106,28.87072249839521,99.88781801206878,74.54171037071292,40.683322189604866,679.073178395651,451.0422812257942,1130.115459621445
EduCompany_02,Year_23,55.775315852402066,93.46084427585804,92.67755639637453,47.73527653796765,35.824812161188895,13.162386361987814,56.05283664254316,51.636927256024755,57.53869847298128,22.61065161814045,680.3497201330646,351.6592119291146,1032.0089320621792
EduCompany_02,Year_24,98.70325132057673,70.08367569130317,85.34920550464143,66.85874509409992,65.52165247286412,34.37356519583531,69.48368852167252,39.08083411116507,16.808240763162175,90.76103113113118,777.1114107317777,777.4889098156149,1554.6003205473926
EduCompany_02,Year_25,81.99181374846759,15.05335695913514,67.33752864316594,74.75432984178768,86.55899459866876,83.43985503424936,91.70689491488407,27.852013831432057,93.46014810071841,89.48007803721731,702.6851518791323,274.46249822493127,977.1476501040636
EduCompany_02,Year_26,34.17353008702861,71.60691430330044,76.89056624587853,53.96290634062655,24.982713632396354,99.15864292308696,49.13201647804398,69.41234370013373,65.91674218518264,81.38804338011052,530.7974094728787,384.9664775611168,915.7638870339955
EduCompany_02,Year_27,66.73195160908442,76.68263933502438,29.349005686293026,21.0410912069539,55.84260485895492,85.35794260057727,40.199746613175776,77.12705014427961,79.0936410093684,80.77717564992211,589.8061997842823,671.4322333317717,1261.238433116054
EduCompany_02,Year_28,11.54238472163456,93.42942396153002,96.52419770678834,23.52575092913199,62.71709430363134,15.167568901059347,24.024448241123157,19.802009137684205,35.26905148920242,70.08681251421827,496.9372507636691,633.2339760641946,1130.1712268278638
EduCompany_02,Year_29,54.29819341422621,24.354149926274957,61.48784184082111,34.07108651014092,26.57924808156503,38.65408751369107,32.06758463318239,23.011865933549092,80.37111129083875,47.51352711677518,428.60939499135543,278.2279403430441,706.8373353343995
EduCompany_02,Year_30,74.72852929337887,43.771081416572194,60.52971750967905,96.5428135306787,52.61128533228671,53.040982661402246,18.79695842622986,31.986159282028385,39.7452049767313,79.69672308264757,596.7997984129045,337.43654645943343,934.2363448723379
EduCompany_02,Year_31,95.7725411341867,93.31086728110242,24.09809520575837,42.76322111605728,31.550369327415673,86.58457856447714,65.69233324925429,45.72645954838581,84.53533792747925,87.43770667629069,716.0915158613782,233.06399087582363,949.1555067372018
EduCompany_02,Year_32,44.98227122228766,40.14613251410927,42.06189178904198,71.19177835235587,17.545662729323467,61.37266766004194,13.913930446381217,37.181825365914776,80.03398827960457,40.71896090022089,446.85221246324,403.53414724296795,850.3863597062079
EduCompany_02,Year_33,67.88028722564871,47.73120367952067,66.82162362166528,24.33922464410766,74.35437160547897,94.26507374175159,36.54936928604252,57.284068688008105,47.76832193718914,65.35080079301886,634.0354249268943,571.1902583208065,1205.2256832477008
EduCompany_02,Year_34,38.07264601661173,33.930933479265846,62.88584564675909,67.01104211774711,94.86250222621173,23.41741677903783,34.09480493035956,61.31694046276529,68.7576687109841,70.29114469542924,511.2590562302057,410.31249151860425,921.57154774881
EduCompany_02,Year_35,79.97089418602049,43.009476351527404,32.19075418351137,91.6708966670547,91.76989350532598,88.74302044140472,69.56712815649125,16.951598240669906,34.018071354391864,99.56506381861568,663.0341701660635,327.63772545456806,990.6718956206316
EduCompany_02,Year_36,49.71724581185852,45.384726530197305,65.96244781382933,14.827769660047743,21.95957292400915,64.68284434775717,48.82303468631147,79.86322390874673,95.8718296933621,51.3549824333545,546.2130290563512,290.82467895586143,837.0377080122125
EduCompany_02,Year_37,75.50313025552046,56.04539472217519,58.89993750826208,29.98149618649002,36.31614440328478,52.257933083275034,72.69036284947235,87.06487383024806,55.454365034299464,75.36855296378481,576.8184185400245,364.8417528823762,941.6601714224007
EduCompany_02,Year_38,67.59646572468658,62.90728944390706,78.95354120197602,65.21585399681743,30.108493823603204,67.0766687001433,74.22331011435223,25.61104124697342,25.48849329894468,14.721637877846616,681.1636095932129,271.3170458734203,952.4806554666332
EduCompany_02,Year_39,57.78414815350518,16.897205532590057,26.414081261068983,94.07905926594067,66.30098982437522,48.17633891068296,56.15820681972552,15.918469790536673,57.31270381205287,84.45875171055519,555.9966494560971,277.60039315741744,833.5970426135145
EduCompany_02,Year_40,17.196881999888294,20.40444411599058,13.820038768941863,87.47675698486299,52.88040338545678,24.89125468929859,41.66064840173577,17.778646743541817,28.07869519663,69.54398879212019,353.9761078995136,798.5691015378992,1152.5452094374127
EduCompany_02,Year_41,60.67823742742147,45.499417935047305,31.09372988306829,93.99011962321694,56.24715628772035,52.01740568063309,24.81658632480236,74.28867685429567,87.64934567561347,66.726027534137,549.935375428257,297.530225251808,847.465600680065
EduCompany_02,Year_42,10.4687719396483,85.12407734850493,72.84105046275977,48.29390140611726,87.50752562913178,57.986163635614716,97.55117809942799,10.59462667679594,28.191052610639645,28.048369866969143,539.7581260569116,500.4663059873775,1040.2244320442892
EduCompany_02,Year_43,80.12172141435173,99.48812441698561,56.528006912270406,34.95921868945743,92.58964996952682,66.22100629583242,42.48513524027248,22.787585301287685,20.526437131504817,88.14706443790814,707.5580230803884,688.9205486789504,1396.4785717593386
EduCompany_02,Year_44,30.118388111645714,27.98390989992738,40.55986494861668,93.15673641804031,56.61285029957628,57.042222962960345,62.39434859264836,17.728102211973944,27.361605845336385,41.57219761475157,503.97758170341126,557.2494215000372,1061.2270032034485
EduCompany_02,Year_45,61.55423666933234,99.99758842654765,12.942490853535258,39.427480922695985,10.804735458411933,23.461123359021574,96.80168084477594,72.25869027208407,10.247987005918734,68.67701719635687,595.170569479417,390.19113144781966,985.3617009272367
EduCompany_02,Year_46,41.659938811781004,92.59500675649659,69.22150137992284,93.65031990185506,14.416844439037868,97.50425986608256,45.80463189781089,89.79069326495602,30.53984687003427,92.52376612110758,680.6091921895639,676.678949324772,1357.288141514336
EduCompany_02,Year_47,46.34530448067778,39.28507951124812,93.68700056620523,54.95226621659989,47.19657497157385,58.02330418611899,88.39449538429754,13.409542766272178,82.11300580863622,47.32375427392967,550.2596358775394,365.63024051541345,915.8898763929528
EduCompany_02,Year_48,22.99216433471166,93.60429287817315,37.26309477290235,60.731127592905246,97.6963053209136,68.99162833845803,71.18750561526387,90.97909455467435,81.227797791508,66.30166257366923,628.8894095279646,706.2662060173766,1335.1556155453413
EduCompany_02,Year_49,80.31001020706044,68.78723464620194,69.04053965173422,80.5273533058275,63.80703918794835,64.85074811523349,69.2643825304419,41.703821856716246,31.98494286722854,75.47100725900185,711.6292816227617,612.5917992841056,1324.2210809068674
EduCompany_02,Year_50,96.54515527299912,44.48422260007664,40.48929856689631,47.66061873706141,29.53158599834679,19.387772542292552,15.996197867280722,88.21625693563193,88.7909067804039,99.6574112787956,614.7494651742642,341.59982312251515,956.3492882967794
EduCompany_03,Year_01,22.63435501540065,73.30105755344259,68.73434088760081,30.211162833159317,92.89834208169862,69.2520176777575,96.50112276254168,67.8181215539391,11.636247363451158,15.984345321554354,607.1074128082381,659.4032091191843,1266.5106219274226
EduCompany_03,Year_02,30.332955285480686,60.643253174394914,60.61245900545326,97.91094334202668,74.24136196434962,86.1891497537117,57.30994623998035,63.18689714123519,28.693732621384168,22.508306104202543,618.2591637462618,756.4692166214206,1374.7283803676823
EduCompany_03,Year_03,94.85870190142884,96.37367134110454,62.72560508905524,43.122334977119735,22.832965943974607,66.1986460411415,41.138216665638325,43.73924806565518,98.7416211590502,16.647417973022254,796.3247269690733,741.3916916063188,1537.716418575392
EduCompany_03,Year_04,44.2897357114599,88.95278572817881,93.6092144976462,58.51738865576449,57.483024368986875,19.799461178375267,52.315102414906605,11.43032080379916,33.49901154191835,95.1038293528722,602.7577206847926,284.13948342068875,886.8972041054814
EduCompany_03,Year_05,48.7215205186779,89.06225620834954,90.0868824356303,65.1198340583455,92.93579900759107,47.32973054844381,87.36504816003837,17.306450200761773,70.0888731123234,55.092762330865376,755.6689120914153,581.0261760961741,1336.6950881875896
EduCompany_03,Year_06,86.89039670990084,40.57893985713371,17.536175852934505,96.35008660892393,81.42131685496044,40.60202654265059,13.641380267126559,12.389821765583774,58.20137141795241,79.1127415600256,575.2484682610085,720.1321273813733,1295.3805956423816
EduCompany_03,Year_07,31.277489590137062,37.15800088676719,45.39198061031383,85.4967450225155,39.84329563648512,30.61616598116285,49.43090789973966,77.41863779135105,65.29335805491073,94.50063686140825,480.10636224819444,788.9398197217922,1269.0461819699867
EduCompany_03,Year_08,82.01684610250359,79.9634806197945,37.01910526636814,33.20759945317714,70.43760717887926,11.891319340695775,93.88389018895391,64.76544699337599,56.69284469192155,78.1842724425301,667.435687358493,622.51830322498,1289.9539905834731
EduCompany_03,Year_09,28.466582361512625,66.71066637011887,70.03802278795189,16.957262214865146,37.9592092067638,60.01243688084341,96.073813131846,82.08370667435108,76.70726833056037,22.184723668352316,497.0292214772054,654.618067512233,1151.6472889894385
EduCompany_03,Year_10,28.51123298451143,58.39986815106386,53.824683409119466,63.59746306084519,86.10405121866629,45.726914532329964,86.03616643274626,47.51304309006398,52.88715676716932,85.86260735188345,504.3742678284045,336.85504294691475,841.2293107753193
EduCompany_03,Year_11,72.39481471565227,84.37363199064357,19.02727756721235,19.126781813913745,43.98278290109609,28.217276361158877,93.88419659507947,59.475615469860024,55.42895495123883,86.58097979109763,598.5119394255676,554.3589901174679,1152.8709295430353
EduCompany_03,Year_12,71.44335182723273,43.8853508727519,72.29734880939327,68.82195623876804,12.96496933436314,80.69001000194875,21.634141015878722,17.978701903643195,62.10870227243686,97.79635019079713,559.03218769626,347.7803928076228,906.8125805038828
EduCompany_03,Year_13,76.06537577477056,63.30869424955438,75.88654492808988,39.74755657940189,55.77249342108072,92.5632294915288,94.96898970607984,99.56297883228139,35.52096300105541,92.95808634253481,697.5964523346677,359.9107074980833,1057.5071598327509
EduCompany_03,Year_14,23.997158958702144,42.41126483786885,33.723090807904,19.01988674882294,55.484780306569014,36.306608473136734,88.34982224651263,73.85554607049157,68.6129521361542,71.70896147370853,404.2626537909572,217.99259921194005,622.2552530028972
EduCompany_03,Year_15,25.41142611816885,56.479314452983786,77.64322604833117,71.53406448842588,21.089138384585247,55.45094013303679,47.493388082138104,65.61957067840574,72.65785419941892,49.21682717149852,518.158597110799,244.3355898717644,762.4941869825634
EduCompany_03,Year_16,33.85634677025935,15.635460740345332,13.248248421923078,35.75755125645108,25.205324155979177,57.016679622021826,56.180893521660096,27.211879228732904,47.1395104589194,40.40547296914536,279.3291001325492,505.932411773222,785.2615119057712
EduCompany_03,Year_17,25.35327853525778,76.33994135619575,47.1697785427913,88.70458644019959,64.36260768723895,74.6087803775637,67.75237612564244,62.404643670666914,17.404326061582598,80.29108461317365,561.3340236899929,652.4559305267337,1213.7899542167265
EduCompany_03,Year_18,65.1382680026545,36.76600574439979,10.917689046714099,45.12648051484875,31.297333568512073,86.44737384882104,88.37417407728717,97.87487535501761,63.96101077542382,35.05709068716266,505.06875898133484,641.4897270732201,1146.558486054555
EduCompany_03,Year_19,15.110621303116648,89.42738365151992,15.97248148269394,29.43859981406227,14.368634629740898,19.524747201257412,24.250273810523353,55.51835250566519,15.153238765518342,52.29478868201065,332.6107987221277,506.20819490381257,838.8189936259403
EduCompany_03,Year_20,52.78246971284722,41.36614127200714,33.90706661405377,24.016851316352298,57.01593179699067,45.10771799701072,90.05527821713265,90.41056329435546,70.22806015269924,92.0162531677831,511.60328863274157,702.1624069074194,1213.765695540161
EduCompany_03,Year_21,85.67156576141859,71.05273894373124,64.27185484249036,30.93197541896767,74.34165959340999,76.45197672128036,27.837313465800843,38.971280595294616,32.06097097657463,58.757509330257754,592.7592867076099,659.2479824331931,1252.0072691408031
EduCompany_03,Year_22,89.68926189462722,98.60069892291109,66.24480533474488,97.97287288344039,35.15173970351093,75.99783862050367,71.82745231602408,50.54961831131941,63.99859950572281,38.02014252049345,864.3147696503735,472.1502551491251,1336.4650247994987
EduCompany_03,Year_23,61.901809969952375,13.055003643666518,37.535695258115354,85.56900900666348,55.136909388048345,32.844133081886085,34.31329734997088,79.34440251896933,38.91560332724453,73.89860544223083,518.5223581501788,387.37362572089506,905.8959838710739
EduCompany_03,Year_24,33.150973775922154,26.531546450757848,65.8720237639236,36.32382703483209,21.550751707169837,20.786983886834772,52.38559394398879,13.55253490274006,30.980401659124354,74.8493481829016,397.95115720251863,228.24191208783236,626.193069290351
EduCompany_03,Year_25,32.19523826305898,82.30678640743915,19.72593023011426,68.20478396416615,88.1392883727016,62.19023289688126,60.531997902122846,51.16143653769083,69.57748912986892,59.61631137517197,524.4957409129597,626.4632047957759,1150.9589457087357
EduCompany_03,Year_26,62.72395763557953,18.2547522373212,42.549214533945246,14.39209448757389,28.877961533239297,12.573471963556507,19.555429770563844,13.7540690025092,98.64031655791511,74.50605161875615,370.1785400870421,512.3056325727637,882.4841726598058
EduCompany_03,Year_27,68.81487152293873,19.493875422993924,93.66167246876479,39.464187839396295,86.85914778535647,88.40376284032507,70.0998534377474,50.67412421667075,95.10052834907007,60.32579439759848,652.3988598947218,634.7323415013607,1287.1312013960824
EduCompany_03,Year_28,95.87817431247029,48.12742380506694,64.25464611515957,79.58700736864508,66.3869045211918,60.06804743351174,46.32354365701838,72.30662673753554,65.93983438696367,18.808985496520187,736.40715321823,665.690406930453,1402.097560148683
EduCompany_03,Year_29,55.02532607399513,60.73891184261869,62.09820690575842,56.41866442612143,91.67687524355638,40.449049481275324,78.5428987888944,71.09364078491997,88.1574670471734,76.99451690529307,662.8635288729433,392.5653151634158,1055.4288440363591
EduCompany_03,Year_30,30.213392559700132,72.12628794395049,80.91738672043596,67.6048552920713,74.9164513999366,58.17065777706306,26.640602613407033,52.87204815753495,76.96779811613257,48.20727355405658,631.6743374155718,288.7282496930118,920.4025871085836
EduCompany_03,Year_31,86.13171754305306,47.0826062090739,39.27847768844413,88.3344652518918,92.06709793539996,79.56479611834511,55.10238632040382,33.167240139026674,14.148476841172224,10.479933854980246,724.4860757757358,537.8611204736774,1262.3471962494132
EduCompany_03,Year_32,73.39819383912908,77.3282729760045,92.41963555772703,94.80168153740395,77.15182940040039,40.4370976518906,27.736426967566548,36.17387799919697,94.11428947296847,51.66121684417719,764.457697803803,786.3106290840042,1550.7683268878072
EduCompany_03,Year_33,50.05075693341972,94.35998410339482,88.63448642419323,80.57802197955579,14.739897810560798,55.163354741165634,93.77810342990357,56.8967494480001,13.56897939986677,76.6590255234342,694.8529220781114,512.3905304967025,1207.243452574814
EduCompany_03,Year_34,82.92085663624198,25.013955372709095,17.412755981431292,81.21318512437783,71.27447620264992,67.95147105324082,62.78575968414,16.073413342738455,93.14030888654293,12.798097737802566,560.5766084452997,441.36763729084817,1001.9442457361479
EduCompany_03,Year_35,81.03923375073416,77.08900209587595,43.33190682525445,36.65249849776629,68.59260167823112,76.51928909190703,26.782868278204415,49.60626104670537,36.973186731025734,98.95239631957575,661.2746105779405,484.7817688759713,1146.0563794539119
EduCompany_03,Year_36,35.66058991062641,63.100887282966134,44.98800498662504,40.46090921508042,46.81646122256607,72.48660505737165,10.16861502986248,55.54693772288453,72.8902717056789,35.1858893306868,519.1434710919726,204.6126287383886,723.7560998303612
EduCompany_03,Year_37,84.59333160571568,48.71762898389677,79.40492585720992,36.383141707209205,25.27832231876056,13.621404838900974,53.765234492620834,96.90868036357014,73.84586404642681,78.98625666237794,596.6050823079239,732.8954072756718,1329.5004895835957
EduCompany_03,Year_38,68.63803866839247,48.021834296100884,99.57721078120179,99.76288407229815,14.851664529405598,67.23636958898969,51.17904821431192,29.393772875761687,52.99689102272192,45.77396923169928,623.2898365688526,589.0574021356113,1212.347238704464
EduCompany_03,Year_39,38.4158078623543,34.63335306022067,65.90252260991826,25.63211879992464,36.50679409441767,64.7647295246504,70.63157580823139,55.76791992067971,43.554448084288566,39.2319044855775,499.01276395735636,746.7158404201513,1245.7286043775075
EduCompany_03,Year_40,32.33958672306305,78.89271957127976,54.365387728342256,12.58014989403473,14.160600455985339,59.03557460036089,52.185724217323774,42.80032396990886,12.641594084017257,46.79155754439388,479.42924723836677,717.0739517136388,1196.5031989520057
EduCompany_03,Year_41,58.012248227619295,60.78765837892624,51.82937899680612,19.12297302396239,97.42190969281174,34.26178671422398,82.91111874004702,55.03443322715676,39.47730974373319,66.89835380093106,591.1658597294526,463.2700927356934,1054.4359524651459
EduCompany_03,Year_42,98.55737209540979,86.71273406497086,97.88000197912241,95.2386865157917,65.36786002943566,43.29255462620214,57.27735037261367,57.26928651537294,11.727441823919124,28.897078903083752,843.1080813253309,629.0337308418186,1472.1418121671495
EduCompany_03,Year_43,67.32935198429351,75.7431888080254,79.77215007331434,47.27005581552136,35.936162705204836,56.94185413554545,85.92606407393608,18.61958174569324,71.78870798243811,51.933965711328824,632.0374414343538,784.3506379849484,1416.3880794193024
EduCompany_03,Year_44,44.32020050410758,29.47178633003038,12.539801991071439,72.23590858913438,44.927509345315315,39.791198571368184,66.0677866800955,51.59187269348804,98.4150426252509,17.52462209536388,480.1887441424234,652.890057245616,1133.0788013880394
EduCompany_03,Year_45,99.38063223488555,67.71533061387471,65.35326086181432,97.49176399269973,79.35172357488086,19.43864929098109,78.90347439971349,82.50428796142936,47.20980074415466,18.15210979641099,839.8623781865242,598.3804108505857,1438.24278903711
EduCompany_03,Year_46,78.27649400382417,99.40966346155842,44.20198989495142,99.5160948114003,41.83996153723137,23.857012160854445,73.57155430301029,34.077593035775536,39.81157295148613,63.615128987586594,739.8439230472693,270.2766888596122,1010.1206119068815
EduCompany_03,Year_47,96.36048648727692,49.81606293361084,60.796116208488975,19.456137444618243,57.68262551836522,20.762302639181804,32.61170770708845,96.2086738854482,91.94261172934063,73.76081191279206,632.7746772437669,390.24522691361096,1023.0199041573778
EduCompany_03,Year_48,97.14801273238628,93.01739014506879,29.55973404914117,75.07852307052852,23.31906567703963,66.61156790732315,63.49460394462445,15.981846556314553,64.27258296363075,86.30277468035328,693.7421732960862,458.6186853442743,1152.3608586403604
EduCompany_03,Year_49,25.764178668280607,66.1698551083941,35.18255740800144,27.147647968729906,65.77646582078287,55.55068384914255,99.27880865333351,31.16716001242409,88.00811189894014,15.171365751697842,530.4584874748115,463.36877179550186,993.8272592703133
EduCompany_03,Year_50,62.977260204316856,74.28108109848084,77.15089306182219,74.54905346245488,18.583586539982456,76.62940935009557,23.68814791238055,59.68836388038372,53.96912348624515,97.06560335875488,628.9434268980973,586.3744138234963,1215.3178407215937
EduCompany_04,Year_01,13.439578298676103,81.35056337576093,81.06846619415548,43.15632331100547,32.526328761727626,77.26420200840852,31.688436103165845,39.64958594329772,35.18159249081651,37.247035943892485,470.1160251109858,585.5529922416672,1055.669017352653
EduCompany_04,Year_02,48.379927295913355,39.84112000167576,57.27324755295428,20.32712574599851,55.967505899660125,89.05464921470923,91.85390959498551,37.59171273565694,63.29514060714404,71.70802852484138,531.9624510440276,769.3519295981173,1301.314380642145
EduCompany_04,Year_03,95.43115416825215,48.28742157906041,56.40542440055478,34.368987189748566,10.332667781002842,98.2896977118725,66.43242735952933,90.22594864459882,70.85878068831505,33.90072267509764,684.9399412386337,283.31247531115935,968.252416549793
EduCompany_04,Year_04,42.34714668188431,79.18858159725444,75.55238774826283,20.302751002273972,90.1823209163187,93.80628741294197,44.23775527537617,21.846085154206474,63.87051587859998,14.306794631589671,581.605520683753,333.81547262832464,915.4209933120776
EduCompany_04,Year_05,32.74540368787904,47.29289963159813,15.831402727538677,27.660027943279506,10.296412271564668,40.308580212553274,92.40164086838458,33.53765940997981,12.536390274610357,86.75343799868558,372.66827397874266,760.9397598288051,1133.6080338075478
EduCompany_04,Year_06,92.00132580625842,30.618995755703462,51.65697289348124,55.75060143641799,20.872439661404307,71.49715703450721,77.74346618363278,90.05314824401107,13.005425775828407,70.76166725868983,644.0704508713343,697.9984092582388,1342.068860129573
EduCompany_04,Year_07,18.75501505318771,25.580633840015462,10.362682813200394,77.51186117308501,61.94107301387302,72.5884952736289,46.01818182066038,75.62083504775076,86.74411279669448,40.38844336811578,428.5695090805259,540.5826862599056,969.1521953404315
EduCompany_04,Year_08,60.54408527097664,54.66462583996167,58.10622568895561,49.81153032102633,78.86892374550989,85.7189238131526,71.83168456142221,39.435223240235004,37.629855235882374,45.63893239552477,680.802965233316,561.3299378058041,1242.13290303912
EduCompany_04,Year_09,86.06455394837822,59.78654611496613,96.65778963303514,15.237270597048315,26.390006567487394,40.88500508371153,16.4202084596065,60.73792240103285,98.16323146573326,43.20263297210272,639.310681769588,411.91649226245977,1051.2271740320477
EduCompany_04,Year_10,31.1225291491634,48.80949292801155,18.38697803085217,62.820091605855644,92.54696784384952,41.78593016800451,13.376729718372623,94.73657487525415,29.84380357181285,17.607921458515385,477.20778727779856,703.4864057019975,1180.694192979796
EduCompany_04,Year_11,52.764183079057496,62.70211835945777,28.908506507354346,66.27547842291644,64.22142608668712,92.11508687398769,10.933468306263665,52.07434864477905,75.88383423560428,85.65161849662101,525.2410657759333,733.7261310912226,1258.967196867156
EduCompany_04,Year_12,70.62159289628724,48.24693875216271,14.961058502573772,93.50848047080422,85.36536229057383,51.56173548886907,29.7567106291293,67.40556378006349,83.02970658052742,59.23115247303743,649.9548272547173,405.07668904315597,1055.0315162978732
EduCompany_04,Year_13,73.23692093417432,43.81786714848045,35.544371199450524,73.29941562066,79.59914805347861,84.26928525140175,32.138071797393586,32.06958512368335,90.7482723712406,13.18545194123137,616.4424986856261,770.0378910450061,1386.4803897306322
EduCompany_04,Year_14,11.915276690422798,58.32659737674742,48.457348559060115,70.74264610164357,10.499943476806532,71.63846984961835,54.96041687013797,58.660642739952706,63.769906883875805,74.6819079957266,479.53715039472957,730.6025205382464,1210.139670932976
EduCompany_04,Year_15,81.34247415162272,89.7894806982048,32.281109229328706,21.435763448058903,34.9579225745922,73.7538862206991,76.08189820855544,25.219936841934253,28.64027798509126,72.6321614768016,660.4897367638927,663.6199873418152,1324.1097241057078
EduCompany_04,Year_16,93.63171756658154,88.04564965483684,51.026727062833054,36.36774439389703,13.131857684898671,61.21252949140716,43.71433642056922,87.2438621256609,76.2611122656025,97.16381691012779,688.3689976929151,393.1879328990144,1081.5569305919294
EduCompany_04,Year_17,40.40996076023736,48.80328867360277,72.15254327439868,33.880661217645056,26.61778061647049,77.10974311681125,35.55157372374384,87.54178517586871,83.79247572252405,46.51178122082404,480.39734817984356,777.1077822532108,1257.5051304330543
EduCompany_04,Year_18,23.64305043630878,39.484320073456416,32.30147985883746,64.37991034984282,34.38736358850146,55.83062231066202,24.36907337341713,99.18755471902936,14.345876407708673,44.9059195231276,449.61928493752976,397.22353910225286,846.8428240397826
EduCompany_04,Year_19,47.0690315534725,41.12273424303561,42.459944744577605,36.31699242226396,40.67773278309491,29.45899645363511,66.24325522988414,91.92749757989542,65.47913172985467,88.20890640470006,474.68228603552853,600.6040345251661,1075.2863205606945
EduCompany_04,Year_20,76.25698018246644,57.30514969148038,76.90336226175779,73.07079624763419,65.72448764913875,85.27100533359291,99.36020002495064,22.826935497247902,60.52761089308555,50.479161168726556,735.7742208642436,758.426128569579,1494.2003494338226
EduCompany_04,Year_21,69.08949020427534,53.882331344601454,70.11155876344066,88.7740721681809,29.056323045408163,53.89706420599838,42.556319742174615,24.254354226338847,70.8944780670825,58.32854854809119,580.0507702304681,472.0781605377816,1052.1289307682496
EduCompany_04,Year_22,38.075856772637934,29.546182615499884,89.42659930369528,44.78992272558075,71.74562008058633,59.45189359343571,70.64610172186957,27.640207976968124,54.43724197953437,35.32868992364037,583.1799892779254,615.2741860831703,1198.4541753610956
EduCompany_04,Year_23,16.560633228346568,95.12609639446312,42.3417463274406,14.352635237658887,89.5847051204486,32.68533772678124,70.56785958187507,18.561086579877006,64.04955562421846,36.961374508920855,489.88466903611163,405.5313738243109,895.4160428604225
EduCompany_04,Year_24,10.30753051234083,51.87322045118582,70.57831163654765,12.103351890706362,52.82724700512834,49.4011091966668,66.78044003619286,50.148053194819425,94.86421204341747,56.930333647031446,465.80219051414804,593.4086616628026,1059.2108521769505
EduCompany_04,Year_25,96.0162591002768,43.62893890346924,89.89343856640681,54.38690850241636,31.112826290596505,20.768480330436617,93.40713171574656,65.2151861121225,86.36164381124021,54.95853628725497,674.4872515962459,413.08891979811347,1087.5761713943593
EduCompany_04,Year_26,72.2734723698058,34.45617292075447,18.623660758450583,91.64291235563165,31.482638887115357,89.78751754377834,52.753220196291515,28.255223491181518,44.25838543934469,57.625953391867945,519.5966184541045,237.9460629975767,757.5426814516811
EduCompany_04,Year_27,77.17968480926466,88.28800763413251,71.56327243800854,13.300176448100887,65.65321556789912,55.269130697631994,21.07609375687679,99.46679995535997,78.87275279063067,79.69179927391852,657.3537042359991,356.6719245076839,1014.025628743683
EduCompany_04,Year_28,47.04601717985161,63.72895140141972,11.07813303290619,37.493000485560785,90.5158691157755,11.058577311706717,26.36199888455737,70.66203487209391,17.74070134138274,12.16088004658413,446.9725652513121,556.2014071531567,1003.1739724044687
EduCompany_04,Year_29,57.65339212402382,74.99798156421868,54.46647526685276,40.89644431163147,71.8803741606486,91.89553164547772,14.116713840668952,23.949253215777862,70.70756153948216,76.05418021280698,621.2066193116107,308.31513362055375,929.5217529321644
EduCompany_04,Year_30,18.854419214519957,81.74144348649556,47.69312669886815,88.366777503839,77.14670865360011,94.78086166726679,15.028297450646809,92.23412419780621,95.36993938667294,98.04954188813565,594.5752705693131,785.2566620693598,1379.831932638673
EduCompany_04,Year_31,60.88270214374695,46.06377631840739,85.28019418994955,88.86984571768737,45.55348565805407,43.82391351164758,23.327971971048527,99.49405852925774,45.34904721830029,78.42806006531299,639.1156165227109,725.0372061583014,1364.1528226810124
EduCompany_04,Year_32,58.54722278705977,65.06350235554035,83.55064945720909,86.82496486487098,29.197501236169234,42.174841885745884,41.59979442640874,95.47970869104574,91.41077174100828,21.162803830754804,694.6911462182798,390.9868505482178,1085.6779967664975
EduCompany_04,Year_33,98.96062822531454,65.83429140159984,54.768081234461825,98.89762214694449,46.23395056325008,82.40878687064465,29.248041553398412,68.02857699059376,45.8713683702108,82.26017638730924,759.0832980849597,324.00175748793447,1083.0850555728941
EduCompany_04,Year_34,18.508850896149774,49.198321511545366,76.74582774457234,72.70146787740086,39.23137597574497,45.38756748499944,30.860810555861057,92.88962186669613,34.681096322177375,84.14728350824217,526.0688853213164,578.7808769384422,1104.8497622597588
EduCompany_04,Year_35,33.41654192740829,77.86167298160576,93.29893814788561,21.94749748381637,59.02797619882533,90.85469872354838,55.33039580319038,69.2546251492821,76.26606125853095,60.65770846528716,636.8522373629446,585.0626773382661,1221.9149147012108
EduCompany_04,Year_36,56.69872951680083,42.05653656045749,41.373400960253576,38.440193175955535,92.3130506805027,95.93022929061794,97.72443415809259,30.89210596030543,12.343734277616612,32.36493070766164,628.3208448307565,468.46740534024747,1096.788250171004
EduCompany_04,Year_37,20.349360615825933,58.442818058754675,52.4246099325667,76.62369672017113,20.68124727448386,72.18262863099207,95.55511714958018,49.77222367222175,51.395177613311475,24.573365538012016,481.36440955508493,778.5661677852326,1259.9305773403175
EduCompany_04,Year_38,73.30609941247369,42.17117867632795,28.99736696314877,59.199684515761945,56.34081214655257,87.02809967234697,77.6505552666246,57.73551999345395,62.580327095610784,35.85856498635522,622.5047276459101,596.871179720842,1219.375907366752
EduCompany_04,Year_39,97.60065179690045,21.193264376882983,15.632525451625966,84.91276733453255,50.52693098083227,90.1809172239956,12.594693954656655,57.86732374380786,81.65495621908539,78.05241719804381,661.879544244784,461.27983423543503,1123.159378480219
EduCompany_04,Year_40,88.38282270806033,81.49444701365871,30.765263967396017,26.352188135914748,11.328985094775168,78.50183638128443,57.88088977298495,62.989772827006,78.42969157486988,72.17263518252497,630.437442668481,485.1011809985611,1115.5386236670422
EduCompany_04,Year_41,25.25681434714858,63.06247991140319,42.9324937764037,21.921944408459876,64.26158157976705,38.27323007180429,93.96272468594776,26.041568610866413,36.70807738101826,31.822485494201924,446.0781376188296,549.4082637089442,995.4864013277738
EduCompany_04,Year_42,34.270345676202545,16.937197976115893,99.64363621533248,12.556739207984052,10.657002698317187,33.718080822279646,22.99677218052628,53.115363788171905,99.67455871838345,39.28214127536414,429.8711083898211,663.858200961424,1093.729309351245
EduCompany_04,Year_43,59.54002311465545,35.89991039434742,55.34491668756618,29.730817756014734,46.721086535922424,47.005057423789374,92.3312895075845,74.82128854011495,11.718880069881514,82.45134976757406,533.321432859938,515.6223732144879,1048.943806074426
EduCompany_04,Year_44,43.81265443505942,61.76312235207824,65.50440358292484,64.65652380373396,28.52863468110182,22.394572053807757,60.74733083134355,24.1688023296512,92.00307489546714,27.206976648658575,555.9910816982499,592.5800813523338,1148.5711630505837
EduCompany_04,Year_45,32.62901828602124,50.10190945198426,21.95333176044921,17.730903288796902,54.5883286585439,74.29687386859058,82.508522485328,37.02516990812876,94.08193941629966,86.39959318290585,434.6717194827823,783.1391543110315,1217.8108737938137
EduCompany_04,Year_46,51.60502525363176,56.53378530428558,11.150816594522382,31.579103513583707,59.00987718181427,24.54776110416528,82.53934761214035,65.10801328936162,43.01521517912436,20.609422394961754,467.81627298829665,561.6954199927272,1029.5116929810238
EduCompany_04,Year_47,60.706993540570735,50.06343521232172,19.818609195534577,22.001049744883037,86.53273469052081,11.907237354667124,25.455088239663404,54.0395889936559,35.24125895648079,21.509188452312603,455.3280591835785,465.4696785463025,920.797737729881
EduCompany_04,Year_48,10.847247829228802,50.41411493121095,20.417806430803694,10.494317584540765,79.49029670136093,85.79566324117137,65.92638548966787,97.09930421157468,21.14782277172246,75.15341136969217,377.30312974649127,496.55239262237336,873.8555223688646
EduCompany_04,Year_49,67.90729719744749,73.14886469937564,27.613965159816537,90.01994771316872,46.384155441841976,33.25977195080844,52.29907251173338,17.133230126337175,84.40447476359975,48.71248249754088,602.0460125125638,687.9625721724085,1290.0085846849724
EduCompany_04,Year_50,99.7962081477445,54.97240483876599,75.76358190360509,95.304419170071,17.35705977488088,10.4665840672989,51.44654577766085,46.09526626110209,89.96089150226555,60.61947362186421,712.0188457293439,797.8454283635889,1509.8642740929326
EduCompany_05,Year_01,57.73807128991462,84.04566157645526,97.64284495485894,11.59734967179586,64.16191549605492,48.96938744769331,22.286012450927522,25.597289543043352,68.77407287116972,34.874137066972125,612.8477958919073,202.8294794324646,815.6772753243719
EduCompany_05,Year_02,94.93023156611022,22.678655418223975,19.99226180554978,71.90507486052576,20.648718993829586,61.039440032005565,16.864136097958955,86.12395276403613,44.845621403991345,84.99182880429923,554.4915622254641,243.97956213971224,798.4711243651764
EduCompany_05,Year_03,76.43151180053559,33.54483542981541,91.43166903407588,19.502830060532936,21.942567833514744,82.71955181918986,71.81279894448879,71.49030313880809,77.1109608185402,18.140127394430174,649.3588719641448,666.0479271360364,1315.4067991001812
EduCompany_05,Year_04,29.734878179159086,90.36815182896842,81.82895651111392,52.861962531723364,61.5753572719875,12.473601353479825,24.71718307960315,19.637391616696235,52.10517279284602,44.79059519918389,513.9740308014111,286.61281842027796,800.5868492216891
EduCompany_05,Year_05,95.99689779494746,25.41106359188473,67.89892751720322,72.667256875009,58.08343800145127,14.590371923593427,11.762620266022166,16.60164517888092,38.27193801758873,32.59410109852777,623.7314029840518,309.1177987154835,932.8492016995353
EduCompany_05,Year_06,20.869791593373034,12.378966582603589,14.232237886485327,35.554421216334106,38.56763156241047,60.30024347086832,67.78185009331486,65.47607356946784,87.15892475576598,91.66322323192615,330.8110930931266,648.36831151158,979.1794046047066
EduCompany_05,Year_07,24.09094383055804,29.29081257935182,85.32951466980242,93.23550984650574,10.607832683541528,15.24638679638219,56.319972890243555,97.79684295404371,86.20938463777733,76.71173917738531,533.0573576111697,450.21052429346116,983.2678819046308
EduCompany_05,Year_08,28.26032889009054,81.9334121247781,67.32970876879095,54.21547429189263,10.423133347774115,85.11731763443998,60.37413550810713,93.7873547003346,67.2827760742979,62.76975689091684,604.6049121704283,414.20231151083635,1018.8072236812646
EduCompany_05,Year_09,27.35067316643545,34.883107159688606,98.07215499146278,86.15198604675905,44.24063519178764,71.6746037954787,67.68429953843396,61.113975274678346,95.05325584685995,55.61027031387213,604.0759834193345,345.99868545459964,950.0746688739341
EduCompany_05,Year_10,15.555049889760713,96.60500755257344,31.86291653021512,69.06243484547106,36.41204407197387,35.1790171962102,34.3347583472637,38.09157111671695,25.413146771031602,31.373443202157155,495.96021163718507,637.3582774442855,1133.3184890814705
EduCompany_05,Year_11,34.29320075470069,49.00283966554331,42.952416365426835,31.892814973942706,86.11390038136904,79.67558398223628,45.43804370453677,55.79606191368343,76.38573267924288,12.472244367219478,565.5033569532803,543.9602781469637,1109.4636351002441
EduCompany_05,Year_12,63.97123825675074,23.412391620091093,27.48365764349432,17.603983014134272,39.269495650238525,66.6527115267488,55.754092727174125,62.309985472959696,56.47285898420283,16.821430501932984,477.06065151098954,479.2025434772036,956.2631949881932
EduCompany_05,Year_13,21.69655798828826,75.28275869134029,36.887210277133406,77.69338465819803,77.57705049694123,47.822015909322346,80.06150245983072,39.389523130912906,84.2328848038484,75.10687900979265,566.4784667214637,368.46881189518405,934.9472786166477
EduCompany_05,Year_14,92.19463103399045,18.74157087439371,82.74183573089505,61.67186962251307,33.7837937251596,81.20075863746635,80.52360650051178,59.07672578620567,14.701623863107475,49.367085386304375,650.1751189969826,517.6753462270583,1167.8504652240408
EduCompany_05,Year_15,13.869140370741707,84.12112686416098,76.9293474418584,48.16127386004183,59.57419206862268,30.987040080570544,34.2519022263741,81.47581747314364,33.07174571512235,41.34955024499976,514.8156678094012,422.6347280247551,937.4503958341563
EduCompany_05,Year_16,36.47011090581678,99.16399589508275,83.86791714325622,16.630728920378786,25.65227959810433,29.800143350032464,80.94177384761367,69.71495100706,82.81004729844177,91.01820019906876,615.8773288925559,241.48772901584795,857.3650579084037
EduCompany_05,Year_17,97.00856510959439,94.10987946570859,96.33092753412961,22.132885983576415,10.997620731910718,94.86836210373315,21.365660267843076,63.3657272765198,65.32716256839572,16.181575648826932,763.4210943718062,501.27359530428606,1264.6946896760924
EduCompany_05,Year_18,42.733624915016605,63.56254448719063,14.809057858746144,28.273722141014463,62.220653355868215,76.32737010405562,63.728652986466244,94.48720554049333,77.67531611470088,76.76315344151384,539.0679704193258,464.5010667834854,1003.5690372028112
EduCompany_05,Year_19,44.05207282501275,75.26972512583906,56.366647485336124,74.35298855550721,77.73274827560576,56.10948797476146,26.15342868865901,89.5266364511858,73.09488621684329,11.350307221579618,647.8468862689083,535.8380479091697,1183.684934178078
EduCompany_05,Year_20,41.35047169332941,17.741002709244572,88.55606735880355,92.34209434016562,37.64424853853225,73.45653082442799,23.28942252163145,79.96726658052192,17.04583998278096,13.450778621885746,521.5192905515809,548.1728201452603,1069.6921106968412
EduCompany_05,Year_21,31.937989878026077,20.904009428279338,11.5796980051654,20.641019926205534,86.00803442445252,31.600360264732675,68.89344152820901,27.838422459189534,96.17959328616706,18.80596463848589,390.53839048672313,412.55580670808945,803.0941971948125
EduCompany_05,Year_22,87.90182438499939,77.79784794558411,43.618097323440104,52.72241123375843,73.23288314595398,12.407077827500066,23.57852531570805,61.91492559650867,90.19983927250235,81.20482989862248,671.562013981542,501.4706634940611,1173.0326774756031
EduCompany_05,Year_23,47.17407953478563,38.2624046754489,22.061878981021206,94.08714048062815,22.522966991473595,75.02513697080803,85.02198733801994,21.751485879075446,25.615689548441484,32.34536765178711,473.78533343536907,578.4901645911883,1052.2754980265574
EduCompany_05,Year_24,38.62907768941898,39.037556358932214,38.92551120541904,92.03310392563381,42.319204256699585,41.52399712044463,37.052825072001845,32.17690485583072,65.66865499119385,19.868234977314305,502.47377615556314,261.03496108120635,763.5087372367695
EduCompany_05,Year_25,34.70310754180959,62.921081281712034,91.38454075542785,92.69060937243879,90.9442825516548,14.609319155169151,32.21599790584127,52.591978951603366,27.490778937723036,24.356879165974817,615.4695745879429,469.9399360365365,1085.4095106244795
EduCompany_05,Year_26,37.126686454304036,11.656566617612018,37.14158131862985,23.21884900960801,54.96732023504427,55.81117063118139,35.80109001570891,21.242045555038338,62.542999482431156,64.64665901197877,417.23857868566466,658.2052982133795,1075.4438768990442
EduCompany_05,Year_27,13.013657888217498,95.47693175860987,31.160601153059247,83.51952639935007,15.171601668395368,25.49813553510319,96.57441552701566,47.86740725773914,24.085793012933767,99.89977884598508,489.1450286834524,616.3437450539311,1105.4887737373836
EduCompany_05,Year_28,46.72276296419835,13.530669521251824,85.87023274010954,16.095286667069413,60.879545747595344,73.11406059157366,82.12855769836855,65.23448934888881,79.28214597054767,18.25491269783989,525.2499488503942,430.9552964185833,956.2052452689775
EduCompany_05,Year_29,29.71985042594317,86.20920818109708,73.64935386070249,40.775876369686536,20.315399871718288,59.52957742098825,79.02860804893149,58.92367373529185,47.57542540572916,47.088535201627984,508.2042137420862,789.0970184460765,1297.3012321881627
EduCompany_05,Year_30,62.160467079912124,89.51649838306832,82.1808363588767,41.9091259655909,54.12242100827606,11.45709623571532,60.34793669057358,52.59673178954578,77.36512396777424,97.88034350281592,687.6775538966051,348.6168493314158,1036.2944032280209
EduCompany_05,Year_31,86.18362250563182,72.98306806705189,24.532512844736665,22.47725789363557,38.13988263373706,16.58380116549305,95.98495140601428,82.16757251397267,72.00884876792483,86.23207882798178,603.2688888038978,459.65485627493,1062.9237450788278
EduCompany_05,Year_32,37.91029149978877,44.847381584823545,26.710863636030897,99.20185790845669,21.333207656131375,87.53792858665417,39.82643010821115,18.87449834513684,95.07599687144018,45.837578032053315,517.4794092811201,606.1880111612938,1123.667420442414
EduCompany_05,Year_33,96.75890430736932,68.10023853957311,70.25344304784008,91.30628043374348,25.681611075008448,75.13291877123234,87.73942791706003,15.36560061097521,67.439787317255,34.730337264762554,767.5847081751036,384.89063183998985,1152.4753400150935
EduCompany_05,Year_34,79.13731732997769,32.2702667366532,79.97245865073369,86.94690665526721,28.2834710579231,56.4130219925323,96.40329970724945,53.057897051823446,24.882663818154896,47.00467458006015,630.3553931491535,526.5592233065804,1156.914616455734
EduCompany_05,Year_35,13.479229363675831,39.807031479510975,42.7857625432126,66.92604717857284,77.7082084179498,51.25153513155867,55.557663955459105,26.172734525907938,78.87046142178117,65.81444162903563,434.73454568629563,513.4218647371661,948.1564104234617
EduCompany_05,Year_36,42.37114336278963,61.28984579631301,24.371157907817484,78.79327107269032,18.651809389771707,83.49499414578516,65.19779808444571,22.011692335307693,75.5649369045541,92.70746695345423,544.6211050903476,211.6467183740869,756.2678234644345
EduCompany_05,Year_37,32.48053859176905,89.46183356364787,24.88019608651762,14.077934369373853,64.34347591465577,65.34389905368654,98.09856789544084,99.39907184448985,76.82949314788023,44.99574861704497,540.0814112679459,497.65106919933595,1037.732480467282
EduCompany_05,Year_38,55.124074069462296,79.04913085812719,14.358978212868081,69.58337606716597,43.30543852585674,90.57688866192649,48.922469377015574,34.092565737728805,91.05668234828052,58.7997396789132,607.941599023978,427.0398610094485,1034.9814600334266
EduCompany_05,Year_39,57.85139553505594,55.2317261312179,99.0074250271344,17.02113744378007,44.37072085054212,30.481432203093316,94.815436263186,15.852602756979737,91.84178480560642,43.55177557309382,566.0511635947908,398.3957454727857,964.4469090675764
EduCompany_05,Year_40,72.42495904417461,91.38578766508483,42.3747925555063,51.01295342034331,35.346609768728555,37.473643885924005,67.73350158038889,81.1382490259949,37.7152067446369,11.164719427685457,667.1724547572213,638.5154085223555,1305.687863279577
EduCompany_05,Year_41,86.5672359705444,40.0123741926038,45.010395957379046,38.65019756628013,25.51922502263036,31.54490633602512,67.45104742250055,69.9064067903317,36.4476345244872,40.562014926205634,568.6780724228869,533.0557344284432,1101.73380685133
EduCompany_05,Year_42,86.81313922708266,88.94974000191017,73.4994243214702,74.01608848161831,59.86632420948109,33.471835383490586,85.5651339068335,66.60122252068301,22.52219752690952,69.53256428977295,802.3848156633348,418.29758727136095,1220.6824029346958
EduCompany_05,Year_43,21.71502402832208,42.872175906568664,94.125913153961,89.59892099192857,16.21533760155596,64.23808768764158,56.75134290215631,84.0276479398216,93.05998859022738,95.61727124762297,535.268167580327,754.3201074905897,1289.5882750709168
EduCompany_05,Year_44,67.18823835962905,58.19641496353881,91.5861126006236,77.62405953374812,71.56692623645155,78.42913510243477,21.397529236819324,35.65543460858075,40.244725329011274,48.10899887333324,709.6473799382187,391.73969120777286,1101.3870711459915
EduCompany_05,Year_45,61.71953236269704,81.87833210410508,85.27678647665755,69.920729211366,77.7627048631658,15.918450055429716,55.596498163145874,54.61622959185145,82.7761124904633,36.21587524366481,630.243895864303,594.7639767309474,1225.0078725952503
EduCompany_05,Year_46,15.946754643032488,82.97331997981884,88.80332949903635,21.04111580127095,69.32448412132194,41.54281284155918,76.06767894165148,28.59171139358544,71.22803315947607,76.40202755510816,573.2568642331114,222.08183183792943,795.3386960710409
EduCompany_05,Year_47,99.54745805253488,28.73920891507448,33.8226575936543,53.627394884918886,84.74127410630045,62.97659110926345,62.61324488654254,89.83006723486248,99.52221209098376,61.02006118363222,673.7905011455233,439.77676305807756,1113.5672642036009
EduCompany_05,Year_48,84.00009457898037,55.71397545532335,23.785014568585417,66.02717641413207,51.22419283046508,19.354930146183463,67.6774037074554,76.57544550704239,68.47227137620402,44.73334562934079,637.0088154732832,272.8556410200329,909.8644564933161
EduCompany_05,Year_49,68.78872467528053,24.588879248558936,29.510583921942214,96.43510983552665,44.36727594518223,53.53884911087019,33.718229846655554,79.03586296482501,32.43839878655504,15.343183402331602,554.8541861473816,381.13434564680756,935.9885317941892
EduCompany_05,Year_50,73.54751616276931,88.67977030924061,24.888098347228144,19.321074842106796,21.66243617928568,85.491053533285,95.63482783344483,63.05478841874158,91.88120243516036,79.78648164289076,661.1603250681934,559.9787763753739,1221.1391014435671
EduCompany_06,Year_01,75.83755668821745,19.139171688960328,60.83168044464426,21.783305685681462,27.348938663803864,43.087994593644424,75.17444686238112,15.465711172206076,40.910312250944585,10.310788456700791,422.6820620922408,687.9411863612822,1110.623248453523
EduCompany_06,Year_02,41.0931180035342,86.58969307903286,67.28687555707829,23.38236579336378,13.366828217956726,12.265513775088532,78.34857767988181,68.83107658283396,26.522351040728132,65.25697932065088,506.72414343922804,205.68462863112555,712.4087720703536
EduCompany_06,Year_03,51.75205672270186,39.54382314213772,22.753475768118985,57.858856266474326,76.2041097320617,59.40055462708703,85.56184588147963,65.25081518826946,18.408063955334615,38.67849386176244,575.6382571794476,638.4078771866004,1214.0461343660481
EduCompany_06,Year_04,80.90549214243669,54.04845353699547,63.13199794778034,67.2612049872621,88.34252952591923,76.51506095309993,55.402008810284926,56.16529190810242,92.63180127199846,93.69643063183965,742.190287320402,586.7567418521292,1328.947029172531
EduCompany_06,Year_05,55.10063961972333,16.617594611385535,77.54889954443473,50.248342362862886,56.84277944647896,36.69149921756417,90.70674827989434,69.0688091737517,88.9796862624823,14.550007063917754,559.4323772335645,437.45305053276,996.8854277663245
EduCompany_06,Year_06,91.92223980053944,57.221524419025315,12.84396310565348,10.578024125391405,49.068369095203664,80.93249393120249,74.75115058682194,92.19051498948077,44.47394373518352,18.18980965708377,529.4302778814326,790.8990915253778,1320.3293694068104
EduCompany_06,Year_07,70.36174986262635,39.443790435714035,77.54285316886299,62.11318454759027,27.484292682681502,55.91102025972153,69.23206692883775,34.33103233326375,35.4938295380087,93.58903004293957,668.4801462095473,430.54044829261545,1099.0205945021628
EduCompany_06,Year_08,29.908338258667463,50.494369529150575,97.6338039041282,18.731084169075736,45.44440458618814,96.91510880549477,39.45533793459833,24.60147033018534,62.73845786238341,24.44904020005739,511.8321672112892,673.8123222539064,1185.6444894651954
EduCompany_06,Year_09,14.421715578718157,19.702633020243802,24.661045805110916,25.87265497296358,63.35430316255453,57.28310082467398,96.47688950397725,96.18515091814598,82.30156776020951,10.615058746485468,416.0702463692246,302.0292622818505,718.0995086510751
EduCompany_06,Year_10,94.12000307573979,41.80949231222567,96.21857222643752,19.83552004432007,93.57242416611403,11.621742442424578,12.479517193256495,56.03460940227458,73.99373856733963,92.76227762943587,621.0522120955322,303.14494147461966,924.1971535701518
EduCompany_06,Year_11,73.94089888976472,51.00786076072777,54.46027231725875,48.66184322287827,96.45840055478834,19.653276749818282,67.87455870054205,16.821673172062077,40.79395120405139,82.05579508749834,609.5127977358767,726.972426574837,1336.4852243107136
EduCompany_06,Year_12,40.25895904683892,14.569368750686952,95.43763245040421,59.64188071965695,99.60839424491903,81.5934292531886,79.16533722592007,85.36676308368466,86.97041412209262,11.282793026857577,606.9178620641006,363.77266187763206,970.6905239417326
EduCompany_06,Year_13,66.06011663791304,90.16312078904808,31.589129647561233,53.004771927190895,24.236641183153218,76.83015497573936,29.502580831201268,26.28728816498011,52.40140291988519,25.70350835378647,587.6290596901316,329.0768171268136,916.7058768169452
EduCompany_06,Year_14,23.36132939250906,60.201800557509266,39.56955249391834,98.60515132032451,41.74288253467361,74.56752622007545,53.30055174386476,28.439192694554396,85.7917444348101,50.13923154405648,498.3223815570152,278.2184239770303,776.5408055340455
EduCompany_06,Year_15,86.67712181957212,25.264859829969843,86.84471831683558,23.989729672243257,49.98440942305506,34.775949066737866,44.53285367325839,57.52103686822366,63.54932768120256,78.5030066020534,583.771614654315,577.9958790081473,1161.7674936624624
EduCompany_06,Year_16,64.77280518090848,66.55942343679439,75.50049368727753,67.17171094951644,22.501671223343138,99.88003287144859,87.9206472035241,42.35398589374021,71.47956339833875,72.87584250527863,690.6735216952895,634.8339898875964,1325.5075115828859
EduCompany_06,Year_17,84.10209173852256,74.06057156164134,44.7341619071948,11.058696047550514,29.099252228486897,84.74665377062234,47.140359150342356,19.08803752347563,75.26308351359987,71.7689873092256,598.7002536826092,604.3107752218559,1203.011028904465
EduCompany_06,Year_18,95.75798031392773,14.573625812767471,98.27121961202359,20.615544591394148,46.037429089237435,97.27264604413314,92.3951129887068,56.771594859035105,86.59356716066723,54.93478243136004,695.8450437158491,616.565820041944,1312.410863757793
EduCompany_06,Year_19,76.01355516937302,33.382517715532586,22.731943499391704,15.9232990602578,75.96469992826876,24.90822690811928,54.76593937130468,78.90621590069469,35.82065873509577,86.0325524715436,461.7518979739298,312.0931110470994,773.8450090210292
EduCompany_06,Year_20,92.74483591137523,97.04858559273522,59.43529445569978,99.80954473101964,11.855432357933298,61.633075465825904,21.84097929111647,27.159448996956876,26.133972172778716,42.70623546279105,750.6643555047561,434.84031997631337,1185.5046754810696
EduCompany_06,Year_21,39.30234554398045,73.15136504346432,40.293176839127526,50.346739005140655,83.44270101600328,65.03377125983232,32.17205979045532,22.612857783247723,73.58959374287043,89.98263427992364,568.911687582197,392.5363100642468,961.4479976464438
EduCompany_06,Year_22,79.26431337920191,13.346785479277399,89.36281405551763,85.37313892113269,48.84657503277362,30.594771246625086,91.4653348205813,82.95287366000053,67.58088385820056,86.77692634122857,624.7743434576258,639.0995123535134,1263.8738558111393
EduCompany_06,Year_23,69.84229364508516,88.4304223513395,28.61836013536182,24.568274627182447,52.94383193755508,86.40695265272629,49.67380046864595,34.2631157918874,41.490466441550275,89.58501329428697,569.7375843126363,794.5370349807938,1364.27461929343
EduCompany_06,Year_24,81.25548574224754,96.60267447362492,86.56560637744553,12.912790621956045,21.453082841531526,61.21015180569646,42.96265406627218,38.31186125595655,48.2313465702242,81.1735424615963,657.9154452869465,281.2790622730933,939.1945075600397
EduCompany_06,Year_25,49.74336585107348,63.17980761759665,64.78121480612953,88.59700531158983,77.90269340168632,87.50598200036339,47.96848727009843,23.74729384869029,41.16197344066907,12.893525989531877,714.1777089326704,759.0590209877471,1473.2367299204175
EduCompany_06,Year_26,82.3879990079588,70.38594497215873,29.326839976538995,38.472280158287454,70.67069944088658,22.00361247713002,75.81836044962975,28.79107446867195,78.09837900032265,62.23124294151906,639.594366952269,656.0404235882286,1295.6347905404975
EduCompany_06,Year_27,37.03211816234977,88.1033882720407,33.929848815563034,88.29736220822258,56.732825441537706,83.83567501331964,46.5337841474366,38.4612497822866,64.37950141990949,55.092246062204644,660.8105190871551,246.5182642811716,907.3287833683266
EduCompany_06,Year_28,45.47915399821103,66.96328563756224,52.2150073028878,46.954957763739,56.451302941341126,51.22079737300856,21.35973923790071,42.1188601512459,51.33886783665824,37.16995117039187,527.1531157272387,773.0973643123731,1300.2504800396118
EduCompany_06,Year_29,89.72724236489772,25.781232304789203,69.09643618411116,16.80961510807286,16.53687384659039,67.62092870257057,34.9714169392625,38.637457573602006,62.23122720956793,28.598292244552436,568.2478468572477,548.239543318085,1116.4873901753326
EduCompany_06,Year_30,60.62355401502707,42.28086523323895,46.92133492699996,48.57804293933153,17.55340661786402,77.88243327859702,82.22716107096069,47.625039049758705,87.93988883346843,78.43322889328562,574.8850289397636,426.40764528914997,1001.2926742289136
EduCompany_06,Year_31,21.137692785965644,27.92104974709618,20.48861903074244,15.791592810331732,40.0604460236853,42.24409949743444,60.934787035965044,68.40247623065156,85.11522379239298,42.784240143225894,344.63866385582753,304.38236710056725,649.0210309563947
EduCompany_06,Year_32,93.03211532827069,27.524810772471994,25.46868000461955,47.113098959576256,55.35182654431148,31.305821797191463,17.056312181404788,19.03837211690051,32.83111327310323,94.09734803865098,541.6411806964394,221.62994442228032,763.2711251187197
EduCompany_06,Year_33,96.80615659620793,74.88790061364999,74.20709521281763,29.934553263070892,28.451186477325244,88.60078475301462,71.1380024506171,27.86072557075189,91.37368007601594,27.023735693936192,732.2023477747323,615.2520134943366,1347.4543612690688
EduCompany_06,Year_34,72.75218164605458,31.362885431983443,75.53500286379344,24.637505849248985,46.97430296074486,71.59354537760973,35.635202522732314,51.158813134701084,47.216573358562705,26.701101072581903,570.4200927246497,545.3410374681187,1115.7611301927684
EduCompany_06,Year_35,38.07811939762662,96.01971909311077,39.52502826576658,38.24660526975469,20.995464597106263,33.52167095968936,52.87653305197406,41.900753582228774,97.74513808805852,52.563124606179564,497.77115587112144,592.0193686500031,1089.7905245211246
EduCompany_06,Year_36,50.38928986324962,17.655494959236727,24.586732252012787,72.66462370846035,94.51593198838812,73.87612196177756,84.27023252255373,83.07402357119896,48.57366620441101,10.738374314213514,570.2689638397262,213.710635335393,783.9795991751192
EduCompany_06,Year_37,94.35686150304323,58.30853374752716,10.39460320247831,96.59718726795718,59.807853735410426,56.033362355550445,15.117544513248241,87.39047461394662,27.61993745887148,85.64210746628225,671.0819105470445,660.7994392570125,1331.881349804057
EduCompany_06,Year_38,19.810190468315888,13.577075564126588,74.27435554462394,30.30673667584229,70.79824363690751,27.348069956740282,74.765963412094,19.603173656978896,20.087959314113533,56.76822256035731,373.403064068847,213.41701409877018,586.8200781676172
EduCompany_06,Year_39,16.09911622546428,65.2254438607468,22.199688644765843,48.49787530199919,26.652958740313736,78.61120635041578,31.842739503607355,92.84786990224801,83.69585993611997,56.97122139214145,428.26115769881227,276.1574215285407,704.4185792273529
EduCompany_06,Year_40,12.06579169178475,88.04117577560528,30.52412410353813,79.53142893922598,22.511459600517583,29.99551030938937,43.82066071927539,88.92640536174785,68.10500645533341,78.05078757144369,522.0256480278688,275.1391702724535,797.1648183003223
EduCompany_06,Year_41,89.11040544771802,12.427429833530281,61.15940297579417,35.739935098499444,72.57322428406411,17.11287420742598,18.25231804826725,32.624570669957606,27.71570371138469,19.156891924195953,526.6818876418491,672.4514297614197,1199.1333174032688
EduCompany_06,Year_42,31.83181656168616,12.761790297601262,52.82812449467569,58.02322553880069,28.13369977601865,59.483010198403164,21.98505935909058,31.43281823548716,94.38957735805357,99.27714283573913,362.69725932079945,458.04334922474635,820.7406085455458
EduCompany_06,Year_43,31.610558327013656,70.07055182651914,10.96084465495722,49.55157674145181,82.28892410505182,63.55385038193029,68.19638477596038,21.107396619136757,15.020161423070423,18.54166149785616,467.8982720520828,327.44914105888415,795.347413110967
EduCompany_06,Year_44,72.42189823173689,48.17003180621612,93.49150856990083,70.88892074989928,95.47174333239347,22.85726471215663,48.51869137629495,37.814640488846976,85.79433158638841,59.49996471125996,717.7296399735986,563.9320272390729,1281.6616672126715
EduCompany_06,Year_45,21.776034209763623,54.66946831909968,48.924234553829955,87.71694852893691,87.27194842795957,36.24660863234543,58.109747177348666,48.54598308015174,25.32373920032755,87.79072565319653,582.9504701375064,496.1064508339573,1079.0569209714636
EduCompany_06,Year_46,31.583960792705444,78.32189762877367,39.43085907595798,31.71288108091556,65.52945693995964,16.361559147712256,18.18984452948287,56.503026050995736,27.758376393187056,13.220735353649934,476.1217504564946,303.7934056021187,779.9151560586133
EduCompany_06,Year_47,71.51775306095843,32.76708380200442,40.59859694837003,20.71583984263465,69.81361344573986,89.00723034290587,96.29757793567173,26.15701383042168,96.6673740303765,14.108442046380214,574.3395516055292,412.77840923438475,987.117960839914
EduCompany_06,Year_48,33.34698701165715,91.10447587903155,68.20784732864797,77.40376998248318,33.81904067048735,66.64257783341996,80.43280499288349,62.13406336804882,54.36338460920383,66.23260459790762,655.5350921738371,458.6005089995485,1114.1356011733856
EduCompany_06,Year_49,82.17507590490833,98.88932512726919,95.63616869907906,78.89241653331638,75.24870947969241,81.27780370417261,47.85632791363641,79.39337151766969,94.60267507718527,22.245552404643064,856.4618040420771,390.0852623349068,1246.5470663769838
EduCompany_06,Year_50,75.4383657230605,21.84054734123763,43.66334662267342,80.20520593469394,59.430182462976994,47.95478913298752,71.01745080971338,65.80358961267717,30.417451758032087,36.204976058268706,566.8555406358677,483.61507465377707,1050.4706152896447
EduCompany_07,Year_01,40.380734459464605,91.27324951285436,60.42114504758595,56.05203126884365,27.822114098067694,99.59120266897631,19.84155788387298,35.602089292179826,52.921820942856314,12.547336939319404,587.5779812976505,777.2611360935274,1364.8391173911778
EduCompany_07,Year_02,16.01003965074713,41.33231989152219,58.03212545603644,29.464379151880728,21.038443472521276,96.11288592884868,10.630916000716788,95.91888569185302,17.871149586972017,54.425463348139665,442.52453080964733,667.1368961643475,1109.6614269739948
EduCompany_07,Year_03,59.25182051996142,62.911087144462655,49.937252458243684,62.7985315142527,85.87028987918966,44.66989240695405,41.44615842148468,46.863756780286955,56.99796103950648,66.0153759367314,629.7713734487662,646.4799613196618,1276.251334768428
EduCompany_07,Year_04,70.0074570658006,96.20035375455353,43.95562662750434,67.54646358180915,52.5101029715413,88.84196517578296,43.331117612042846,10.244144524556692,77.85062391511961,38.51316234055878,668.5466976843562,796.926993190127,1465.473690874483
EduCompany_07,Year_05,17.007013841304165,33.150989479448555,98.63897679874219,58.21130770684206,26.54488782135855,85.21248998457239,76.78992940387826,33.23925659440316,34.25282939218167,49.73291495979643,518.3923363304008,528.6557617556631,1047.0480980860639
EduCompany_07,Year_06,17.030143825817138,29.35794462475379,91.79771399536936,30.169319405753704,86.02035250492008,22.94701848351005,87.78612435340098,86.48324596418243,55.850265104025745,20.519260566773596,503.63267793163647,751.852203241189,1255.4848811728255
EduCompany_07,Year_07,64.18118167112821,64.92766216588824,15.233524516274763,29.96223465012414,15.119584573093434,97.77067541371255,85.50012411748533,55.5859655035574,47.68764897760226,17.425368090808455,520.7875919394677,599.2045927360899,1119.9921846755576
EduCompany_07,Year_08,15.857766601721075,23.11170341177708,39.93935927299205,51.3885389168528,24.672853617681387,48.051552224568084,31.743934751852827,28.658582208570216,36.77833083845648,79.84342748879344,326.62653920510684,547.3994755707084,874.0260147758153
EduCompany_07,Year_09,30.654540981222006,69.9880525293157,61.78314530035614,12.62032632090035,82.20733765333233,67.4740788858667,18.325384032007957,94.6385176215102,76.08402005907912,95.53662621049233,523.5858913085191,716.7574242213378,1240.343315529857
EduCompany_07,Year_10,31.444210388929324,68.19725075019143,28.242007144608237,63.27592770370116,86.52509427842539,34.2484157779928,55.448532854942066,10.308725902870432,37.54353922106924,31.721355599031952,446.0887970208932,303.07045893659665,749.1592559574899
EduCompany_07,Year_11,63.115122478624606,64.70485037020092,22.53093097997793,50.85923596441724,78.65727035270308,88.74685496027061,39.5773667523694,75.83725235303217,26.508423036979302,28.916736518505566,590.6965251392814,618.8911280058394,1209.5876531451208
EduCompany_07,Year_12,73.73272775049372,42.54620174008518,92.08894651098804,99.66042912609252,33.34056088052763,33.24429899284378,40.32518619673188,63.61264480758347,27.042284010959936,61.9758344621049,672.1301914682264,765.3268689352544,1437.4570604034807
EduCompany_07,Year_13,55.832369790798396,40.191364298073225,71.1312052454108,87.16819076306147,47.2301918186542,40.26739545576547,21.000006447349865,21.418347552460794,62.99886657750558,12.208117747847158,567.0104659652502,727.0803800926943,1294.0908460579444
EduCompany_07,Year_14,37.40527438889211,98.8873583372385,26.382815734244,22.141443172354755,85.994094530342,11.820991223137453,20.600993990030965,47.228132671942326,34.46273396322226,64.0708365505321,527.0856631696339,627.7733677599315,1154.8590309295655
EduCompany_07,Year_15,37.91659258073314,50.24754837133475,64.53593263512514,65.04507943239265,62.26928788987329,11.050319996157306,42.998327740279336,22.231878633867534,90.61001181907613,78.5665079526331,550.8462530629138,537.6532409107368,1088.4994939736507
EduCompany_07,Year_16,48.0771413346739,49.844039807508224,85.90937246223491,77.840682223693,74.42221878248108,81.2405689980688,78.71456310583956,21.667234759886394,86.06869746635903,61.068243511982864,660.465238287092,571.0904934629083,1231.5557317500002
EduCompany_07,Year_17,56.6331596825029,93.58615796206438,42.291271612004344,55.56487917063735,87.15531214045414,86.3354776821606,73.68636672669214,52.22103522607794,61.044073221653406,56.78716795089829,659.5669614625417,591.9396163066822,1251.506577769224
EduCompany_07,Year_18,40.10302080643875,76.54862413710391,82.46653077732262,97.6633283500107,32.393231029985245,99.18221295387629,81.75530193739324,55.34381643169669,95.21008503959051,84.85926037145852,703.8571941049512,656.8663253951661,1360.7235195001172
EduCompany_07,Year_19,12.826834054131199,74.77612045104237,52.231978622474955,79.5452372220456,58.86867362117226,84.93021448018638,71.6450778679667,47.31831749896262,88.02178117019926,53.95391173532268,572.0465843845017,207.4433614247468,779.4899458092484
EduCompany_07,Year_20,78.58957319963696,88.49200124242729,75.46745826003173,26.845853672561603,57.51042648054712,97.82157727664884,54.18404730458736,27.89524478249912,69.86568563959118,29.281128488682338,698.2924667667066,203.4068680223526,901.6993347890592
EduCompany_07,Year_21,76.69814630147674,20.220720549171126,20.021787254753058,73.18025919974741,48.58564558800949,60.03350570750392,11.161083527780624,28.362582349588642,18.448043783599324,16.70521645846901,444.5646516277328,770.6080200285147,1215.1726716562475
EduCompany_07,Year_22,45.28136710885163,16.54708674298675,85.66104763430413,10.412632334957756,21.855360905753898,46.66078050008403,48.35385379673512,91.68009166425425,31.491759692180477,70.02029471621137,368.6222489830981,713.5924053358187,1082.214654318917
EduCompany_07,Year_23,46.67785556564093,83.06554891811354,34.51063293378164,33.13873657712794,89.53542341933945,55.38606850435752,53.81979910768119,70.54849702941124,72.02663116023837,92.05346450972908,534.9621236426923,260.2783634134269,795.2404870561193
EduCompany_07,Year_24,13.967828071582973,83.963383431997,18.898805121184573,89.97379927934495,58.8000529260432,53.23543195961346,62.844276489661894,89.35483716115449,81.51295973826154,32.13941938770505,586.4235444018327,742.4920445991193,1328.915589000952
EduCompany_07,Year_25,58.666084523763296,27.290373201346057,86.97786771582528,99.23864219780742,22.473419015938536,79.31538599106702,58.71176202078926,23.926618342204385,73.02626743555786,15.335375642758978,597.9683377604813,584.6776728735681,1182.6460106340494
EduCompany_07,Year_26,47.805114667144416,67.01350961649418,57.103169384571245,46.11094365345954,45.49893761962487,49.87884497368081,55.630290059109385,14.083732143649936,49.860144366462656,87.96752034896227,496.3862593802983,592.384827454891,1088.7710868351894
EduCompany_07,Year_27,25.826631535573828,38.53831530636283,64.87231866836241,98.10145893865358,12.4605717940718,72.28230702180926,43.29318911685261,22.611780924611757,25.566728676302905,85.818392610958,489.5183397445797,662.4373497087445,1151.955689453324
EduCompany_07,Year_28,95.04703275621121,24.73408857369664,26.611056278782932,57.54726029641963,23.42147697919015,30.884862618801236,21.14444359203054,97.9390255969308,63.27375036015859,74.26722698615895,573.9405557696654,661.2388820438997,1235.179437813565
EduCompany_07,Year_29,84.7862406931796,96.50395013688066,59.51997406944398,91.51536785894487,68.48290595436816,91.82018394772068,78.22883001277387,23.47225780241832,87.64436586488102,50.1926123070042,854.036603567731,268.7128219201955,1122.7494254879266
EduCompany_07,Year_30,78.74748199626764,48.109732736070306,32.10001092647901,38.2197283905209,83.68307007508108,91.13907638611315,93.83471954353948,87.76893536855047,46.52906694479901,99.49808902320225,678.0280874725383,599.570568869905,1277.5986563424433
EduCompany_07,Year_31,49.33585418493146,16.11999553365372,67.98353474737974,50.271966543397305,31.600925924483157,54.850547425755636,61.1090236489029,30.321068834722716,53.935220248404924,78.83332312173377,446.309959451125,338.9169121434481,785.2268715945731
EduCompany_07,Year_32,87.02547696359096,88.45080001956052,76.39852860355886,33.749659280584716,98.42703903005153,39.540494939769225,14.55035658753591,78.31588060611357,65.69346833104775,27.160768054529605,705.1223845889301,494.8344405548346,1199.9568251437647
EduCompany_07,Year_33,97.66702798373814,37.597925300620574,95.19201843768697,96.2806725403576,95.56807736696094,55.17917127385534,47.73624307023877,34.88740640122427,71.32609664343849,55.10497060600133,790.1628388914573,434.9288462522734,1225.0916851437307
EduCompany_07,Year_34,26.876194668740364,39.40548510564665,91.28791090198523,77.32631548599241,36.896279746250976,36.98885331815086,10.671055275199487,36.22221265057175,23.299217861158937,75.07560133893223,440.4973843215335,440.4409982273038,880.9383825488374
EduCompany_07,Year_35,76.43421069822645,64.22813304580893,35.26617986202148,18.675780797372802,31.070354157228657,86.66921899335132,71.74825853277554,54.1701952836277,87.98069977082808,16.28220396909762,619.4624158145687,415.8070846044126,1035.2695004189814
EduCompany_07,Year_36,33.362485643864545,45.4577781613422,46.64618592882075,11.86580541033814,11.169594530530262,61.6651471396384,99.2509118949797,89.17205023180857,56.159022935236706,55.900148973152476,390.8637422671382,269.03540683788185,659.8991491050201
EduCompany_07,Year_37,28.612176216028107,85.42442905930484,16.543581873577722,36.235343290571606,75.12563969862069,20.41936011638081,39.25950822101895,84.62764895730605,89.90514211410309,65.67117287407613,432.8325972334438,210.02186521483847,642.8544624482822
EduCompany_07,Year_38,98.40745944711527,80.05798409492077,34.682338646652,71.31543264099398,60.378074450411034,43.148629235201774,52.289441126459344,33.64884990696442,51.5694758177607,13.330471582339431,742.4006604072529,678.7461391059308,1421.1467995131836
EduCompany_07,Year_39,62.275601605866754,86.57551656595051,83.2273667802409,71.70013986811671,92.93190676173353,82.13361422175467,86.71243483167214,13.226117428626234,11.369867101114245,92.25619336685271,729.9750667457439,313.71780905764865,1043.6928758033926
EduCompany_07,Year_40,32.246095631459646,61.66802814598127,84.13844033379482,79.56842199160305,55.310260214178335,98.32957861300534,82.98884508511388,17.661513722244344,81.57527499649824,63.73263693505841,669.7216569128617,728.6657481557434,1398.387405068605
EduCompany_07,Year_41,84.47807925441091,13.680158293501755,96.68263194138956,66.59723062530493,97.20352138453815,81.62318504388283,48.285612182354754,43.571899185263774,24.674624296900625,15.96219884814585,632.4847717066193,243.33796004861287,875.8227317552322
EduCompany_07,Year_42,92.89197332124066,81.00916421759253,34.861190625114375,35.16983165851225,57.155265274096095,28.649267696926806,50.99531628320737,56.74168617570686,50.13273550088152,38.66760460562601,661.7680028634518,247.88036968698376,909.6483725504355
EduCompany_07,Year_43,85.49951962800525,83.66028672041008,40.20543832463218,10.990760737943969,97.38724781555612,21.217525942138234,16.504874226379023,24.484486923533797,71.00147903505592,39.784834930085694,660.3311835876686,287.39834810403767,947.7295316917064
EduCompany_07,Year_44,21.157107501787173,92.54436890216378,65.94071569357729,49.36417866797682,19.283363909535808,73.90400642895167,27.92964198109858,72.12099008761771,55.03498632236605,75.12247766620263,570.3313753241945,277.5325242775002,847.8638996016947
EduCompany_07,Year_45,62.837556889038886,49.84077274677438,62.50360948550483,48.09666952540268,84.6489614068996,51.114963101909176,47.32368881192814,89.74379443420747,41.445308311247985,77.76198544051583,632.1185594157022,741.2354900314042,1373.3540494471063
EduCompany_07,Year_46,64.90932841560004,90.85913555529206,46.885736660728234,94.7594099616446,11.639230943082733,42.39367097756512,27.5923125565668,83.9591989855046,50.47731147381609,65.27244174613746,610.4768433232127,521.1712283599281,1131.6480716831409
EduCompany_07,Year_47,72.04671466272744,70.66869516396335,25.497823651153077,63.67042695648835,29.644118017730452,44.134500877449696,70.83946883965088,57.62873086552785,86.22280185179089,87.4454134194818,580.3566996693364,301.4739017598216,881.830601429158
EduCompany_07,Year_48,24.811343893790212,22.42866684778074,36.52587799102361,72.73163758450085,60.074937173146964,38.97246134642973,29.460888740596836,89.70494895988688,49.654770680911405,97.5533674236832,414.89295041036996,463.16645271834466,878.0594031287146
EduCompany_07,Year_49,59.909133168736545,27.691041727453744,41.462208764355395,34.35858885806782,87.8712870711421,64.4602535695702,37.814136665530164,99.80095490535236,46.98876785567633,15.224131851483582,520.4884719539351,494.5369241565416,1015.0253961104768
EduCompany_07,Year_50,39.34853877185135,48.979181631012516,29.585461479183614,23.722441318474402,78.82404865700023,23.690632732495118,64.80120860947969,71.63769307981151,35.86409200848719,51.999404511060455,491.456959573027,326.6013312229645,818.0582907959915
EduCompany_08,Year_01,81.39621693995689,30.780044525489227,16.66741284694928,99.97367647766038,40.481568812399956,76.00817090464167,95.81493437803309,92.83534267151659,49.80258508533472,13.939392595448936,658.3475347632489,618.1348598641795,1276.4823946274282
EduCompany_08,Year_02,12.40848810404437,78.25340300867438,99.6648869351057,99.34561498881598,83.89591900686335,17.63533472572029,42.16140351615448,26.763121566790538,20.83761596371908,99.60257686025984,571.9927722311987,690.9094090813238,1262.9021813125225
EduCompany_08,Year_03,30.30058302529485,83.45845811883596,96.34796182591171,96.45255720838608,89.9204503484246,57.47246178125494,47.57985980595583,13.957479649681387,80.88178599905012,48.08631793843477,711.9908156246939,328.00883076235147,1039.9996463870455
EduCompany_08,Year_04,59.990207266544054,61.482966336674366,38.471427705741874,66.35996816237464,28.351060260405692,56.60959150762335,30.50943309428966,32.678105218261905,19.809112242919163,87.12364844910533,521.5347336716183,511.2236066407016,1032.75834031232
EduCompany_08,Year_05,90.98894218647942,73.86505000152664,19.50992487213818,85.00624612347487,60.71234920202239,89.02885244645513,52.03914562532852,42.757800967697534,68.16151352438345,81.13735914883603,706.0573423518085,248.6242362537082,954.6815786055167
EduCompany_08,Year_06,87.83010942309838,87.10653400112236,37.717440528956075,74.62984093743869,28.719557249688933,90.15995664933524,30.914015060840388,81.98524457267482,82.09883927019082,84.14944701534861,779.0047474807777,452.69426291149625,1231.699010392274
EduCompany_08,Year_07,20.079605033112934,77.01721548506909,48.32538958546887,37.25868419634328,61.76379464530355,42.243948333076794,38.38962536608582,79.69444079314304,96.46312232803669,78.77887945438694,537.4702471672534,251.18449421758004,788.6547413848334
EduCompany_08,Year_08,57.174981033797785,56.113088817420255,36.410119863232595,70.24220970842927,97.53619432737364,21.32255458318526,43.62362818395259,81.00324398665792,24.133171604920335,33.50257079874656,585.3243908888749,509.05837859123227,1094.382769480107
EduCompany_08,Year_09,45.29809837259249,13.665996098820266,95.74103965574015,24.57333547225985,37.08015436313747,41.17823260813594,45.679912454584525,55.810767606609204,30.066841822029275,14.011647250546737,490.75857335737675,694.8191448707539,1185.5777182281306
EduCompany_08,Year_10,48.69266344894681,69.20048611088959,88.55413784469576,87.50492894310821,27.243675887855787,70.9629617966452,67.07948715664142,25.395628026568406,38.83815545784084,89.6703175325596,696.1151237464553,419.2160693371769,1115.3311930836321
EduCompany_08,Year_11,82.27412882101271,15.484009132600072,15.065477985706513,72.16249741868015,36.47986695066466,66.7717448949756,36.06686072995614,12.056981941085393,94.10389770805003,49.6897796979504,522.8764286186204,482.8473965177476,1005.723825136368
EduCompany_08,Year_12,97.23499103259425,84.05217868786667,29.58374531529953,85.47355444301627,81.00599134621122,55.68480887887959,42.696266023812505,64.29264593942347,59.73079037702461,30.546642363106795,799.077941896277,252.55375746235026,1051.6316993586272
EduCompany_08,Year_13,20.751649715431753,62.40953102897014,17.805051107874036,73.28327528678909,80.31485211937844,87.34947810217005,20.98769804993271,61.50199161970463,93.70314636752424,26.123426601436567,476.0862453162598,766.186443913152,1242.2726892294118
EduCompany_08,Year_14,82.14897401025004,53.073910100713356,94.31254250606901,95.95741424809349,14.734909625919634,28.872984263429984,78.24128613666129,65.70698200386676,59.33552268262289,29.024306999656798,735.6948752847965,574.7577537167396,1310.452629001536
EduCompany_08,Year_15,73.89922590151937,88.62150486691988,82.75653614408833,14.798003923223373,44.72204543490076,50.611341761536345,81.2329354588154,50.43912899824597,39.84440375332167,43.32463169785875,617.9954538457941,339.0573004227757,957.0527542685699
EduCompany_08,Year_16,14.418402037480043,75.20551217257032,32.32546660466418,55.078592818885525,63.22409403410047,24.389517180177982,54.779980796637005,28.46151477174175,16.946118849659463,73.3185803193109,385.7971410264841,453.4930808017698,839.2902218282538
EduCompany_08,Year_17,87.40885928864778,50.187071781739846,35.02323502691545,18.67991442459053,94.2785531555812,75.26346167052127,77.11949911639822,59.51998103344134,56.243672784471606,66.17552477288606,666.5229834522513,629.4999223897524,1296.0229058420036
EduCompany_08,Year_18,97.78331302695845,20.33305154753406,76.84331146790603,79.83974307594882,91.4757647584909,77.22330733368479,47.49503225543159,57.61795478690422,35.068136670821495,18.06924713220046,769.6582949203523,258.6212674742884,1028.2795623946408
EduCompany_08,Year_19,33.89505495101585,95.69886041967311,44.9109278451424,71.73667244456682,81.40810208748177,89.4938624182106,39.118666126890936,57.163869259656224,77.88355622113647,45.40084705503483,665.8514502854032,679.3169426939512,1345.1683929793544
EduCompany_08,Year_20,80.77630070492698,71.55732709323645,93.92255761595808,88.35599784340093,54.15810932273857,27.583619866552368,75.05998934855701,26.40353128338703,29.005763648491598,90.97543756447858,714.8140340858698,668.4846250322166,1383.2986591180866
EduCompany_08,Year_21,22.562614317735544,50.877237177555685,13.444273291896234,79.5034759605542,16.01880301518916,91.68369386099059,73.08087830648805,88.54159733094122,62.025956637223594,32.97189571935115,499.00787433252526,233.83995792238608,732.8478322549113
EduCompany_08,Year_22,10.565475640603598,39.919972099007,23.73930908297543,23.57319023285291,25.469496257423685,29.064074693502604,46.9051455371308,84.97382844438039,78.91339331944847,39.281953210916924,308.27404513969594,349.6891941365276,657.9632392762235
EduCompany_08,Year_23,25.530513865882618,85.67040163283953,31.177177806709583,19.81638595964984,99.4525488070043,59.457256360897084,65.55629170121642,62.39813998877334,30.72274553261319,43.987193940638676,530.5522556332577,798.5521409717101,1329.1043966049679
EduCompany_08,Year_24,13.649511598016165,67.77985086403217,61.3626863656776,33.41300540160282,82.95978458618107,51.42238221680741,72.61260931516672,29.17372127349009,22.526306975986476,22.460297019832524,488.43051227174436,516.5922391812509,1005.0227514529952
EduCompany_08,Year_25,49.136429245955696,79.41395250492218,58.15475487492928,99.78319506154119,76.98530994719738,66.78919406660064,55.47096833334119,71.29761091798737,42.95234417432911,78.13647496967278,714.6463043239662,501.4299627782905,1216.0762671022567
EduCompany_08,Year_26,62.169386254630005,20.54469476970411,77.08467732100115,70.04758527973456,68.53248157493145,54.024438622471706,84.1993911134938,53.35956973920316,81.42972590269339,59.259466667961235,623.6248914118389,279.46681492691994,903.0917063387589
EduCompany_08,Year_27,22.95385052589279,45.101378228551475,58.85934039244686,90.72620665431003,41.93448744453422,82.7011262029877,14.971732366318742,55.49346056463907,15.9891924483284,28.705488789985136,539.1066420367844,512.2783152598586,1051.3849572966428
EduCompany_08,Year_28,58.348798167151,72.32195608882884,20.46400082476628,20.286115147787644,78.74993422754224,48.70562744227839,23.026123855268676,43.52040769627096,41.15965289510772,35.394780350431,554.9055210079018,601.52126638193,1156.4267873898318
EduCompany_08,Year_29,15.308580751294686,19.551032395984656,43.88057802858141,30.162067998846815,68.23232261941314,48.70326886278712,59.469968848978255,26.75951053763327,28.286574488526902,40.82262254375239,372.62142672996896,516.1314606747146,888.7528874046836
EduCompany_08,Year_30,51.453802524596504,23.200480247387134,87.96785647475235,59.63049669850564,45.53537927929243,39.53949267680281,11.853563681341662,30.288487927520425,30.428985735581545,31.898797415198516,533.7605224141522,393.6041950749436,927.3647174890958
EduCompany_08,Year_31,96.78881685630813,10.086321947986994,61.96581603842406,38.74583874692861,52.16776994933081,84.79976432563726,77.08065786246324,29.954090339640864,29.501274033214536,26.40145455828762,629.8745966782053,734.0493272551474,1363.9239239333529
EduCompany_08,Year_32,14.354134709291488,98.88744440042312,50.956149412249395,28.681700267355144,71.50473994935982,53.028012196608735,21.538841122128645,74.04496976799498,54.01659591665686,97.57220013538826,512.3989546368755,691.0825483598928,1203.4815029967683
EduCompany_08,Year_33,42.64720393830543,30.589920573416446,29.960876266279563,64.68386330872175,39.34414524927916,95.52749685942742,34.11995276394663,29.459505744349002,28.743252081080307,90.89946010913117,507.70681309375107,341.7721811236107,849.4789942173618
EduCompany_08,Year_34,59.62914650276909,23.739312401340506,80.55071210232205,18.329537386395202,15.672138096606208,91.3315048513081,96.99844794954686,31.215239810157037,88.78537143766381,30.788518753338682,538.6101800848503,295.4254200466747,834.0356001315249
EduCompany_08,Year_35,53.7299199675101,51.73085153304364,67.70774111359432,88.89490994227509,31.424315249006856,39.396125862928294,23.567618120333947,98.43003449895727,11.382844977146544,13.92543150109334,615.6779696349914,718.0130649394249,1333.6910345744163
EduCompany_08,Year_36,57.61585268864077,52.74052889521816,38.97388500523008,65.27617761385937,56.705201215234254,64.92586555701988,54.34705004909698,55.83762952457819,26.867735187314185,63.97739216090844,543.469834317712,443.87703158402894,987.3468659017409
EduCompany_08,Year_37,59.159287774040024,79.0875763022219,11.039251260402326,34.38276034624927,84.53578940934953,62.86368636592393,26.08525283763611,88.26915375491393,30.056738743982912,26.92656466190193,606.2713635873639,580.0722797747148,1186.3436433620786
EduCompany_08,Year_38,81.13880233426711,23.15972349920586,38.725717749785446,19.161378232821626,55.331121602871285,82.33644810622225,31.555703978991517,61.57042800656029,12.186514189091698,64.48536635800335,539.4333828007187,265.44920796567715,804.8825907663959
EduCompany_08,Year_39,26.312921057917784,39.50963571747201,26.131449931463408,73.78194819653264,40.20693006981274,11.114540416122276,81.76291761575776,66.05244714264242,17.867455458573655,63.06059035592685,380.10048899484764,527.1272899684233,907.2277789632709
EduCompany_08,Year_40,21.870010471935302,27.442426578796745,30.64449189979331,91.11967922142311,48.10748883887282,28.41229299131195,64.03471824570053,69.70707925751329,20.970018789159123,23.28666847301298,348.2422058806174,377.60314207375063,725.845347954368
EduCompany_08,Year_41,62.84040247499237,43.63734686695082,46.37858357500328,21.608557100427156,27.114769937198723,12.959835936807796,80.28922166750067,74.489452229697,99.05898810064403,24.635359529082727,486.9467709726709,635.2806862762627,1122.2274572489337
EduCompany_08,Year_42,47.59992213377343,19.310454062232175,59.40356993012596,66.85242828493834,60.785620867898274,39.414540653574264,52.00875228021194,40.151837126569546,45.734907131138364,27.90550815045289,459.2657552543857,407.4760176104892,866.7417728648749
EduCompany_08,Year_43,74.13918340965749,75.97391300571311,62.00035986229582,91.79866904867698,16.38344106145357,48.79442502691585,53.24502115359044,16.001902803459007,97.62939178708956,37.55629305952036,708.933484775232,723.1074608486513,1432.0409456238833
EduCompany_08,Year_44,22.97855672822805,40.68615099274727,46.20154359012613,16.290955978757786,42.502151652688084,15.07293033210275,12.665573433326497,61.10729297936405,34.988369022113886,56.37913165526622,352.7222692968675,685.0274196959188,1037.7496889927863
EduCompany_08,Year_45,79.1842285648968,64.59964820034094,63.28723554466671,12.286938730518077,95.90096777836723,26.877616288010316,49.80841655059688,64.41136546421825,27.713352565515915,59.35170127081883,638.6154013973866,247.16731811484783,885.7827195122344
EduCompany_08,Year_46,92.02586237637456,29.076105073055867,17.30360732986787,26.311567053252155,78.67070517141076,92.77825024879425,27.849717261091556,21.618450800071024,55.46741718667363,62.66823605191458,563.2931191431991,654.0024358503749,1217.2955549935741
EduCompany_08,Year_47,48.4107363399001,73.06827783900621,46.48760767330549,11.681531790375097,85.75387033691406,80.70497155491378,92.63583881269737,96.2524446415602,32.48897082871238,39.337314069498355,620.9175534491342,426.62428093018076,1047.5418343793149
EduCompany_08,Year_48,28.127098556285713,65.65402675283764,95.22260266727024,99.21936988395997,91.06636731235626,86.41706431340589,83.48063428756272,19.66296875492238,15.966468181020268,78.26534234149328,701.3961633093016,600.3479001806691,1301.7440634899708
EduCompany_08,Year_49,78.48885280013864,67.25619408638141,28.893955696968643,13.380695041561786,39.08646281248538,30.415637474047987,76.0389764320658,26.614755615752678,62.87491725225893,63.670664536295156,553.3552655309923,475.6772905442552,1029.0325560752474
EduCompany_08,Year_50,54.82908325911726,95.39767816055287,22.57848042514975,53.11579535047011,43.6685218804017,52.833425023730726,79.59353974421008,47.18627646570338,67.84729280294698,30.914017933230323,598.6248151432007,420.9366910893343,1019.5615062325351
EduCompany_09,Year_01,80.30128442937682,77.87192475891399,72.6392720912074,56.62752573734937,86.65479586856978,49.53805123814413,52.51596158815477,14.120683715967274,82.57731516015616,39.94065333768595,755.5318953144529,705.0924142376103,1460.624309552063
EduCompany_09,Year_02,61.64959195701386,85.37724981128466,86.25824916770387,42.996706360624685,73.53933058469178,22.04035079757297,96.90760781750267,75.19063220591666,61.38343056794421,74.42329601019418,723.8703758636328,332.0562295039375,1055.9266053675703
EduCompany_09,Year_03,92.05350695128107,81.24965393087075,40.70577659038605,60.587595769887876,62.46750569810613,48.46117514045021,31.441865942576392,13.383220274345604,53.58909439597125,13.430909461413927,702.4395494727576,649.3432379695839,1351.7827874423415
EduCompany_09,Year_04,48.993504831945785,96.25337613335546,76.49394632906568,96.42089060657248,64.64180833632813,88.38875303796206,49.67278230279593,59.48084222085516,86.03581099475738,65.86828103847229,743.5195628895685,236.12262554840805,979.6421884379765
EduCompany_09,Year_05,23.118840414319983,52.13033464784947,51.93452727405182,70.35485129336892,52.08660996854225,36.880910156405804,61.59848068188042,22.248821627357692,11.99634728318035,26.59488149212982,442.1786684360336,755.4381271889135,1197.6167956249471
EduCompany_09,Year_06,67.43274191549453,65.58125289675041,56.26988339102735,59.548307385970865,20.335921338797334,58.754877539428755,85.86864756300974,34.7195931896328,63.41216415481055,51.05991347001584,631.3223053840817,678.6917010943164,1310.0140064783982
EduCompany_09,Year_07,79.19035090406975,32.7078256912747,67.60726261618831,83.93180493853227,57.75144283054395,98.65408259220919,92.60592353698371,14.275417740074301,75.69566401445957,88.79153258205224,719.6629420579615,536.972966806371,1256.6359088643326
EduCompany_09,Year_08,95.13151800469075,96.47762346647235,57.3077597836298,75.17780296072817,23.378853712184515,95.76836864183983,79.58119946909119,98.45938110227453,31.741556947628,90.18613790540107,790.008442236679,682.0810807397725,1472.0895229764515
EduCompany_09,Year_09,99.01905932744525,50.79089242536795,26.755016151205016,46.99125325708175,24.662759964592336,78.5757546366989,40.255006953905124,88.80227308190922,48.60335768142853,62.65873905393791,674.1182603365557,518.0718960744739,1192.1901564110296
EduCompany_09,Year_10,93.31895085991279,21.4516105796475,66.01855280901577,37.68059711896514,94.35565741511634,29.437103091959138,13.443043180592625,88.59759485547931,75.64206362095486,70.18876442804401,675.1463648937544,535.3956788624068,1210.542043756161
EduCompany_09,Year_11,45.63357031244034,40.33255386474634,35.92749408748165,89.73230047827519,26.83145117907909,93.38476686454243,38.41599123026736,28.633292193950272,12.589165450992262,10.44723173238757,479.5994962291767,258.4089429680216,738.0084391971983
EduCompany_09,Year_12,16.782685432297797,59.51241326426411,66.91128840106686,95.87633168229087,50.8600795373473,49.26669573639079,89.09509813426577,68.68516994682471,17.11050649486176,67.52063570170685,589.7493643959227,783.6992635010905,1373.4486278970132
EduCompany_09,Year_13,18.968819430548734,91.29367769513065,69.08545848770173,30.980165170182627,37.48556596869361,29.883382317953316,98.00517597518811,30.76710920842533,60.50937052627397,19.417761915026233,539.9809130672719,516.3539388288733,1056.3348518961452
EduCompany_09,Year_14,53.97259751776335,37.85457312041204,72.33937514311363,58.97622389095112,59.499907729561535,22.07221102898157,29.91544766521614,10.221649843559963,46.55147271344229,97.13799019857136,456.8053347905249,377.841904367551,834.647239158076
EduCompany_09,Year_15,60.333839452939856,47.175771890828074,66.6490072583023,77.24946501469987,48.58520073847478,82.90607945164157,46.72227135507103,69.4760774853554,58.09187021213315,28.461908760996153,726.882925468004,474.5991577213264,1201.4820831893303
EduCompany_09,Year_16,76.68534729833509,92.54490700610445,63.1293552567819,99.7465357053556,59.93188418701586,47.661825018953635,72.50805083203343,68.28212709343555,62.55997138127105,98.2496754040203,791.4440248138293,466.1342903988976,1257.578315212727
EduCompany_09,Year_17,93.00168626569075,21.98586376276539,27.087007659359337,71.8957310194321,13.035476986190833,89.49771079145299,66.81308380726193,67.27815175833672,46.054499276100806,39.8250904104698,596.0130847155843,256.19443927762353,852.2075239932078
EduCompany_09,Year_18,97.27769142393477,82.20831840793716,90.74659026738942,69.86700583526822,55.93211610577898,25.931336967901665,67.92614489514267,43.01055182815384,94.5811579327046,28.533465164015325,814.6195232557594,682.1468139595335,1496.7663372152929
EduCompany_09,Year_19,74.4463540289065,35.56404423708989,41.72704896732434,68.20087966608043,58.334955960708,79.3879804217237,57.32817102362699,31.75438907883718,44.55464974912473,95.28580372446932,629.0567850573799,208.2375238069158,837.2943088642957
EduCompany_09,Year_20,13.020326966376365,15.097123182042154,91.6959710209222,14.600643112546317,50.30943935359784,66.97078664607143,39.75506686529553,64.91621980702598,18.631064792845898,60.41438102768448,352.5786023325517,371.81335163392157,724.3919539664732
EduCompany_09,Year_21,35.32313106536476,94.67298102213987,62.12127558799899,16.000873157996686,85.15671891782345,38.84078066848893,35.74208579250697,98.21010754592714,65.51791193172598,49.189921183542594,590.4130558790707,534.8486552251916,1125.2617111042623
EduCompany_09,Year_22,41.00186947659268,74.19882994838817,98.87394082931351,19.431256351628708,87.42119676287938,60.55561856521613,17.705611545300997,99.97094999536779,84.3904249376306,35.21390088622779,633.9546355553302,217.22547065085848,851.1801062061887
EduCompany_09,Year_23,95.77348612706928,13.947213319831578,98.04306139300841,74.40246492997277,35.54144029892593,76.06987439088708,72.13516552161803,18.365946277570696,62.508726929668086,67.36322258152659,700.0457473086251,470.6467219464237,1170.6924692550488
EduCompany_09,Year_24,88.43587725787401,96.30764494287489,56.19762276917869,81.97310491241909,30.29393387069982,17.505635381804495,32.93170094872626,45.925927433565285,94.01947526264755,26.517393275003545,709.6930609121777,526.3204842086925,1236.0135451208703
EduCompany_09,Year_25,19.605932016746436,68.9114961140159,72.31163957935885,94.55970739981008,45.594410399472046,43.14766945677522,65.51333515740603,45.19975810748757,26.657112482704132,81.14425783758098,523.1143774754939,232.49445960167836,755.6088370771723
EduCompany_09,Year_26,25.436394033375414,40.17894097806513,17.01744930582783,74.89924268585814,40.31786668015721,41.580168861171,17.54466381017524,31.035054982205892,24.208884087454848,61.899465578501996,315.2192121630883,268.1190397874517,583.33825195054
EduCompany_09,Year_27,97.8785096167338,57.74463143320458,52.88372963926142,85.08869489786198,12.409714385608924,72.00872248801289,40.887520270292654,85.59572215591218,91.46466903617535,14.213670772328694,729.4767215085634,289.47934542176773,1018.9560669303312
EduCompany_09,Year_28,52.55000806800239,45.0678396783505,86.28910779618633,97.05492829479606,17.811143934697263,88.0951265942072,34.81945268970874,84.30446577385536,85.37683467356926,95.4516243640753,687.8397858336649,697.2976927260145,1385.1374785596795
EduCompany_09,Year_29,99.74937656471002,60.70244891898829,70.15878689707496,27.024417162929506,51.4917520324406,14.516990375609382,28.883359626984657,88.35965899856791,45.463311233475665,86.14896295908065,668.6803773805267,691.6190274311084,1360.2994048116352
EduCompany_09,Year_30,35.11668344937981,21.273282618421586,35.43825963192916,81.60634677235366,69.45718859924256,37.31239742000007,92.97768419373021,10.597104787366948,41.53004133551754,95.85003768348106,452.3802019822173,293.9899081893968,746.370110171614
EduCompany_09,Year_31,97.90044801218225,24.00957180643633,30.894818396043725,24.15551759330701,43.345829077290986,33.112672482804534,24.914121235105608,15.56936528641333,20.556410527723894,83.87037473777113,444.43866417974345,234.93720330980904,679.3758674895525
EduCompany_09,Year_32,92.86126011414946,93.47394352202787,71.0706692838281,73.73159050391935,20.85951530033245,80.31194078846329,78.24187258831311,75.8597313108843,55.513884823064714,39.306023582501716,826.9118404566848,768.2694512560531,1595.181291712738
EduCompany_09,Year_33,96.45381245288988,60.55665370165425,16.348325831449174,79.68631521447737,94.90941273138124,30.60467291167383,99.75343417937545,46.70768831664468,34.482274312619644,89.40846874439657,681.123392951298,450.0903596527412,1131.2137526040392
EduCompany_09,Year_34,82.2875551845908,39.088936566949585,37.489546668615056,66.88289215847237,18.72710868786032,46.55934880672645,45.643050947454554,65.71832815701791,22.145045130099486,11.73507604098874,579.7933958590976,587.4121992416498,1167.2055951007474
EduCompany_09,Year_35,64.01784330609848,26.180603297010872,14.090130463400069,88.69989892465244,89.73378052967463,53.83949703738058,82.88148143636982,62.04916493940216,16.14081573311808,31.794489967468948,573.5454303382222,311.67485053710953,885.2202808753318
EduCompany_09,Year_36,43.49149672793073,50.58022781726378,48.380952053395816,39.341775630965806,42.11795454705515,88.84686331923335,41.77322351530155,26.51316469905758,33.71114700410457,89.79130022304,482.93896291216515,381.996599798985,864.9355627111502
EduCompany_09,Year_37,35.66205933432697,92.28577407776059,37.2234059705704,95.38965864402715,36.36096486520447,39.04527047510089,99.75816491710985,12.493457858481083,17.065571093885175,84.5674081202311,615.2621674523133,761.831841170017,1377.0940086223304
EduCompany_09,Year_38,79.70739086973309,93.61133655102036,28.884047230911214,83.5453086838466,65.95131681695909,48.50542973133566,30.51981083546753,36.70661826206947,75.84719529116722,85.67177217020244,694.1650526697697,761.2467386118979,1455.4117912816675
EduCompany_09,Year_39,95.43388710592046,29.105123676920694,54.18986903918347,46.43677567598212,22.72171499763993,77.87675342809541,83.66082785782518,94.01129687921973,22.540298505487954,36.83080657591156,625.4453444621054,716.0257661202309,1341.4711105823362
EduCompany_09,Year_40,25.345230670923613,46.684542390259075,31.973721993441096,88.97822023648408,97.38129203359969,86.4479800511919,98.00635082527931,48.96571601922942,34.415450740296976,69.31986429044179,618.5922241216176,357.50965725872584,976.1018813803435
EduCompany_09,Year_41,58.606123060028,17.212701920526587,49.43793968200653,97.04630516618984,32.5739186320237,22.61332409202686,93.50099946548691,68.55672198350648,47.13321274644547,54.229109614334575,541.8695552091683,508.96151845115196,1050.8310736603203
EduCompany_09,Year_42,55.166209414038235,92.44602671697012,18.412620540368515,63.50722725608157,93.95041846943516,54.51261998591072,49.264242132171326,27.629379425023902,86.66187362155495,80.67278876089607,599.8249874459455,243.3741988923651,843.1991863383105
EduCompany_09,Year_43,27.860821169324787,51.63724726249786,81.82411237250435,96.32932773748949,77.49954491080743,49.772259454943175,74.12804312107268,29.543723522588284,39.17032037209006,70.15636522981896,627.8686284949445,568.7991990512752,1196.6678275462195
EduCompany_09,Year_44,65.64817430112888,44.13285424548359,59.06246602216772,86.40636641658148,27.6800913471005,56.74855841045702,32.79852873817042,81.5394292625011,47.26526054321933,54.659732037932116,562.6875262512353,429.265708774056,991.9532350252914
EduCompany_09,Year_45,50.66370096591123,23.61018269535461,99.04271141078635,26.539128700086106,15.304705700297564,22.538886744472435,50.32614801022737,81.65649635779023,59.55213873206664,28.166103618247597,513.8596089586101,638.7357974609743,1152.5954064195844
EduCompany_09,Year_46,18.221608937724895,64.48095104990006,77.49981694334807,16.207973125566255,32.59311180638831,42.38892935819841,69.88812503851607,90.70007299823357,40.41412729448197,46.093953782555865,517.0424802665311,410.5968665467277,927.6393468132588
EduCompany_09,Year_47,93.1850198382485,53.973132264709854,40.42042611893531,58.239678920780484,67.45076338283846,95.50714119069967,98.25925992445973,90.16428972284645,87.70723553278107,89.60175606604993,770.8955208358329,498.97605489167984,1269.8715757275127
EduCompany_09,Year_48,41.09379941325844,71.45254045296737,31.51401129359013,68.52769994072571,15.414614062789322,64.62558380183681,71.15418991499116,47.28238671386271,96.12940988075802,91.99600970167226,514.9457406649573,578.4062111139754,1093.3519517789327
EduCompany_09,Year_49,59.25312152429477,58.14975639752931,54.001764442985774,19.99104551924485,46.4040995799972,79.62519200757148,87.34043545512547,37.37191019891078,43.63425711712931,27.321972352256495,569.3521811001319,523.9319326791679,1093.2841137792998
EduCompany_09,Year_50,32.97227377084055,22.417209267720335,75.63978529049552,83.94699617328281,37.32580418141615,14.725900555518187,14.05921245414482,23.989279673377954,99.05638222780844,20.972188574769238,443.62471082579617,382.05214785930855,825.6768586851047
EduCompany_10,Year_01,49.00186017145222,73.58949439060049,38.336071157990986,22.288175009928473,70.95610349460416,34.083411016906894,11.741847996094988,41.97936973463955,10.510229789758885,80.61408069820938,519.4990022422484,428.8316409538779,948.3306431961263
EduCompany_10,Year_02,41.23175209105215,85.29898430485768,25.84680658279437,53.984943747491734,49.727999367228776,98.06806888358646,10.350646371875488,96.28905664119219,34.81390045043324,28.15818735060543,554.2870358731202,638.6782026757427,1192.965238548863
EduCompany_10,Year_03,41.993097834468806,31.75310093482501,36.60311166643949,94.00660783414715,56.43817839117656,18.698133954308414,55.404146823723785,44.69702089937539,53.47480503289205,27.57010486202317,502.2775497230272,606.3572977990486,1108.634847522076
EduCompany_10,Year_04,85.9956789934162,86.65350270161582,38.93592476863404,27.24225773990967,23.917651380450554,97.55077441438002,33.85325294549607,82.76525767231833,31.238216912729804,82.11966942536314,631.7310446633489,340.0870921832711,971.8181368466201
EduCompany_10,Year_05,50.50291430911481,16.059860603016816,36.884568479405495,24.4546948225275,97.49564501704535,14.763431269327139,59.85566153743687,59.74097580940041,65.24673360439229,42.97888473651187,450.17627866533206,267.7833512455077,717.9596299108398
EduCompany_10,Year_06,89.02765900113417,40.651053637042125,16.202669635408398,74.01842901238608,20.155257408696908,56.37761150842614,62.97652920816688,88.47606503118931,18.284078225882297,87.47575961343502,585.9748928982694,312.8393619627353,898.8142548610048
EduCompany_10,Year_07,98.50629565471664,95.19183430517029,20.364957437146376,58.774373632009635,76.3037016132866,60.47999866956198,80.60034268715651,27.69525413142447,41.94303843376976,42.563699953828525,758.2144150137318,736.5108051388091,1494.725220152541
EduCompany_10,Year_08,48.747685167876455,23.615590434552185,42.9049321847205,75.926273831825,19.707314783289377,94.18121371764796,35.00157334081824,57.38596321801064,81.37581096738124,95.30600562842754,523.2272045123452,555.8509249187417,1079.0781294310868
EduCompany_10,Year_09,13.489489947406682,87.66495206985651,88.16244854402771,49.93367155081286,91.23533462727924,26.312563388268927,35.93757814446196,41.82652227725225,95.70941482286236,47.06489747366752,643.7611105243352,313.58230807816835,957.3434186025036
EduCompany_10,Year_10,59.62905091133591,31.587448142511054,30.626186451155988,35.53070893769291,28.731686387667644,66.44545917513676,33.449898264948494,61.704004711507565,96.19218331986413,77.95111465474298,501.3059155337644,494.3147508957586,995.620666429523
EduCompany_10,Year_11,24.380982269329834,92.6796877811878,76.83500509808489,45.427122517615636,60.059563280362376,49.692361202054556,93.39158292879885,21.985434403884323,67.75164504356385,12.419535323994772,536.8685034137599,483.0485583561222,1019.9170617698821
EduCompany_10,Year_12,85.25047020838298,31.60760030079291,35.764881335189244,10.456056942596607,38.233615422390514,52.88942652515696,90.93871522052689,97.00770383350437,22.14682430973003,11.215807972469326,556.3172843126206,751.6003164638679,1307.9176007764886
EduCompany_10,Year_13,66.21211987447022,19.906341679774933,18.88128906236762,86.80996840744508,78.39701739224564,85.02632272423305,58.855148447225396,18.832823138702505,53.366316999512826,35.93690048787171,553.4080410661556,376.0242798553212,929.4323209214768
EduCompany_10,Year_14,48.72638371830672,33.169454169595014,15.893500820829345,88.5890974411686,11.006459244246248,53.14839988588314,52.83506126910957,26.163930959600712,18.948638913196696,36.07277453212953,407.1063497192068,753.4206405655383,1160.5269902847451
EduCompany_10,Year_15,39.37116390257167,39.21607295123965,67.372871510695,28.859963772348117,69.34833536463191,36.29195815582163,13.475219707201875,44.75253998900402,15.119636950481071,71.4623538124244,467.60791534861045,377.1514573581368,844.7593727067472
EduCompany_10,Year_16,20.51152802032371,80.02158436327134,20.731173837474113,41.569000098551726,29.97380381798964,60.60905006404256,35.614078054166775,57.243915006574674,65.79101622237175,23.673276584004185,445.47992982835,538.3245883851197,983.8045182134697
EduCompany_10,Year_17,25.04785396925211,39.0333040246248,21.040059023903048,29.38335729545283,12.580507580093352,46.284124627873304,54.42281839740556,56.26811620437202,16.498540324018393,90.97424876448497,316.33797771501287,754.634010667851,1070.9719883828639
EduCompany_10,Year_18,97.52857132093064,53.34074905364235,17.48547719646212,10.035034053405266,71.87626458883244,36.24925879666267,12.414804099043867,77.1879564215893,22.41990907873007,90.46730978343464,526.4766930867352,521.2557419201871,1047.7324350069223
EduCompany_10,Year_19,61.277962297380704,50.94793471010628,22.04858249242044,59.47697719758153,72.96260342017777,54.467929216620306,25.77734787337276,26.163243253798218,85.39231020025326,13.74200702058139,554.9298952084184,645.6259732304826,1200.5558684389011
EduCompany_10,Year_20,94.95467397748693,42.720491668548,85.58889778106656,99.2624204260472,55.41611369422653,46.26294684665664,13.910189128506161,27.99295991566403,36.89979091710248,63.27979014668399,689.6803920773897,766.3604901738319,1456.0408822512215
EduCompany_10,Year_21,37.87276289715301,90.14940644147028,95.4079122382928,77.52768871677374,76.06125766528679,20.094988313609115,15.263699892198304,69.87438030531385,90.48890839758265,74.21707870364376,721.4083114721567,682.9348769003277,1404.3431883724843
EduCompany_10,Year_22,50.281059417945684,57.551991842988954,37.11127209604905,55.49977986587969,13.437673487811175,10.871297818497673,14.264799069892732,16.091522739518727,37.92867198429472,36.98428703643526,466.28335442065384,796.9080972045324,1263.1914516251863
EduCompany_10,Year_23,16.347718928061056,58.325749199096094,13.128721451171703,75.74174851457265,86.25143534209028,37.63723397103075,68.86270433788792,88.94497828666769,30.81088794116901,39.12632088826388,503.2167832004215,335.7919870718239,839.0087702722453
EduCompany_10,Year_24,53.166475153983896,10.80358711268923,34.991535810819,62.79346170290325,63.271697954188504,48.15277770866957,48.58411872908515,70.85741341780889,19.20871297608878,25.811195777000776,474.98427522246595,488.3608180439237,963.3450932663897
EduCompany_10,Year_25,47.307138136238,53.63726731789165,91.06768825075584,96.56416125966176,92.93716251043267,46.03600053782849,71.81095814885933,97.1131183189145,15.340318062231134,48.228582747061225,720.5429573944261,511.60166624495844,1232.1446236393845
EduCompany_10,Year_26,19.258684560796958,76.77169329320193,80.04812699244847,14.654025292219263,29.243747564441335,74.90779822034037,90.31333390547212,87.68789326141325,51.19598710632895,71.07267358860835,539.2409634681089,432.88424895441864,972.1252124225275
EduCompany_10,Year_27,81.92641275038784,58.048691183581205,94.73601637571224,20.385394891279816,76.85370259776204,77.04588187691733,46.66937445486005,32.02003965151909,97.1279964742484,96.17821851167774,728.0518263473932,465.40104766667383,1193.452874014067
EduCompany_10,Year_28,40.126224573175186,31.70923454534638,65.22187706185106,41.8931832796242,69.33717584517683,41.594427826510405,20.673773308095726,64.22582288499443,58.10874488805225,45.14171667640434,476.53758354442886,773.0674179450903,1249.605001489519
EduCompany_10,Year_29,51.74467222012879,49.99925732546831,17.323052350851135,98.60073758433143,99.75802041585015,97.78319325199942,36.95996414402764,53.983108563115856,83.19026643837016,27.04486572965944,624.437041122784,473.9723940895994,1098.4094352123834
EduCompany_10,Year_30,22.827965630695303,17.531201675905933,89.48905507605537,28.17004022911759,21.199163266674745,37.69522541794671,76.12076150025464,98.7401411992315,23.504092766692885,14.56343909066963,447.5917963033638,622.0048947436597,1069.5966910470236
EduCompany_10,Year_31,98.57290906550463,25.618731940468553,33.745656177018915,37.639036270301105,27.39885380571114,86.43394055350923,92.5884154589047,90.7572948490428,69.12370354887979,76.10803923335676,598.5054155445856,266.89914745552414,865.4045630001098
EduCompany_10,Year_32,39.65899775801928,18.26633606914019,35.78581380257998,28.962131955157094,30.331299578650047,32.79215408150502,30.491422940153488,71.08105665108081,41.85478455548239,88.71717651014555,338.4078028967165,652.2753727644911,990.6831756612075
EduCompany_10,Year_33,71.2936364380817,17.57932796386293,51.03452944267203,80.47283177726243,34.111486727802124,10.446119531356587,97.52392858536476,31.03663501056769,41.61358341359062,40.901776550666284,529.9463333224692,544.1809764928485,1074.1273098153176
EduCompany_10,Year_34,43.060383616684454,20.089356795035933,97.68527181669766,84.69987700313501,85.76416824507204,22.855855652398937,90.75065568251088,26.448633101587916,97.86297476239453,69.92871604855142,625.0070746049188,334.9955300874457,960.0026046923645
EduCompany_10,Year_35,94.17818685023356,27.215408767269853,29.957415978806598,24.59576035091269,41.21331728489319,16.13089206276456,11.99070817242314,11.002610354240229,72.58396361967422,17.47522673609152,507.5613111460347,577.631378136812,1085.1926892828467
EduCompany_10,Year_36,50.2599188066,66.92567445060143,51.49297084297795,21.42213081087419,84.0337292981759,33.014360596106584,82.82187865997686,41.311416163878086,36.46698395580708,66.52234315808771,562.6105449266704,719.8941154743121,1282.5046604009826
EduCompany_10,Year_37,52.103554263011794,74.71808209800174,75.94596331269352,57.539658808881164,90.75853704039946,67.3317766547017,70.30677548603286,47.54016390188367,82.18935598527865,14.398444480705816,716.1836526603352,279.5165231289124,995.7001757892476
EduCompany_10,Year_38,85.69595062279636,71.83631976665734,72.89608684788523,53.70711571611437,70.2001457714795,22.596384496783415,28.0258791129325,52.61652554368723,38.8880191939284,96.3602897955921,628.7643565005947,277.97780025021933,906.742156750814
EduCompany_10,Year_39,10.188650147875249,70.28020247654817,25.477975489009616,85.47977814573318,81.21033518680646,37.95910682529809,82.0108617426648,65.55787344286527,70.09165595373938,84.10990188487102,549.7638757720655,384.7447684132659,934.5086441853314
EduCompany_10,Year_40,97.5120267354018,26.082183343170605,72.54589622361726,99.29614564184588,98.6212285137942,60.11110127836747,78.35448825657961,88.15060525310045,18.043069949235445,70.38967769534476,781.354508000548,685.356286093436,1466.710794093984
EduCompany_10,Year_41,28.730471130973875,38.06873364842728,28.616986046924207,88.46454172641704,28.576295141573173,49.80024215343918,61.51034049681769,88.26507942088811,99.53153479565252,65.01071382859195,538.7235947552788,497.32935090841175,1036.0529456636905
EduCompany_10,Year_42,12.31744023038067,82.08749361478614,55.77194743868564,50.67589057533401,57.93196637398126,56.664177260166845,86.88992950068129,57.56899238982449,36.616379119404485,36.12435313409583,539.5401976814906,275.03667012745836,814.5768678089489
EduCompany_10,Year_43,71.09396007743395,87.12296691557879,25.293338432553,49.381383241147745,75.06656517068167,39.229760974966496,23.404687875926722,66.9624765937073,66.1171199954091,46.26908926083739,641.3564659052274,377.51042603459723,1018.8668919398247
EduCompany_10,Year_44,88.80362454898362,43.64047786912515,18.796666495804836,91.59006052690302,22.076041138991798,35.212703800635595,79.80053078998944,73.45467882869217,59.88291459478068,91.6054556604461,574.7759895185494,697.8085480895959,1272.5845376081452
EduCompany_10,Year_45,13.609416659371487,71.7973288635451,61.60271695121586,82.91154138132306,58.84507049015663,12.486034194570545,62.01284320481447,18.168158980215345,79.93581451314861,44.646912537993316,510.6402676591741,303.6108174183843,814.2510850775584
EduCompany_10,Year_46,27.480365208662267,92.76101450170351,37.963862197039276,53.616779051486596,77.41875138493278,10.265491261490935,89.3299189949576,97.33517411020001,16.338800480457202,82.06518639361053,532.5064635746759,207.7815843406413,740.2880479153172
EduCompany_10,Year_47,29.42979112930802,73.84815714014456,84.52877864790361,53.6317777797565,92.0689596662386,20.696578476269075,89.09175037151752,84.0462067043314,94.27940115323246,43.1263562258449,666.414697303786,273.2721297847895,939.6868270885756
EduCompany_10,Year_48,42.04488178662868,17.105413083981315,10.68101010961455,44.73136536927247,16.3561204674861,74.43144438097927,87.57639152701235,28.91270571692802,96.30137566022091,13.368563823534602,415.4864255685753,362.3304264088448,777.8168519774201
EduCompany_10,Year_49,97.22578401583223,68.12842116211783,84.79313998170012,25.226162536600185,65.82394064565858,14.929030129748384,30.950860863904218,57.48356345793959,34.85848114684045,73.44972003674626,691.5309132424662,556.8595549255158,1248.390468167982
EduCompany_10,Year_50,11.921966382993133,68.04966392346148,94.90853861052618,59.52243667431414,64.91246977284473,49.270087492379254,46.340813336277456,66.66491462334392,35.694541188222196,89.63854862958812,525.4215807054655,268.2704091103651,793.6919898158307
