Company_Name,Time_Period,Digital_Network_Integration,Research_and_Dev_Budget,Device_Assembly_Output,Solid_State_Memory_Index,Highway_Logistics_Toll_Cost,Marketing_and_Ad_Spend,Legacy_Component_Factory_Yield,Advanced_Thermal_Materials,Semiconductor_Chip_Monopoly,Workforce_Retraining_Cost,Net_Profit_Rs_Cr,Total_Cost_Rs_Cr,Revenue_Rs_Cr
Company_01,Year_01,43.708610696262625,72.83455426177707,26.66196359547577,56.71736066225962,33.55351153623154,84.47670298956727,70.54326947880082,35.78675940344107,61.47962904552335,63.93693583057498,526.1124271158243,261.12725848373395,787.2396855995582
Company_01,Year_02,95.56428757689245,58.24867297097084,58.77108526405223,53.126368986675786,32.22809191647998,78.80750151892458,81.7013257472235,82.23762811176367,82.48890963699877,56.23370696937744,661.4008355630208,746.6723008351745,1408.0731363981954
Company_01,Year_03,75.87945476302646,37.8574854657695,88.56512522887675,12.307785922579212,91.5629122468933,61.617605631001595,32.54211089132491,99.75141099132424,78.41448368111432,35.93660733635765,645.304935273851,692.3045025392655,1337.6094378131165
Company_01,Year_04,63.8792635777333,83.24155177362537,75.9002397768605,40.71230448635407,32.45915798645555,96.04424292507397,66.23866896462991,12.702340479645354,23.85099142243963,10.581792201073949,681.5862301301537,656.0209410819043,1337.607171212058
Company_01,Year_05,24.041677639819287,71.62580552984913,82.59050330753047,44.21760569072713,34.47547535157679,28.042706397556252,61.45713848293738,90.76292792118387,23.43245227673265,54.66152997107326,539.2555955111949,229.25979128788424,768.5153867990791
Company_01,Year_06,24.03950683025824,24.63552454104022,69.29050300396456,45.894050280721046,78.34584361761674,19.83377892786593,84.9547339109444,66.03674802387923,34.1356930970422,35.70633897060188,478.04507733132186,706.2372756261545,1184.2823529574764
Company_01,Year_07,15.227525095137953,91.98344660444582,72.30489080660672,62.215513230459905,50.4765858205486,86.85657702598799,91.54783544331345,97.6044357248339,42.49672537069335,76.11474706394816,626.9972424003859,462.82644554323025,1089.823687943616
Company_01,Year_08,87.95585311974416,84.0283518630852,86.42760864087873,58.02422920541906,79.9039501259663,49.52348349703735,11.094109432964812,51.85085657737849,46.76100232676343,12.155163874343515,716.8737452114798,405.43707397751575,1122.3108191889955
Company_01,Year_09,64.1003510568888,95.48199219627317,32.470120797326736,64.71145835141002,15.882954180794671,86.22719687863544,70.66179271529134,86.26491375142363,71.17274951500107,62.634503017521176,685.5685429879267,527.8858166152258,1213.4543596031526
Company_01,Year_10,73.7265320016441,75.3147557549524,54.04824672788264,78.83949353879154,53.88140743060459,90.37811846758734,14.665221920775611,15.61546617384495,15.101238894925187,94.73268137554588,634.0671671053058,254.8119456341335,888.8791127394393
Company_01,Year_11,11.85260448662222,65.20736763422109,29.908849763764202,83.16871648444841,13.025224016495436,15.62118342571643,59.39727985696203,40.175114507046615,13.120543380345975,25.696834040034958,450.68791720844507,653.9879296114393,1104.6758468198843
Company_01,Year_12,97.29188669457949,47.6418732661557,98.89012071969823,74.6310768603845,15.638788310981907,89.51182866874547,35.88694561393104,16.031488397608896,45.27195066495181,52.448454167553585,737.4175980911091,549.4610461329776,1286.8786442240867
Company_01,Year_13,84.91983767203796,93.94556350186119,94.9653405717952,95.99713263594413,91.57937080099698,50.348714983247994,37.60989395699271,97.78088201311635,72.74473229241823,18.227979263542437,867.5098262138338,311.9540581239005,1179.4638843377343
Company_01,Year_14,29.110519961044854,87.94575005503675,13.54841302316553,11.640932440872547,22.532083400583566,55.9389240103809,41.76626531071209,83.5276516544653,27.40918086608343,66.31137210352173,399.3571234494683,312.93931986142735,712.2964433108957
Company_01,Year_15,26.364247048639054,14.069680309557047,73.50176552641196,27.620018711519148,57.91786140476954,66.39332599838892,65.9163204144649,86.72926791213735,67.73540331306265,59.547851253660305,457.9764375771549,310.5491909436046,768.5256285207595
Company_01,Year_16,26.506405886809045,12.37302770475268,93.27234856740992,10.68065874803279,46.99860423406359,93.3744346057078,40.06449691018923,94.41687082905048,33.38453241462695,46.66289717915491,446.3460963457166,234.20143253116038,680.547528876877
Company_01,Year_17,37.381801866358394,43.881703019024464,26.25178106146002,68.27272427391426,41.26089936329584,11.720448498678763,75.94291455312523,17.659313750780683,89.74774979321647,56.923931932636705,474.2791646229792,552.679069623011,1026.95823424599
Company_01,Year_18,57.228078846901404,82.94979977036496,61.11507074973665,90.82274940549883,90.98500111185452,52.91591214860354,46.40746470164827,44.7037833262,90.61209498399549,90.69171926221091,725.4163192570055,704.2089065531048,1429.6252258101104
Company_01,Year_19,48.87505167779042,98.854851638345,92.39394678292376,31.913406691866935,11.964105709794055,71.89498381875046,16.151788027896274,16.393140013960192,36.75584838531938,27.666487207996035,564.849097423323,210.49892839243316,775.3480258157562
Company_01,Year_20,36.21062261782377,23.537520199317537,13.055138072721896,93.4331090316676,69.74107175580302,75.04362619284056,80.53838582356966,28.971379139502574,30.699437856691645,12.030806053481252,538.4002396419862,229.40278698276413,767.8030266247504
Company_01,Year_21,65.06676052501416,63.47176438169216,72.76782405221559,15.424065126060476,96.70549907921954,72.32791883833971,35.71824921334354,30.642919933390512,47.017357485960815,87.54983962291908,628.066569291502,543.6621660121675,1171.7287353036695
Company_01,Year_22,22.554447458683764,44.28017709679194,36.761410663529574,94.09924241249628,60.41513651156578,22.099161646730966,48.949019163933635,52.21964899428208,31.647842666213386,61.94053741491158,479.6906806227376,691.6974112316313,1171.388091854369
Company_01,Year_23,36.29301836816963,97.29229580331429,93.19565758388774,41.6460418515671,94.31402158297827,36.94560295345131,71.68994948997113,34.17059507082783,70.51454589625334,90.15926099156582,656.932353307402,396.0433343411802,1052.9756876485822
Company_01,Year_24,42.97256589643225,85.79070308221378,97.39524206488309,19.127874560429486,14.703209135742139,42.28439728753121,39.92105414338408,19.0880296135985,84.34582160934569,63.72507010718553,561.7122010262666,409.7686392846333,971.4808403108999
Company_01,Year_25,51.046298579533236,85.44958342400241,94.98398402020905,53.72845832676931,47.69139871667453,82.39934869115545,15.092709053204405,25.074198018469694,70.57829178200953,82.91449809637322,665.8040426353563,557.8078984980656,1223.6119411334219
Company_01,Year_26,80.66583652537122,52.18238438154732,52.67927949917174,33.109891094845715,33.414201186584606,35.088388517309774,43.652894231153226,23.254800719688184,84.19154025244146,48.67060270196332,502.71416070279145,364.5277334744882,867.2418941772796
Company_01,Year_27,27.970640394252378,47.33375521038987,87.58383858903821,35.638561176573056,75.77388684826568,28.963446748048284,95.0003724424873,97.57691181210684,45.72929459867267,77.48739381594419,623.273922294548,215.96501964661047,839.2389419411585
Company_01,Year_28,56.28109945722505,34.60663647376356,86.00944586815633,37.65609684336579,98.31673814475221,96.17032171342865,67.75609575687024,78.33632562266263,24.06852736379748,92.17373202008704,696.2427165950068,641.1371108609576,1337.3798274559645
Company_01,Year_29,63.31731119758382,15.073794698583441,38.71904259189301,82.27233080493971,33.0877056199823,10.7976956602122,70.43312338004861,97.09853187426057,76.41558526578329,61.49106673499857,505.4820620913653,575.3899477648719,1080.8720098562371
Company_01,Year_30,14.180537144799796,87.82501386295479,84.60239267356096,58.52451490077291,68.8757141326667,99.80387701137803,66.90539382738758,49.57664378571177,42.44270546273985,26.27066355061416,593.5111148744895,548.4535994333955,1141.964714307885
Company_01,Year_31,64.67903667112945,83.16109082170698,13.330687124394336,38.01769292404033,27.82878694837661,70.9139168971656,27.90929250634931,35.05316334963909,70.41437427062192,34.19178535271784,543.1147922772283,645.0104773950939,1188.1252696723222
Company_01,Year_32,25.347171131856236,99.97459059575175,63.66428906338477,64.93004049798265,60.879722911444894,84.56223695042054,47.65004776920521,81.8463877488268,34.35795477835891,27.87801192076652,637.5201645215992,605.1385025372225,1242.6586670588217
Company_01,Year_33,15.854643368675156,99.69731533665149,30.700795355893273,74.45356068008742,51.75392380195026,36.51574567115738,77.58458185269865,39.36285262370321,17.31066713260054,32.21713248361596,528.4785930956342,323.5291929069927,852.007786002627
Company_01,Year_34,95.39969835279999,59.988853504236474,20.851019719955094,34.53616006601804,97.48047966683833,11.288374990035399,19.123560779784324,36.94450363348135,99.33236159389871,37.57739044159327,612.1959979047886,411.4886281660107,1023.6846260707993
Company_01,Year_35,96.90688297671034,79.20886736624594,16.925788146628825,47.21941913728163,64.76745454268199,76.40825667053771,35.00674984807411,30.925539298704805,24.058135713753934,59.96204080778696,674.5427552964621,275.666085007175,950.2088403036371
Company_01,Year_36,82.7557613304815,95.02891568941853,72.66598982903258,20.96974840032528,41.455573487813695,85.07301373006082,34.868719761926826,21.67110804018118,98.95788945671329,62.91924665174495,746.5194668012626,277.91420805072863,1024.4336748519913
Company_01,Year_37,37.41523922560336,86.46826516096704,40.58874673912595,26.303441458121227,20.268620639914005,76.64285187581672,48.88170348350554,33.08167549150894,97.95519393098026,48.3849772517675,527.8818597152334,605.7174478139235,1133.599307529157
Company_01,Year_38,18.79049026057455,32.26132915688779,75.22900943758853,71.30060685684845,23.612214586144113,22.856525857075475,98.23318668479665,41.97877736264989,81.44362935172357,65.38787018387518,431.80243704125616,715.1600641894989,1146.9625012307552
Company_01,Year_39,71.58097238609412,50.54897217790842,15.882070671904813,26.329451292606425,30.27852369561116,77.80851300312722,16.075229201543976,70.65947873311573,69.34806658737978,17.341743305022934,540.4642623850133,777.6395503166834,1318.1038127016968
Company_01,Year_40,49.61372443656412,21.62434736363455,38.37613040475493,57.26470453003542,32.58699952062682,79.20305038968769,56.68308949425355,15.630835799750642,62.002634522597624,17.900941335234396,510.4249699160979,577.0082705296666,1087.4332404457646
Company_01,Year_41,20.983441136030095,95.86459245328501,58.55421631378035,73.81416355501895,86.5554452057024,69.26864641030494,26.14282138109894,28.945624569880867,87.94913908400513,25.46465143218926,701.3094715661075,310.4607940165742,1011.7702655826818
Company_01,Year_42,54.56592191001432,64.5557171005792,81.16508483550672,19.618923078526947,60.510050945427245,78.95043395160276,97.36088908687697,82.81212762625087,36.04955694575391,56.62697482363103,619.1577452527606,263.3902072693584,882.547952522119
Company_01,Year_43,13.094966900369656,30.577852495311646,38.68772526388629,61.058099766601316,57.10518202369298,86.1329295709959,20.19731542547178,23.22297312253937,52.091309123638936,29.25952108284822,396.3728389094996,687.7105829220546,1084.0834218315542
Company_01,Year_44,91.83883618709038,70.4530615965271,66.33022387933082,33.09065053312274,20.32919846822957,65.22437028137125,46.32409021254321,40.83806318702694,65.74509724298517,35.49559631433196,596.5996425504826,547.2538858159996,1143.8535283664824
Company_01,Year_45,33.290198344001524,65.63154164121062,89.73799734125684,96.66341877138218,87.41257240144915,17.974424257271117,76.40964863511455,87.8193029672326,47.007142828254196,46.028155255569466,688.508543895842,570.9710126082318,1259.4795565040738
Company_01,Year_46,69.62700559185838,42.23464462295564,65.42768693640741,53.51910820479323,75.05328728876353,53.88650287004898,73.40989852247007,23.94327800290984,48.473780868124116,83.06795116093419,605.9969185371215,668.8772532528255,1274.874171789947
Company_01,Year_47,38.053996848046985,20.220183297966614,30.96635272782704,82.53932947976423,16.090152571000143,16.988440120444455,48.0455773204539,17.44631520563709,39.72562007518759,11.24759223215741,426.29587215532126,621.9663366394709,1048.262208794792
Company_01,Year_48,56.80612190600297,70.44158760335196,12.196070340088422,59.52038879406356,73.70515875067917,46.678872792918774,41.18717511574464,53.608419557200975,60.780863501608245,68.44409382129601,531.5692581898114,700.674951713658,1232.2442099034693
Company_01,Year_49,59.203925140895166,56.827693081341394,88.3088986510837,13.907127956933724,58.918439560838145,46.63958402130649,45.78511406975835,37.217756015068275,86.55170752136044,70.19888779366168,533.470932703416,233.7283432759271,767.1992759793432
Company_01,Year_50,26.636900997297435,79.50865525620753,11.914246976534843,66.98362380346201,17.355281117210044,15.940885972621743,33.78486368427754,60.70675280354687,28.137554020568157,81.87902023209729,391.7010560440033,648.512382047903,1040.2134380919063
Company_02,Year_01,97.26261649881027,56.814715100079404,88.72315054157795,95.62630079859913,51.247057737579084,41.39384805725314,28.479964483611983,82.34244014351276,94.09897348780973,93.94776451542819,727.1462288011118,710.5116543932572,1437.6578831943689
Company_02,Year_02,79.76195410250031,86.69633502866861,57.60434206244908,64.1450638131698,53.622665841704226,19.989828891218338,53.473572780300096,22.343363933746886,72.01788883734068,11.812406405436084,697.1473309520157,371.6810254749886,1068.8283564270043
Company_02,Year_03,94.55490474077702,59.6716154897037,94.51609286616066,83.72699734841112,24.91970861469482,82.74116890082999,34.16803804608466,62.26291760988565,84.09458914120272,23.840533496189458,714.391301326131,584.2683643959517,1298.6596657220828
Company_02,Year_04,90.5344615384884,60.484417438184764,81.89049121962988,89.5785817013567,95.11283323002542,95.29192233680237,35.87154984075251,55.49578843508775,60.05716233670105,89.75541646503937,826.7202587557671,388.4972383021833,1215.2174970579504
Company_02,Year_05,63.810998092997664,88.89882423925106,99.81406994800037,30.527179475403923,86.49778343325957,16.508482773214475,69.10804571271014,22.96709074118796,80.15650312816571,51.26667059683138,639.937642138317,774.7826398894724,1414.7202820277894
Company_02,Year_06,92.96868115208052,46.31345795911573,41.564063390653914,29.0840355917404,70.21201035961974,95.96036865625312,97.16835985299029,66.15986369760842,11.458035760552049,60.81315750401171,673.5331668556811,220.05414346130226,893.5873103169833
Company_02,Year_07,17.964325184672756,22.061370560557666,79.04694600380142,64.98828899658926,51.606600490054646,57.031893940307064,64.32734805034376,34.62763760746945,83.65423823015817,69.67244833508326,518.7432050336886,547.875706299773,1066.6189113334617
Company_02,Year_08,27.638457617723066,12.590440868200508,46.1737822248318,46.99256228260342,47.05889874260576,36.96091101584865,16.928152035846963,53.90508866896113,13.612497317682987,71.11599440460736,353.27144146022187,299.90212822970904,653.1735696899309
Company_02,Year_09,14.070456001948425,77.9623530106257,53.18880582735179,85.58751725800484,68.58761204358588,16.917586774854716,16.80252524686603,17.40450918493557,90.09220387265762,93.85663629848574,464.5192528166136,627.3321231062953,1091.8513759229088
Company_02,Year_10,39.27972976869379,65.82785962181183,66.47549168965331,91.002081105821,59.088868246621495,55.056184126337605,95.62808987610094,51.36256514922607,99.2766472514779,99.72544756705027,658.0628030990458,305.53417005119724,963.596973150243
Company_02,Year_11,44.98095607205338,73.36717912893012,88.63094027677049,41.807924137244626,15.604579529369705,81.50639900416738,36.756171127660025,37.58171212385383,36.46607159591,74.81417148378462,573.4356254305663,341.2299571390146,914.6655825695809
Company_02,Year_12,34.42141285965063,29.166774535801967,98.56751222793656,31.318350307703387,56.12523838932985,73.63778295400283,18.28602874742279,84.01430900668188,28.92867006572143,35.84990882846357,523.5716483707369,496.62248662745486,1020.1941349981917
Company_02,Year_13,84.58637582367363,22.27343280280928,79.14460724780663,80.24729637194757,82.57632555095556,14.520341031757638,63.91401284353434,15.128085429763145,78.88270274722366,89.17771620649093,612.6445702944822,748.9009699981268,1361.545540292609
Company_02,Year_14,42.10779940242303,11.309019910109374,47.59901039506004,34.73254319933225,51.33158898372623,16.561165183111317,66.12839004612394,47.67465474264969,32.77237068282279,14.429882308668544,409.4413126106215,327.0286232887825,736.4699358994039
Company_02,Year_15,35.28410587186427,41.55288029259373,47.922130204936316,84.03528866623105,14.676091979884157,46.25859543693734,68.36543381068194,51.25882817182942,87.90061448549831,30.79727675870466,413.1944335679763,286.5440126708621,699.7384462388384
Company_02,Year_16,58.84264748424236,63.09259181691698,76.38240714300024,48.13644282838865,80.76503794456298,36.57614446431489,34.066182507178716,75.25054686692069,19.255833294172902,90.76471457173434,603.1569237083096,655.3860991124184,1258.5430228207279
Company_02,Year_17,22.683180247728636,45.30196405897591,31.48994311914721,70.07949093623233,28.122740392237695,30.914589075044304,11.359961579302754,61.68588175811899,21.335967674142243,33.05723629954194,357.5203264427645,500.3717194003586,857.892045843123
Company_02,Year_18,82.19772826786357,49.37274298213561,19.94267018182552,18.59817824512014,33.275875139923485,35.29040490178423,96.85138325090247,70.0491103474763,98.1236399590554,29.858595365957363,575.8022421385327,747.0710674290629,1322.8733095675957
Company_02,Year_19,16.709557931179376,91.37428250443736,41.91599418766989,66.14733922089158,24.823571808906628,82.31344689671961,32.58037411219922,79.93443570865806,70.64550084430041,22.43127638262225,527.1606981614933,287.9687342959054,815.1294324573987
Company_02,Year_20,98.81982429404655,41.34299203209703,35.85150924886736,50.65909108635062,39.71935583843478,93.63052482686685,70.84236592472928,87.59826762923699,86.21985019860576,87.32005818822249,647.5107135343726,587.5567358138236,1235.067449348196
Company_02,Year_21,79.50202923669917,56.25905402438297,36.66773084103911,62.79476168579267,78.10763551197715,46.45924250748098,73.59668828908386,38.24879470502235,39.18964396163662,55.0052433271978,614.4012945542992,339.72748769108904,954.1287822453883
Company_02,Year_22,27.884411338075516,80.52877114670288,31.024697594491894,25.12127869703771,56.744727355354364,91.54999019192473,64.90066753715371,58.42204348275126,70.8835374568544,70.74038827487394,528.773949554808,294.0562571909836,822.8302067457917
Company_02,Year_23,10.496990541124216,45.68885040891431,13.78838706727257,76.31863704497638,28.43931467356413,38.93461311230938,38.16166547922834,85.60972705952798,63.48176445777375,31.51597456675267,368.62429386199256,610.0576490943623,978.6819429563549
Company_02,Year_24,83.39152856093507,65.98780302050861,11.608654126007243,87.65173697889057,89.00470703368367,52.87932877094124,34.398662838765915,99.05060178685508,64.28351081106523,78.22363789100949,673.3541030003672,556.2107719452399,1229.5648749456072
Company_02,Year_25,73.61716094628554,87.61273378720706,98.89501507624284,29.506582008169808,89.16236694563763,30.342609803439974,63.79014544324328,90.05673799393868,71.42792135839494,78.40049904658886,750.3409647139,652.8964750173988,1403.2374397312988
Company_02,Year_26,75.61064512368885,95.45685612918778,48.49958203622761,18.614309996814555,88.35205825414062,67.64284379582597,87.94860702505224,43.43205363619391,61.78232558161887,38.13382224174701,736.2237505327158,385.67754586770945,1121.9012964004253
Company_02,Year_27,79.41433120173512,23.236613283613416,44.58939824437135,12.127472744170277,31.491659024338535,98.1083003657328,95.2060356031056,27.564986549678537,48.615613237239934,46.961436970925455,527.1405871137839,468.78299382931397,995.9235809430979
Company_02,Year_28,16.664018656068134,93.3928862645345,71.16825544237628,67.77743503989393,50.61154097628893,64.31437864390408,19.531522396338186,54.04532836659298,34.83304249424921,28.872124968718076,551.7503000385311,443.2830057982511,995.0333058367822
Company_02,Year_29,42.261915568984534,54.29046637715844,29.642849907855776,64.63846324799027,98.64906905267875,42.203267570219396,23.934575133794787,76.74773066524381,79.17231978218818,97.89049209906139,610.2499868867208,790.4536783799085,1400.7036652666293
Company_02,Year_30,20.428215357261674,33.24199494690625,95.49650655552028,59.2027671442663,79.48112286789913,68.30357013914755,95.02626329047717,54.331216367796785,30.36451870028676,68.10423193525705,523.4867007454557,375.34937404363274,898.8360747890883
Company_02,Year_31,87.67930832880342,51.322218061443515,80.77105129739968,30.875238650437787,12.445067910300384,21.06286106188488,76.28817055013133,53.48627769823017,72.31188755389728,94.1089492643964,562.8994876379372,376.8903430080601,939.7898306459973
Company_02,Year_32,66.09683141448022,98.20293177569293,18.046990208103356,45.18153963149632,15.868413213444285,89.97931722388587,89.46944423467957,85.44073789736206,30.999954038439398,37.30469892662198,662.5235779462944,412.72892529716444,1075.2525032434587
Company_02,Year_33,39.78082223673843,54.33562845935826,47.58226982064355,63.50287016675557,51.75382391310995,55.27755557018527,28.236937072180883,42.52634011604677,66.27971529590084,80.37018216972008,489.318717324866,538.7564487741929,1028.0751660990588
Company_02,Year_34,15.720251525742128,39.587644925875736,89.12064768059483,54.709017297325246,91.82981852754041,50.441476783567786,62.882728399846165,87.3815207330481,77.2370440416126,78.92727794962678,546.5498898447788,351.39364655824716,897.943536403026
Company_02,Year_35,37.9884089544096,67.00607688850532,95.02588200622692,98.90069681933986,58.48316181574428,62.727830960816725,73.10256349757262,46.61243208565512,29.684250001588527,72.24900866798873,653.0133225008328,749.1739642275644,1402.1872867283973
Company_02,Year_36,39.266498982407235,31.613105690037376,52.06613601248827,22.27957773010598,54.80312572308612,66.23054765104622,71.21006969022754,39.54097951105055,15.394897077517745,96.90750777401203,441.987402072264,359.4113389197581,801.3987409920221
Company_02,Year_37,75.66455605042577,16.827699529779753,65.2070250289637,72.56300986428344,19.492632996096752,16.459822560386172,46.73365217800283,50.85909200797291,21.78763686947567,45.4199802495684,564.7663378670659,737.4894389361168,1302.2557768031827
Company_02,Year_38,67.38017242196918,21.59917497195843,25.03305514828677,46.38868912938629,69.11020942518647,71.43554991010622,11.385540252217762,78.62022628073817,64.5397270543923,21.764559123078158,530.9854027115898,262.0850381879508,793.0704408995406
Company_02,Year_39,89.84914683186939,21.524125506199518,99.20517635232788,48.53796534330533,83.9892844540203,31.773851228397664,62.46334511238368,21.340182507759486,86.4501765603162,70.45379733196546,703.9940018916556,593.9376214397914,1297.931623331447
Company_02,Year_40,52.49934326457544,23.67124241610649,30.850453124509905,74.58379890923587,44.23780067568061,74.25573692559308,32.779138526164786,27.677729428481566,14.049713911188192,75.63788204294856,422.2874559394816,744.1913110629462,1166.4787670024277
Company_02,Year_41,20.763482134447152,22.49444553844691,94.84585967216131,72.31925361919326,79.80506658327947,84.0281314945777,50.52288215286013,95.63003430967828,76.07361331374817,61.75545161129332,544.0993759218069,301.24966303893774,845.3490389607446
Company_02,Year_42,74.19203085006956,67.67872703228932,68.46819840931316,99.21303943319695,96.80289885107304,82.35626567972683,96.18229135754356,25.794246464322164,40.71867813550469,28.613610382005664,713.8540191204993,780.996176059553,1494.8501951800522
Company_02,Year_43,78.47065437552077,26.369207595923033,64.69631153909732,21.55548605087127,28.338981321492017,59.72508706671002,45.913178587819125,61.09545861379491,53.067553292757026,55.40103475024198,512.6912377048344,471.730016249307,984.4212539541414
Company_02,Year_44,60.51494778125466,41.11005549914769,56.141965991485776,19.36986844457497,57.09966680752672,56.81529030796761,85.5821445997984,62.13830199957441,93.59735948610091,38.09707629122165,595.154104739519,767.4290650646146,1362.5831698041336
Company_02,Year_45,79.38704619591049,90.71095689154106,30.760283054598283,75.1904935415867,35.8424162276118,22.858836520547055,26.9686545174326,54.066201584522034,39.87743542622609,48.471987535002015,641.5060344643659,606.0920261780282,1247.598060642394
Company_02,Year_46,54.44160367279517,52.65654762365851,25.887522880495744,62.05482253057682,81.35689771304554,79.7811535362822,70.52144482225259,68.02707237191368,51.880324054553746,68.06967182601974,592.5502544279755,380.9521219241309,973.5023763521064
Company_02,Year_47,57.045954644379464,70.08019646689245,29.84375881631578,34.67445999038253,61.98340292930418,34.42684424020429,97.93062589950492,30.684405321785658,11.2314173284613,77.06932684217512,542.6623571921742,312.9815149502639,855.6438721424381
Company_02,Year_48,48.47869165226947,25.508788408146685,26.779443592982908,17.147743209008794,67.11241757952735,54.70258805361519,19.17037907856431,59.73960409990734,17.343884800435454,30.90022218112088,376.25489842631316,382.2410277350597,758.4959261613728
Company_02,Year_49,12.287721406968567,27.30601169278037,80.16260262100779,17.70924246367875,81.81227436543047,35.5846683634765,10.748794800447282,43.49559297222074,33.27324320213056,46.4792824582258,379.4993650690738,255.810445557605,635.3098106266788
Company_02,Year_50,19.7102284293974,13.678175463983099,41.51127332500571,90.47717871977065,45.63734253962094,22.044552669972383,49.02245133693529,69.55005336662701,12.506701673896696,34.224541389246625,407.7699432271304,286.32077980599786,694.0907230331283
Company_03,Year_01,12.828626711806082,25.204155676494807,15.205840890705673,27.268059224686862,92.3581061566339,66.66019272025629,18.336293474623048,22.71011890358345,66.8237793443426,27.87684524756822,276.98246014310513,262.79626420788867,539.7787243509938
Company_03,Year_02,67.27693701374024,35.073130512876276,97.21923671267302,39.10344059039687,57.9725980521526,14.889883134061344,77.35459147086083,61.37896751555286,48.37585211214603,80.50484979962546,615.7567372533067,453.76612624493464,1069.5228634982413
Company_03,Year_03,38.2920382968694,25.93094358490721,89.54072964670831,30.399076200428922,24.21593405518132,77.378071071358,92.3093797463703,26.674331984499133,59.333068245521986,91.83274249932931,530.6992770942306,677.3470257545519,1208.0463028487825
Company_03,Year_04,55.77136220482325,17.983228038135003,93.49770548756916,41.94966752487436,72.63092063519221,38.5828115735005,49.061887543788295,35.07787568035327,25.71824673066966,43.32089671161191,524.1805420479897,284.83013252980413,809.0106745777938
Company_03,Year_05,91.68098265334837,20.857228399054073,99.54170403817918,16.248145847148404,81.3935215394429,10.012122370403679,33.284047793989686,29.68388202912249,36.63388264929545,77.61510319363902,613.4471724207107,278.1922599034015,891.6394323241122
Company_03,Year_06,32.43630062339874,51.47008912294532,25.650572429753858,56.715381181744334,38.5085509360774,56.001622531350684,49.09629871059488,26.45540018819354,69.74420273674525,90.72957604279699,523.0263404750734,586.0573697103985,1109.0837101854718
Company_03,Year_07,46.93446307320668,28.570034656521326,45.661781701239285,16.085130723299343,87.14613312988777,14.216671767484282,75.1103036065001,84.31398564046003,96.87724512673599,86.15117894772084,485.1305077362839,318.30978918083974,803.4402969171236
Company_03,Year_08,77.99960246887439,42.78428749432679,78.24146281336822,82.03208570401254,91.55289292891898,34.85526020388095,10.814874542233389,35.71368108948013,14.537509624198828,26.453204968530333,664.4361594243629,258.566022865395,923.0021822897579
Company_03,Year_09,30.59183489424602,55.30755437693712,72.6418556248413,31.034087371938973,34.921403864002805,73.62788387101446,63.050859053622744,93.44114036780044,90.13458887697395,96.06626933620252,517.9337870120406,300.1091469233466,818.0429339353873
Company_03,Year_10,16.92819188459137,72.13553457664287,23.850631570586955,58.601072314405954,98.51693254436998,15.642065945967929,65.19625163986412,97.29338728106718,61.919308118008765,43.900879638651624,510.9752968625683,754.2388375260657,1265.214134388634
Company_03,Year_11,36.077630762239124,13.538092585698905,83.42498124915559,89.20711788053124,22.664037524388256,85.54046431204021,67.39194222063419,61.41344229433876,60.75276100800613,40.531659505645266,554.9756497701792,692.8827516657145,1247.8584014358937
Company_03,Year_12,24.5099158528604,81.94693590181384,30.19965146529946,68.57896321424747,28.181410156224096,10.34379303927248,31.781987198278948,22.870101039915376,55.02506816869843,15.61881945500023,433.7671672861429,412.43873741305646,846.2059046991994
Company_03,Year_13,93.67278871083158,66.51103505418169,30.14358533403608,57.966200789620174,26.580235531422353,32.2141482281712,74.2647451040314,43.709341904162315,16.245467731376504,53.75562886943947,587.8855389323803,593.4924603964357,1181.377999328816
Company_03,Year_14,82.73083416079753,17.35831287539847,58.32769806040722,39.190037780383804,90.45907390070833,76.68136505368643,18.225233769859877,81.79590370133926,18.08891665625446,19.811225407683583,606.2151174068109,522.3654042008229,1128.5805216076337
Company_03,Year_15,67.00633808593811,88.62207616960995,63.364594135753286,39.97017217523781,68.88632970924657,38.46431347563761,27.934330282012073,43.06516558273634,64.08208050931775,32.36858388346834,687.2828445441038,606.2745580895383,1293.5574026336421
Company_03,Year_16,88.43145311689459,92.87851604786319,62.20775870540301,70.25382596783712,23.68938549000456,19.17031492594122,88.97230419890337,17.831549647250988,40.68627142920025,38.52483595905532,719.4494610790896,609.6026914776555,1329.052152556745
Company_03,Year_17,82.33048692092031,15.497016386937737,18.233815365797938,99.47254250990508,49.62910765315141,42.42105269203851,76.48508356539097,60.110641983536915,92.55412599199126,82.79436911425157,620.6914010076326,577.2404090359958,1197.9318100436285
Company_03,Year_18,26.791305299743225,34.918988333248336,88.97147763673424,69.56552708644408,65.37682225628218,34.3353957746073,11.237099861021072,86.06087663464314,46.5931483623525,88.79397853563069,502.7356847723193,359.6608211223852,862.3965058947044
Company_03,Year_19,90.330309864098,82.55811518137551,33.90400383298355,60.20050756330224,17.511767649044497,85.84407119444994,32.353863433282015,81.63337484291522,22.895331283237695,37.22196857153227,694.6100817820205,223.40385245769087,918.0139342397114
Company_03,Year_20,58.540801772408564,77.34337213452925,21.656342915452377,75.75854592153215,89.41747315666049,38.20131258266288,29.29658346938481,25.76108261173179,74.32469501518324,87.28283091201165,604.7151207149498,473.3400691940653,1078.055189909015
Company_03,Year_21,82.66961396476563,26.60689174207396,89.98732718820794,51.86850510553463,82.32431818973816,81.00392245984065,34.37256952332753,70.548815297122,36.40180792969089,87.15078436328119,657.1794427103451,734.5843308144223,1391.7637735247674
Company_03,Year_22,90.64821699311439,28.841439100303926,96.0086348406778,15.412810834070669,55.46860962189744,90.26849303296612,32.28037932518978,29.84538370920824,57.29232766203039,78.81858553463861,651.1187913969401,541.6983551111455,1192.8171465080854
Company_03,Year_23,38.62031274746775,43.34248925122438,87.59148555389055,60.60671342901188,97.04139537332534,49.04356776188766,15.627366616856117,29.6386781096955,72.8049506954653,23.202560261366337,540.5319400909297,699.4346250211447,1239.9665651120745
Company_03,Year_24,19.90467320749091,53.60706866719192,82.85644672523902,96.18627560548421,47.59848813475897,91.89488294689528,51.30464649371383,88.66645959746667,91.02377000818633,72.12905622106561,599.6251416681308,794.9746057767369,1394.5997474448677
Company_03,Year_25,30.51416462877475,65.64292943772664,68.97177825751196,25.777264812189365,98.56992871328481,43.95862485668736,75.94601273075486,32.470205746620714,81.29720753215085,95.05216581225119,568.1390545083848,298.16972248296577,866.3087769913506
Company_03,Year_26,48.43970097636307,43.202227561279514,59.57716335482254,72.10044017385991,70.11279989232644,96.76705748410974,64.60585522456927,33.69226118662101,70.87249610854516,71.42864308904413,624.2132276514396,615.0665834851893,1239.279811136629
Company_03,Year_27,83.62132893302439,51.62812445198331,17.828808392026914,28.084031979315082,67.12041459285473,18.036057207301564,70.55845017382718,10.05880516851696,71.16698641556292,39.845516419705056,500.79496313294277,604.5761442200148,1105.3711073529576
Company_03,Year_28,87.46575249307091,77.2723844320381,46.760789176362884,58.22449160257732,24.935940576620652,71.83173398529185,17.303426068261523,88.36021307129658,95.13321796288778,55.052138568774815,714.1117684692351,787.973268414967,1502.085036884202
Company_03,Year_29,10.625691747807164,13.30148826015381,43.54196653110826,18.700880468204765,89.37349824741796,54.44326364112358,95.63416391591085,81.33353318882213,36.62416877468824,68.11525390159483,409.0722824231504,791.3604403716802,1200.4327227948306
Company_03,Year_30,55.967257231980916,32.719324990961866,33.37784053842935,50.53338426323666,48.474071912855365,44.88839249100823,85.46426504587224,66.45960415816103,10.100088477656866,55.951336785565324,480.04094842543145,612.0071670344777,1092.0481154599092
Company_03,Year_31,47.56699028339011,74.20146272960972,75.10781023197265,78.05469960057215,24.60100652042314,66.94406908737409,82.45812866460965,77.52391875449581,34.47591034583788,20.795764755787282,607.1750019901696,346.16887518931657,953.3438771794861
Company_03,Year_32,29.98970294236572,90.56861539184794,54.628816157089375,41.28143718150839,11.134676797818313,73.34713824708982,84.06854245375908,23.684371068204264,29.610224166406958,38.08576401868186,520.5151370278606,679.1335028783594,1199.64863990622
Company_03,Year_33,20.787883060031454,56.05096979040995,17.294159431688314,69.84205520384963,60.37801152745443,10.392694268527817,93.94394573194852,51.24912351288179,69.56511266025984,82.21564274982693,434.3394483702995,264.21748052662286,698.5569288969224
Company_03,Year_34,40.385365426326516,57.89021367387841,29.81648817548302,81.59049647107562,57.46596599104087,25.025777987247885,58.982856950232794,41.60974486139028,67.03404397889761,87.52762414859657,518.9600868745352,668.4195825029772,1187.3796693775125
Company_03,Year_35,94.86187335212672,19.645481020579844,71.49328872936363,93.44600375315073,74.74182601322427,74.17414455708868,28.02538160808633,18.439887363131483,63.411524443425144,22.357002944401323,681.912871450094,746.1176744868178,1428.030545936912
Company_03,Year_36,39.088263881867974,50.26711301411092,16.851777354127016,31.117787366990818,90.1232247716022,69.97468722203858,65.5105247067287,53.75174366934317,11.461909888850833,95.71480771588521,420.6892076009425,429.70003686106116,850.3892444620037
Company_03,Year_37,56.691155956902946,57.935553980952086,86.60862226438918,45.938432422837735,17.146592617872656,96.94427546158094,76.85933443011452,92.86656853083718,75.59002490055828,39.59403560637484,648.3526012281097,578.3811769898482,1226.733778217958
Company_03,Year_38,73.27170630056601,31.82234532712567,54.56318743125769,23.71744119973757,75.83468413063261,78.49340112257048,76.41256540186228,13.605320714562502,39.11773712369424,69.60823648576479,566.9071481592588,458.0856392580958,1024.9927874173545
Company_03,Year_39,42.726664214136456,34.231890785444286,53.25279195939832,99.32351519425377,26.8670749687824,95.56954369582043,56.93041217501921,36.23148221444145,69.8550390105968,77.6642631361013,577.3028849657438,462.6590329928771,1039.961917958621
Company_03,Year_40,97.46038744488646,43.95557467941604,63.31670061935658,93.43008711318657,87.23593478414476,73.22864513813263,16.161284740022026,28.67868425851331,60.0920585651938,83.07516111740951,717.9069556621507,386.2225334648721,1104.1294891270227
Company_03,Year_41,96.62025654479001,11.806407799995373,84.22128693326343,58.59614172525036,83.71571624754905,36.824698777549884,43.4001644587115,31.43319882991267,40.84578328851165,95.1174732003337,700.6596921744941,657.2777722701948,1357.9374644446889
Company_03,Year_42,32.66040662428277,38.987124902486045,41.30282871119738,85.78299649387792,58.671437948698994,19.482843002577084,92.86899476170215,91.75910966914377,22.1118640393697,38.162759322594034,457.68366778027024,761.7059384999031,1219.3896062801734
Company_03,Year_43,54.75236553031469,29.03032062968902,71.02145373031573,56.8862179544838,73.92185187609803,80.3641477010442,62.60040187816834,52.12621488108611,18.497700789443286,87.26558090963991,627.86250016925,764.4505155406766,1392.3130157099267
Company_03,Year_44,37.07904788350927,39.47476169601232,60.9158767596212,66.12271192024838,38.29151018653735,67.97342993283243,58.44987489301421,51.966947164583694,84.83664998010012,21.851821309258632,520.1791357899191,304.8687709249603,825.0479067148794
Company_03,Year_45,35.63564449397208,20.778591863732608,34.03254431524792,18.021198890441497,52.405110903953315,14.336741115396661,34.196816294397415,78.4518078209754,92.65577878734022,73.45368157182335,386.9144195491903,724.8461897939396,1111.76060934313
Company_03,Year_46,13.319825261907951,90.14745526659054,89.07669877196422,77.97433784471271,83.94732079394245,42.40454193108805,43.1604027924921,23.90429836044332,68.48092420878696,76.77799565625872,608.3869085167931,642.4588648562733,1250.8457733730665
Company_03,Year_47,64.86079005819072,63.42332081986438,81.76834194462353,21.494213527171134,51.33386774558925,96.11198339358576,90.58114802378523,53.85388186900457,19.309070337443504,70.99509170811885,696.2682659760184,351.70244041417357,1047.970706390192
Company_03,Year_48,55.24111209059753,71.11920872300406,69.26066511925829,84.34608672272755,42.20184387928976,55.03610311391811,69.98167427741521,48.69866927089537,46.18244951994166,32.70832625216377,644.072989011642,240.37076775290873,884.4437567645507
Company_03,Year_49,14.633087612499041,81.02541147466044,86.55235561848177,80.38252789033473,54.47912025252699,48.94562224177342,80.86483240770995,63.72196214919905,75.60452800946415,88.5738832313683,583.4673715577076,360.79836013062675,944.2657316883343
Company_03,Year_50,35.07818178129503,54.85979790361515,88.05647808638221,73.78702279686789,84.54243271934965,51.192964464336455,50.89108807608896,99.96019329253947,80.18387956090613,25.19726170333555,691.8588265985732,747.3249420689153,1439.1837686674885
Company_04,Year_01,91.74392973699884,17.82282592786813,73.75266790435313,13.254434247228591,40.16872426337855,28.799445160464735,66.72224975105422,79.25040046738424,20.639676006197973,14.827131236874775,558.6505587898391,579.9072049374633,1138.5577637273025
Company_04,Year_02,31.560570160027517,58.3395887636693,85.33119955273048,37.28155203507957,25.63854338221694,43.18364537783157,32.354524786888675,45.807913271568445,10.002764696084418,74.5718491550721,478.3446282665103,632.6327965387231,1110.9774248052336
Company_04,Year_03,23.04053848821008,62.815700621879124,72.77243155023552,33.680131291975854,74.08126182977027,43.283193038845894,73.49147472551377,84.47977470466422,74.09233412925445,52.79281437094603,586.5145134944329,354.29141066545753,940.8059241598904
Company_04,Year_04,54.05074842498067,77.0895526765897,71.21266945842703,42.41227667243672,84.33803914372736,14.711951816872517,48.48412003330036,25.363752698123214,42.09365583875851,86.41882179628085,566.8097522182655,631.6328933448922,1198.4426455631578
Company_04,Year_05,98.70854086995406,48.84935916067114,65.67502403936659,17.88784720874547,19.057373067118,79.08108656661264,49.8290963333271,12.74173176780641,32.90331984564342,44.505742695243306,625.7290580681397,216.87290376675426,842.6019618348939
Company_04,Year_06,31.784974436035036,21.48222725160074,77.74449756018771,94.32620407279565,31.588670148035025,47.485398871349105,68.43900921191934,28.400353521784574,11.16077228105729,25.145072965694155,471.6314927025929,425.19280746380826,896.8243001664011
Company_04,Year_07,70.49219926652907,35.539831521885205,24.274459476376634,59.842201664113865,22.77747907848945,83.9961898134781,94.2652559322034,40.637040050283375,58.62694660853497,85.27979732228827,552.4245993907087,576.0520091253987,1128.4766085161075
Company_04,Year_08,78.54576537958458,42.67740667587716,89.27836832790356,37.49718795922212,41.31472704239499,86.53132010079058,15.760571194775883,55.95226817136039,86.60356618833836,59.40186684760645,645.5048324474602,287.65793932479215,933.1627717722524
Company_04,Year_09,31.38737895931597,68.13255171984412,88.46591749707088,45.72833653668551,50.53158810148714,29.079464922879225,84.22689136123068,65.36162264870799,96.1868481645329,27.027621315131938,544.2415902984591,693.8021446681608,1238.04373496662
Company_04,Year_10,75.53947137506736,61.37004742020207,12.632255473110323,50.24822864543521,77.39437032669758,69.16181339531157,36.31447993709738,91.95451454929795,60.91704555519603,74.83455987278012,592.7001323087432,341.0187792871512,933.7189115958943
Company_04,Year_11,43.10048194473279,42.048705330806165,84.32350755082864,64.05349000245556,68.60328263935068,52.50536237466835,49.95275090557401,55.886860859541194,56.30151949659047,56.00022746405505,626.3489913995484,591.3686676910677,1217.717659090616
Company_04,Year_12,66.90752475342215,98.78637239136818,21.598288072610067,56.4111484926848,65.8835710730588,89.21410641293366,11.972199589750806,55.11480801631564,17.6550746940317,64.38816840162877,663.6316554289818,443.1182855451978,1106.7499409741797
Company_04,Year_13,67.01767396848052,64.51973374211985,40.16069688332277,92.74527758929756,41.71374519486889,29.41666112588087,37.094147005088175,14.521870884068392,59.39855213883398,51.48085043859237,583.0329096458571,557.6261572865883,1140.6590669324455
Company_04,Year_14,58.21972156672826,31.350411256239504,76.9157430662447,54.726713461524724,85.7302797776284,71.00318802790397,55.236811836711745,13.142039739060143,44.19811710688552,84.58380854362058,602.9924164872264,264.4703315773449,867.4627480645713
Company_04,Year_15,18.12607930489675,19.160422535836336,24.46839064434774,99.29422133409814,52.41584506583481,64.69769100274503,15.055846961269511,59.60439657247348,64.64217527952192,84.6606444114745,394.3654926970851,210.14767995296438,604.5131726500495
Company_04,Year_16,85.17722460303142,23.75732252658988,83.6170321707156,86.62824619705862,98.11944442136391,36.57713298146495,54.19861564448486,49.436075192351005,44.9853713088892,73.84499396419477,746.3524629899473,745.7386564281807,1492.091119418128
Company_04,Year_17,38.870205847456226,32.136195554605735,84.89207601619677,28.765946292160223,67.07279244661632,22.294081328605536,93.43995659725846,85.52623554822688,31.626921110533008,19.486123965681607,521.2086012623397,361.77800526030967,882.9866065226494
Company_04,Year_18,26.786665935986882,24.46132359336001,55.67209603847526,93.75356931795247,21.363826740805244,68.64757844295488,19.485389629702468,24.461162624066066,18.546874770553885,85.4968475713662,427.038376477674,691.8062016682754,1118.8445781459495
Company_04,Year_19,13.669762739928753,26.79103216461752,10.574728454515022,20.472975809692848,70.85598058678906,76.47377123190977,78.7996655267954,12.247449590534464,38.34266001300061,70.39116824796189,364.76407151202613,799.6101802833201,1164.3742517953463
Company_04,Year_20,63.18036488694176,35.65856518244624,35.83343198574215,83.57047376420724,39.25936138885291,38.4064609387015,46.87039480383934,50.41348911371133,18.698035085897708,72.73217494038695,499.09593605855736,326.8587547993467,825.9546908579041
Company_04,Year_21,70.98079256580542,25.603623576527934,65.5234226538168,44.256096412892205,71.76944770174876,68.03493436200824,68.96563430719041,31.373070107703175,25.920725574158553,42.66845563634845,633.8268795090153,359.10244471001334,992.9293242190286
Company_04,Year_22,11.492904603507053,90.70888821637827,98.30675602246811,89.01768884005625,16.267703334616517,45.56178168503529,33.42129381867064,14.46529360049537,98.86025427215914,89.13516005413061,515.677117006028,597.7158725807994,1113.3929895868273
Company_04,Year_23,56.088375246935286,17.2210371095478,66.86321743150015,88.12510210967054,25.739329345836346,74.18861949543559,24.354303628722246,75.21384581628661,49.96932012159568,75.28344402113717,592.1066490030626,779.2691807603727,1371.3758297634354
Company_04,Year_24,30.384619767814417,57.20602506132292,33.38232229577439,82.5332860105859,87.01635330152077,27.92937474046478,24.44163528441038,20.043369996152272,57.86845898545149,20.133141987627504,476.7936981079771,749.4886089144463,1226.2823070224235
Company_04,Year_25,68.06555113685049,46.935714429069535,67.06051327896502,81.10273926763553,30.44616013211634,90.11935023725569,16.344275107883018,64.74875500069945,88.62566758634938,46.70002309655464,631.8390793203667,501.7253120393509,1133.5643913597178
Company_04,Year_26,25.69297861044923,98.41407552177458,58.59868417442699,37.42112251882367,85.3337012718646,35.866863681902174,26.708203441111873,35.29447751502002,99.6012010441619,89.77423257641276,502.869980033071,677.0661695160347,1179.9361495491057
Company_04,Year_27,72.18439642922193,20.08350119512471,80.18608556360293,17.282735474612696,35.134847960896934,43.10073889805376,69.77974464900714,25.61464453195198,62.44430044102134,14.24770315276411,508.4246146356599,281.4475118599406,789.8721264956005
Company_04,Year_28,44.806181167048365,45.80700391411675,19.628257494426258,46.268216088864534,67.8593719052837,15.22827568723148,89.35215506591572,44.17763706273857,83.12264389397545,96.52749576778446,446.8134585146829,786.4629105224074,1233.2763690370903
Company_04,Year_29,94.30569898630611,97.2523389947832,78.49251122518253,25.61720634878578,72.47355161588479,20.036099108914875,83.27131170320456,82.13011986006583,39.424692190300775,71.12463114876064,759.6144382311317,778.611940421592,1538.2263786527237
Company_04,Year_30,22.376884973139394,87.89564133045822,58.71399208084993,72.54559800122155,56.13892778305476,56.42757124410953,71.66208788870357,45.28842192141154,37.5169561702562,66.82383798790389,574.9798646835932,298.2373747275026,873.2172394110958
Company_04,Year_31,40.695971594523265,83.5364863854352,96.66928034730952,41.1489753884007,37.47796090270582,34.08334090551743,19.93886770699924,77.56926842899502,46.243334889510415,34.350333083919224,614.7207139235983,379.653874881864,994.3745888054623
Company_04,Year_32,20.212616911653015,33.211254434044584,40.76849494348175,97.80491807739234,29.13799387339865,85.1932203167975,36.02687016663549,21.29376671192356,70.52565364062842,32.391260986525936,453.4170269844874,260.0929985040602,713.5100254885476
Company_04,Year_33,93.22242564507064,25.379882865105923,66.93597038205533,67.68748696107988,12.987041910618359,11.322404978945846,37.88261877902221,79.54942776985712,71.39725203295889,94.7852397539736,598.0002664612006,363.03055933890784,961.0308258001085
Company_04,Year_34,88.9605418042883,70.17788979319879,93.88252949590157,84.02325072709249,37.355176111665145,44.11846438047426,32.496125175785906,31.32399924159838,38.371549118450574,36.84452088107105,697.8704775457617,689.573473649124,1387.4439511948858
Company_04,Year_35,33.21474649436401,93.64383902148272,19.225875519161132,21.927220546766357,68.78465114781548,40.36109920921834,56.35050937387508,70.96538168999855,21.98889317229658,79.79547670470994,469.5658268938221,426.9893642991557,896.5551911929778
Company_04,Year_36,69.39856414307611,60.10866037125368,94.3505638512806,87.58130340453603,94.44743366036344,11.739486782584093,58.199843339170535,60.92033993568967,66.91566308189577,45.38096183863713,791.2706545837294,253.03818028805503,1044.3088348717845
Company_04,Year_37,83.54999801810942,61.44514205229099,71.9097150070732,93.0481471462055,88.40840340367468,21.19315591004592,42.11973776539992,93.62302454905186,21.549327596988807,22.53286637062336,721.7756235072922,405.33531486734273,1127.1109383746348
Company_04,Year_38,59.96807304395161,35.19811842942558,16.10533531946547,53.83557269370423,78.94582988817723,47.227840742677174,41.84102428627924,44.85902661777826,62.06432574063971,10.964376792582305,550.782978678793,788.830000544768,1339.612979223561
Company_04,Year_39,57.66855205204058,79.25436398727432,37.086721025213464,64.56276439758797,80.96026089279688,54.357812600270194,84.57000381154732,15.95486699509964,72.40799152506781,58.983160331372574,637.5218531622694,577.8101571555218,1215.3320103177912
Company_04,Year_40,31.76670618104065,26.833937370177104,73.73548797807534,78.83288208126959,69.84864131283958,46.38607725293822,81.0363563487717,11.72399369961276,73.05503467550065,97.82009366940395,530.8039823158571,449.69656784369465,980.5005501595517
Company_04,Year_41,18.379249102530927,39.131131276381936,16.061554132189453,25.73547645343713,33.42581718094027,57.78439105708844,37.70162485126711,84.41727048754778,77.8124899593637,43.2222574428284,378.7427162777086,299.92310809836204,678.6658243760706
Company_04,Year_42,90.74941821579941,48.28927947547751,62.39534141586459,55.23094688170982,91.64755276352469,63.561850741511336,92.24095994859334,57.226207389528895,88.5573479409098,42.147310059374036,792.2170666763127,791.7060783702169,1583.9231450465295
Company_04,Year_43,91.03762514469975,55.68493408160095,41.129475125766106,45.87967249950818,70.36590807152507,10.893143901505207,95.75335153022554,79.77196466514543,54.99630927683096,40.968245606449784,661.9525564967664,692.5094055578772,1354.4619620546437
Company_04,Year_44,66.97913115459411,31.816875917357223,65.88239659907293,23.17365929460242,60.439656788239596,51.768564350815346,39.40682878270367,31.098304001036322,75.7224270576614,56.84894535743726,520.8038937497342,368.88638147055167,889.6902752202859
Company_04,Year_45,40.51268119438306,20.335314226528318,14.116783043126157,43.07809800623783,19.989052229213296,96.71493167988295,41.89824539137494,41.05753709619104,65.72554618292531,49.65983950818642,384.1152852991487,242.04121743271367,626.1565027318624
Company_04,Year_46,41.428861715139476,64.95580381974693,88.43831255371387,16.135507844694423,50.23499894257829,56.71290521165938,55.5070738079763,12.709348499018704,26.79759458179143,89.1923164054313,539.7914049991247,233.97533442653483,773.7667394256595
Company_04,Year_47,75.33601109832155,35.97674979162302,97.61400722596572,12.323071625453828,51.43224440817337,70.97880407130579,94.70087312803062,96.53430921167009,12.312068038246736,55.49687125511413,682.579860858124,272.2268897033203,954.8067505614442
Company_04,Year_48,90.73992339573194,62.31143992803511,97.19900697571224,22.16496602393405,87.8107248570403,38.06774721251949,88.86874898280804,70.10811160307321,35.60872471092404,55.69820543697119,755.8914706308884,548.4611501686529,1304.3526207995415
Company_04,Year_49,89.83777818386056,23.892644374678206,77.46866485686323,96.68036004302564,59.19833981690096,79.65922403374863,19.231116632523083,93.98845789833756,49.87303357038574,22.453443524850094,734.6984189554151,757.2580527232955,1491.9564716787106
Company_04,Year_50,80.18879912718614,53.30260916693357,21.70776161175688,59.45765823055153,44.23604940733687,79.56293336885035,45.345766894427456,33.89467666861651,65.53953499857906,98.44655868193473,641.7537101687068,498.04605680359066,1139.7997669722974
Company_05,Year_01,67.78284815388591,57.93304892964273,78.24368763361203,96.9239945037898,97.91202956595934,56.916644288872504,59.80340707747946,65.03172501030947,86.49633974528848,32.497560178194675,776.1792856917923,705.7672894737183,1481.9465751655107
Company_05,Year_02,17.572596849554394,14.664118314018422,12.212822481292136,48.924809049711875,19.96485339936841,97.84124409512923,55.28192252963861,71.0649971463374,27.662114503554907,16.60276607136424,340.98634209121985,467.5319719158847,808.5183140071046
Company_05,Year_03,24.54658426851524,40.294385037452855,11.991119637609753,38.06345197767336,48.02935854807502,21.2995193286388,27.44767611432034,38.579473023182956,21.29948109086294,69.68316240776879,266.8630957991876,625.1501274606951,892.0132232598827
Company_05,Year_04,90.86987696743714,22.09732092450768,39.12491972345872,55.55276765562197,13.782220765426477,11.525289840062289,87.29350940513392,86.32983115140671,96.71319527268948,63.58297331411854,487.839425521837,639.1236423719005,1126.9630678937374
Company_05,Year_05,64.57861536936309,15.703747342549097,53.977887136419916,49.55605197696191,76.59137086902373,79.31423905813864,70.92467046971535,95.24453166102231,19.724010343876643,47.363108859347115,597.9438720457676,304.3782235420032,902.3220955877708
Company_05,Year_06,10.827734645496669,99.09642091509507,79.33666760270138,19.509821583556953,92.62688969792356,82.64399836283943,85.41175373666232,89.63696059264039,53.06419630964702,47.997301049261026,626.4485567489794,416.7296353854871,1043.1781921344664
Company_05,Year_07,19.132438857942887,39.01184604772507,71.49658389458547,67.67436832211857,35.20335965954405,20.818650620851862,87.2887851414525,76.51602783454352,62.70073559139717,80.6557528941788,464.9182097332623,582.3812939228144,1047.2995036560767
Company_05,Year_08,69.71515921972502,82.88870012691714,50.13124357390735,29.443436425863965,87.25075091192087,33.90245496627455,77.35202682991658,34.971821175245864,58.723697881669445,27.614137608968417,658.8876389372024,242.4179649106197,901.3056038478221
Company_05,Year_09,10.455542546159682,32.917658928738746,34.62639996534993,65.76291594080466,36.2996407415708,11.579712702996602,49.52895411247456,35.34544378950686,17.74289413296489,83.82279870504007,319.75400706478734,416.92411265777395,736.6781197225613
Company_05,Year_10,24.472724627574877,71.33524500015363,99.74120501419401,68.51809831583381,91.96931454795237,36.39777497025082,64.94920795138822,96.70242884014341,15.132422260325743,68.38724025055163,679.5896517023316,520.8796797687155,1200.469331471047
Company_05,Year_11,59.38604104299275,78.42050739007179,48.356317201237566,23.68223678157833,77.85657132371055,79.58276865268044,24.432886550776885,10.925604634212283,19.49350847149321,47.707279640157196,574.9723717956822,797.7346958267832,1372.7070676224653
Company_05,Year_12,72.27056779234239,63.60748665470599,50.62483218967079,15.521466439960134,82.44160991572947,56.6164474941321,70.62808757274169,74.44449759179301,62.70289154853513,51.222575492548174,614.98686395056,484.72013757346446,1099.7070015240245
Company_05,Year_13,68.67651335523405,52.441856969514255,24.726143907250226,80.26854274615958,11.620590004040904,41.328603385145925,26.132793016535267,73.5621546299736,58.991039887088895,33.09824864674862,560.3932000341488,689.6340542685941,1250.027254302743
Company_05,Year_14,30.18423785145038,47.06568227325417,81.53285938749364,51.382038139238816,96.65293213666233,43.456536541569726,72.45546314591411,66.04205868548178,31.036671283306983,77.69028994272773,568.1284891905055,459.2403710399706,1027.3688602304762
Company_05,Year_15,74.09612992127823,41.39814398886958,72.43140032033398,15.234741595492821,75.40038928632909,10.121826314392134,30.66383446785718,99.10979614781792,67.39967276610324,56.158726807474096,592.0384352417609,677.8344335718253,1269.8728688135861
Company_05,Year_16,31.352417874712007,93.65762298230433,29.869265150988436,99.53796854527904,37.427598584752,36.98204748087123,20.579617013519798,38.06914921873527,83.80607518500844,38.87690884748592,528.7577540686867,557.2488809720651,1086.006635040752
Company_05,Year_17,39.285972834334096,84.75574670089563,17.414294105425842,15.200250489672998,84.64551983729622,68.18128674741374,24.87560411286617,40.597467741392336,13.742106386193438,63.644510418485524,464.5242437959252,731.957264901439,1196.4815086973642
Company_05,Year_18,77.18422646062217,96.85242195998613,71.24493718672417,72.55317059726978,35.3369078573437,97.67749994347214,10.179292169716325,17.10454626519,54.831694919323816,99.61610068461907,724.7942223133508,446.56553141006594,1171.3597537234168
Company_05,Year_19,68.46696091424931,21.186750113699027,68.90600928530216,98.53110327370723,88.54784556095152,86.23547442855096,74.68656560681772,49.85183228893637,72.03793708924212,49.173605169089846,701.3322601356493,562.5826518928873,1263.9149120285365
Company_05,Year_20,86.43010694447601,75.77807276832799,34.59335742983884,31.526209379433304,20.132235137074332,12.123546818097621,75.91609441525412,33.49436736113633,32.70807343627184,92.86222607007576,583.4100625878389,578.0112083712964,1161.4212709591352
Company_05,Year_21,69.18516030703091,94.45064111389341,95.57772060253693,22.802443181847657,73.33173797147163,90.87045442073554,56.34400149219335,40.90480319598798,37.69938147638342,41.05151559321095,736.7123455502264,450.42976508028397,1187.1421106305104
Company_05,Year_22,61.147774300192445,26.310975954909413,23.59521026028102,20.9246445480186,58.66286289804193,80.48785719687633,24.522652094984533,85.11146112300649,65.22741126904455,14.92594362324873,420.2133017285373,286.58722621248893,706.8005279410263
Company_05,Year_23,18.430729104528325,15.984664063009975,48.91013209383417,37.294763281083604,18.688102317589674,80.23385112138824,17.519890375962078,94.19360621747461,90.81417640993632,28.3817895731586,353.15122397563624,256.1356441474013,609.2868681230375
Company_05,Year_24,43.09442227534902,76.70085843610532,94.9254328150839,19.0941229909582,31.770444543295508,51.21961831032144,11.721606979355832,26.715976480466708,82.89319782726095,47.68256289949158,562.7093478200354,210.00293035977987,772.7122781798153
Company_05,Year_25,33.86821309135529,61.70258018619207,47.775458523351006,72.29452075247187,11.11636326495833,45.82047636590525,24.917335926869864,43.52580383981193,62.481719718962516,29.767143573511213,457.72644733459066,724.1205585471288,1181.8470058817195
Company_05,Year_26,31.95906790411752,85.76458990824449,67.4673352897677,15.606261831705641,52.189116891805526,37.26241559498733,90.17699814848321,93.57675059038547,75.71995459815243,10.020433439642998,567.8300699795915,341.8849473432167,909.7150173228082
Company_05,Year_27,97.57094992772011,22.579513896366056,45.78349581665149,55.84799153348107,37.11387346840003,15.91253730589292,31.738315753151358,15.562761462030037,42.834022318701884,92.35013839727745,562.0611303275817,326.9040495690608,888.9651798966426
Company_05,Year_28,45.378795220008435,81.57405806739011,34.67936821138031,99.70271684676791,63.852173586798294,30.54118271443292,41.88441944954941,18.312447530024066,67.6868975288882,85.9491470107836,566.7256737274569,641.6212402556393,1208.3469139830963
Company_05,Year_29,90.2841899659402,28.14645880429701,98.55798831638454,83.25732425554169,36.751402693775546,32.19432714802221,19.481093603319987,24.651189028560644,51.95634320148013,76.80630083382525,599.9487411989546,392.0096678524351,991.9584090513897
Company_05,Year_30,66.80247633975367,24.729034857913405,46.84006056835387,65.36974944079098,36.99272003562862,53.566936273918145,30.012517427335325,63.56915507141873,27.09425228118048,25.103313608142578,509.5316899312555,503.62681544710193,1013.1585053783574
Company_05,Year_31,81.53301731874836,24.783921813789362,90.4689283311221,37.56282587079505,76.8873878858443,77.26999659370246,56.73021137021846,23.542504390539772,73.15644464895314,20.832721858898744,643.1364897395315,297.5066391784738,940.6431289180052
Company_05,Year_32,55.23733837946729,83.3117248208244,30.695914530197758,66.15062526624746,14.33285523805181,52.64288455581519,64.69774147860873,97.12687433056601,60.08181736139398,16.084427452514483,563.8627151156728,775.8474328771815,1339.7101479928542
Company_05,Year_33,61.92134961637232,69.867749862658,29.1794233622575,57.433731752048644,91.26054956727886,15.206000450244455,32.081708274959,50.20430745326683,42.27594237582323,75.16262698956291,564.0453353451998,710.9488400103423,1274.9941753555422
Company_05,Year_34,54.32659244369775,57.07588822922074,12.802067459606022,48.347504550133436,86.70374869520633,96.20108208893835,15.195894330260549,55.13661643151497,92.02052710707676,93.59271646190967,570.8598812229739,718.273773779002,1289.133655001976
Company_05,Year_35,27.571868901824004,42.29474357111523,68.65001428382965,21.76393390661795,70.10242149037659,94.8451887184701,45.19295822146588,32.19927542248658,11.884070604405995,48.74822388217333,476.6661718423276,444.06424914320314,920.7304209855308
Company_05,Year_36,75.02069037353547,88.94804867317974,43.1673709351385,89.79437937164201,63.389941309664586,80.66705888335676,31.078303383370073,52.38642271912602,38.419583612454645,20.722660479644333,731.773582677543,657.4167282243036,1389.1903109018467
Company_05,Year_37,35.26951261967702,45.32005966803718,87.79224248556733,50.48061839391902,90.3072248325687,99.21951114077986,29.759853090682174,69.57222693733104,15.11932579998819,56.11535386588959,653.3077703494436,286.3256932338681,939.6334635833116
Company_05,Year_38,12.188436978830845,83.49394955244193,52.588891602240146,27.516026063868857,26.6797161575843,59.00340995202367,96.38765224421097,77.60594232586385,78.98745845994645,41.39487167127671,488.66710126158154,205.17140155506817,693.8385028166497
Company_05,Year_39,68.09250663164511,49.52214177131966,97.13740851232495,43.09834157895607,17.107224597174575,96.64915152278854,65.46704373331517,77.84812744389217,73.18967087024134,43.73424319149979,679.8986462081366,211.98375954681688,891.8824057549534
Company_05,Year_40,25.939961146634403,43.92499864824168,26.697296413280903,47.27167772760343,31.55591529185843,16.80445365550757,60.11905988548863,62.01020014246795,39.82169968626853,65.91975617401366,360.63287979104047,551.9610424427362,912.5939222337768
Company_05,Year_41,94.64127259176229,51.64118071026458,88.17608511600497,84.47841060101868,81.51204508301713,42.91126734352342,47.41975931709897,91.39237974944714,70.80966119863658,74.68463019359821,772.7069687889748,473.23694314876445,1245.9439119377394
Company_05,Year_42,95.85357193023286,37.12400867477279,79.89371675125676,76.02529425052619,13.120324005383498,30.284314120608926,48.60499000871298,83.56670625754984,45.63435035763548,19.954323898584477,645.9964849952386,510.80920934511187,1156.8056943403503
Company_05,Year_43,92.33779511984037,77.2848442158626,79.38296601796468,79.23744042772059,62.45261515751407,27.6249775720843,58.68145034542727,78.1343303228763,78.0628412280191,13.203120772582874,776.3370167935074,204.47788425033164,980.814901043839
Company_05,Year_44,43.31428302299,55.24483510832312,86.03049053051988,10.992813798578249,99.5893764572179,22.672265400340848,72.67868263324965,15.004496951241457,50.876529646303545,99.48972724171433,560.7781276278192,453.6119717944554,1014.3900994222747
Company_05,Year_45,11.391095487598069,30.89914256321356,78.4921591848699,47.45385983617854,87.01264844537855,66.0172277409397,73.19314865636466,10.619016599768438,47.1051755048499,30.945551402399666,542.0322542609658,630.8408967205164,1172.8731509814822
Company_05,Year_46,93.54867063289528,90.96171159471116,66.35982894682738,53.32097364717912,56.93011201392305,80.31896701725745,25.45245169349046,29.120254947592567,94.12569239394709,14.844747241761317,740.1559372930308,465.61622118046154,1205.7721584734923
Company_05,Year_47,48.53657334855829,44.55020992358903,21.81203899141488,11.727304914075102,15.72768183579781,62.04685594783246,55.01014768689643,69.7171234522107,32.579118990163025,27.0887796186328,394.0357585171617,639.3315237873334,1033.3672823044951
Company_05,Year_48,96.99893371393026,58.919757500258974,12.927356154212672,33.38318878705308,84.82361629471389,23.22664386293887,47.07622855306918,47.007773999429126,20.840260599690886,13.506206171361779,591.6241114623584,339.8113786381009,931.4354901004593
Company_05,Year_49,96.72579793803276,91.58248998680922,92.87630630341182,78.42608408099215,63.90806573594895,83.00113929401238,88.34742696424458,46.21656333693806,62.60888019335123,45.26298051554545,905.3509839951503,687.8852026890353,1593.2361866841857
Company_05,Year_50,86.7708509920624,66.18141963225929,65.49852830686643,22.339873515609916,20.343969735361014,67.23592364473556,66.82770290965388,89.61281994066523,97.2389631055761,82.21616060061919,681.2602176442231,553.0587442720714,1234.3189619162945
Company_06,Year_01,36.50040028626271,20.520823663752765,81.68835618785587,58.17791183073325,18.44715563410206,44.934913551429595,57.92536597743836,90.60065633186548,44.0055292354468,40.71200047819485,519.8022952607909,326.45785965794374,846.2601549187345
Company_06,Year_02,44.658795574173276,94.58489112521276,53.3370116361295,29.368168481551375,91.86641374929332,70.67172659824567,20.38551779610256,91.82577376482271,15.583308726590337,49.97650661905299,546.5486465772005,342.0322855122997,888.5809320895003
Company_06,Year_03,86.60230043651713,66.4937247764276,20.557737006615504,11.090869717950394,70.22802366442706,33.39144813185496,64.50741003910703,38.24902688635245,40.537474057861075,70.80280962106949,499.4347936995799,576.8182787417222,1076.2530724413023
Company_06,Year_04,38.522980464064986,40.14150531913775,21.26672129822954,31.708131183958734,84.635811938508,41.06729876447895,20.548351511221007,72.19502314653356,55.53384888876026,55.800466306289216,415.97141428305446,697.9637559274661,1113.9351702105205
Company_06,Year_05,25.254347201748324,22.53448653970485,71.70087585060742,97.82863794190484,89.10810102540405,92.57372588187911,40.34859180091769,34.44698631469326,24.573070596899235,87.53011174191919,582.6200084766635,449.37666921749314,1031.9966776941567
Company_06,Year_06,60.11211362125152,81.46226703432664,48.72753054095164,82.13834006946907,61.459511684348996,36.145405510427835,22.855776833289866,27.15488497670048,69.22919962508428,87.94321075411808,574.3437326376593,354.9802574765553,929.3239901142147
Company_06,Year_07,94.25392967447029,65.80654803356622,28.047225403030303,96.361897988893,56.570171657953715,52.298944134214295,72.28662823219321,26.616921161263228,99.79744501091805,10.891962594203829,632.6712028936608,720.2069641463603,1352.8781670400213
Company_06,Year_08,72.64268170074757,58.01149827786894,54.24350920672932,53.90686395337262,48.73846692888912,90.11270236564131,28.562690245253734,40.789685877723464,50.656552838329944,80.02416758348792,640.1591410163403,601.5609750505009,1241.7201160668412
Company_06,Year_09,61.30550530804285,90.45033247458619,15.778804336762068,19.876257880975317,38.52519290120074,73.69492152407747,45.26734358692234,48.69618578018395,41.92557010571914,51.46602402175065,549.258930012482,468.8512923698459,1018.110222382328
Company_06,Year_10,18.74588443936917,80.97374901020777,62.37742617229589,59.31635400763236,49.11363647728406,15.598290354823249,90.61072998569009,84.78542539495615,46.063375015102,98.99564871732967,509.63765302142485,492.7401171675811,1002.377770189006
Company_06,Year_11,65.35065040292528,23.650739175947606,34.209406399158794,50.89396011039648,79.64916901571408,23.257273985107332,28.388474505907325,20.790198412544086,20.363156055568105,53.490886828789165,436.4697266950676,322.55388076183783,759.0236074569054
Company_06,Year_12,99.10484650938369,38.05498610159934,81.78031905734693,85.99213744656544,64.17310879136184,10.705743169472514,55.70245575629012,76.14332626554048,89.49462412836014,98.82063508494677,709.5002652186948,576.0815780389064,1285.5818432576011
Company_06,Year_13,22.60756137128716,32.36402258330192,37.932576303121635,18.827432270582015,90.32709609593614,66.7829611206247,47.73444950494198,57.83094227703748,47.33430899692168,77.9112425085163,422.38684253950834,415.2455063257332,837.6323488652415
Company_06,Year_14,56.64966871273631,76.95516633154092,50.969813417362104,53.94170233196004,49.90420129412689,50.29060828693765,11.631163694115676,35.91508084083932,44.85469702823572,32.37443961519757,543.5611615985149,797.3871060046096,1340.9482676031243
Company_06,Year_15,88.96357647351599,13.017919126220145,11.045848591729058,23.50437982245858,64.63806208468786,22.084736581204798,81.34823022155315,54.353762607954216,69.37212456374269,58.45554813582619,510.46798832733776,488.1101091571327,998.5780974844704
Company_06,Year_16,76.6691755978784,61.29007163841849,16.5202199015103,39.22083342010539,66.81767977827899,96.21407089510934,16.214131568313974,36.99478627993204,49.78300788380112,99.29220755307244,492.1065572299777,491.5313637137679,983.6379209437456
Company_06,Year_17,72.73141668957412,78.62128171666215,45.32442007660163,76.36213696490196,63.2527446075693,57.66937515510579,52.682951887925825,63.64737597144754,68.34101219270615,87.17775469767314,670.4010733675304,539.5110724464032,1209.9121458139336
Company_06,Year_18,73.22356755883983,88.90890730855745,53.19449512454111,52.84163164318899,73.23703957769646,31.770396470160026,60.46104654450549,49.04595305697198,15.530166111770875,18.7630204412099,637.3178630925735,750.053601871248,1387.3714649638214
Company_06,Year_19,42.35420360977797,40.78735738443167,64.00184933073734,43.82994566311924,31.369012153732566,55.05432140392368,66.55838109531284,24.796497617099085,83.23510093500047,73.57347971289965,488.054196611692,680.4908599158501,1168.545056527542
Company_06,Year_20,36.4232659838044,83.91315742048116,36.24963208383729,45.50286507130318,56.11273997912116,71.1658299461597,71.9768466377088,20.492476710012703,94.64535575914623,41.10216272837317,544.2919966349489,470.67804187870485,1014.9700385136537
Company_06,Year_21,82.84250399306623,19.95685632596865,72.54836975138883,51.350209156538796,19.38023225275129,16.861529617620803,32.79451451704436,59.20261138649171,68.38888475434473,10.628403569231331,559.9188084081535,631.2195595836777,1191.1383679918313
Company_06,Year_22,82.91020552112627,86.18070625610663,87.41101574702842,80.65148894533512,44.60601948803313,34.72334335431028,10.898089899260444,91.21717299574931,95.91093359729297,46.31328721242996,705.4962570512022,551.7412992684569,1257.2375563196592
Company_06,Year_23,88.03650867220934,21.47397960987842,80.18658900040148,90.2876220046211,53.8900361759138,82.62689417955943,75.10992961194208,40.956191790191696,23.628908293296696,31.127897955247416,706.4767815398221,495.4202292207494,1201.8970107605714
Company_06,Year_24,92.19164973008242,45.755856150433054,13.565694281352144,95.98012178535355,68.70018335909252,51.36983833623951,58.20909394128207,75.97000965003609,52.96745705323183,83.69823434684244,687.9704373307749,315.3894636706103,1003.3599010013852
Company_06,Year_25,56.020815897484404,81.75658292015983,53.24562525320461,80.82130476297655,95.54779473275832,59.191942782906544,85.25059328865238,69.27952194457902,64.16260605509025,40.35975479611889,787.4367859216899,478.36175807293455,1265.7985439946244
Company_06,Year_26,55.136466521847964,23.492568461389638,19.44371605763574,38.38662061732114,64.05859598935203,48.953440198852235,83.92495266106249,93.83994228785329,62.3562982679068,84.47713245584353,479.52729816940183,347.49115221354475,827.0184503829466
Company_06,Year_27,81.84656610700976,30.632625570937734,31.78405142762747,71.93212354778879,76.92345245589038,13.95099483787046,85.89935510090949,83.88829155692268,46.131560118013894,10.053814495131578,623.8502487566666,748.9052899109928,1372.7555386676595
Company_06,Year_28,68.49675376999886,75.00273115537597,98.79963339404318,49.384281164985275,55.56394535456825,24.917480183814035,53.65851939815862,60.99447330149167,40.427596842963524,37.70372350235073,628.975263754815,401.2440880978082,1030.2193518526233
Company_06,Year_29,73.17701895319331,74.80328828914669,22.824598861136188,32.92035598414461,67.06936282386982,50.09874748677018,40.02655562531791,69.13274484106967,21.414162029537692,31.704869287698575,510.3640802177777,771.3584087200234,1281.722488937801
Company_06,Year_30,81.6213402492491,67.70328695967676,54.899933810622045,85.67844214833303,16.383899452039607,28.826691886713505,81.2402382332233,90.85478199256313,45.256820550605035,31.021062496174988,708.0686546539043,519.8331740568267,1227.901828710731
Company_06,Year_31,90.10048076358096,72.455360002039,65.63401608863072,13.458371406609249,32.89524227576623,14.498112579371085,50.616470172632944,45.95669061282413,24.639473359493664,16.136795778891642,598.4206558511402,578.9266272056961,1177.3472830568362
Company_06,Year_32,40.41956411663823,58.84519990128366,73.22184734896936,91.15857929218812,42.56677838846248,85.92846976466413,26.509797676309105,39.41152352719996,76.09291088429966,26.841184336945155,642.0326774077664,525.7642666935967,1167.7969441013631
Company_06,Year_33,43.802465737594964,32.66191530162575,60.36838151382227,51.53297181622607,52.524401950586224,98.30732762477042,86.9476617605327,10.97299752716767,28.7947841945131,59.99946128970579,494.4067181202583,277.6283701800205,772.0350883002789
Company_06,Year_34,18.45837458567821,41.112639415352746,10.87937626772653,67.34813291274523,14.108387095214535,81.38285865970656,89.43038890951125,84.38959667723178,15.270877475608046,36.222496555397,425.16625825264873,425.4927314047646,850.6589896574133
Company_06,Year_35,62.045212689655656,26.34379451212831,39.38151774195927,69.34185299852044,22.60216877979859,86.84064295342003,51.96787805261531,82.08826303630283,59.712952403551085,47.565530409623314,600.6981548299623,259.4876673665743,860.1858221965366
Company_06,Year_36,13.234804641706788,91.76055052002656,56.59404790462403,90.56059666358827,34.91328770121752,31.777941728534085,16.812975457880874,19.400906629013626,63.57067594474614,43.918019231246966,507.9342995751081,573.772426510029,1081.7067260851372
Company_06,Year_37,51.90382163192142,62.50526152895084,17.907984923035002,67.30027139504867,97.43794218109456,96.45642779618798,44.90434809252381,61.917164301943025,88.4721755152455,88.83144324999051,632.1059002729985,468.12451712026336,1100.2304173932619
Company_06,Year_38,58.838017123681894,46.07662750872759,41.55642380882627,65.25402262840555,39.82123063927457,27.723313400808554,82.31838935163431,51.75835283501986,61.92834511759137,91.47690991094639,546.77715490056,666.7909829425621,1213.5681378431223
Company_06,Year_39,35.7887126915456,51.58052232797194,12.98827979122299,15.998683650462096,53.383695230087426,95.6286829325649,91.15966256916059,20.683818595820032,41.09327683511012,54.3661274490274,397.3971585341291,332.2822885996219,729.679447133751
Company_06,Year_40,63.174993451210966,95.25550056506339,17.072064743951866,56.656721975068365,27.648794146455366,99.5337364569356,28.312546824783624,98.25114043546512,82.27106933736884,39.714035528404395,677.1971920009996,298.73963505760094,975.9368270586006
Company_06,Year_41,12.745022494514448,23.801626280447216,45.72309485814365,23.51521007353375,64.97020639681915,74.05505251714439,16.027625082274437,29.322629871701988,58.62510038686789,19.612063360212726,323.4140842413361,443.7993385782607,767.2134228195969
Company_06,Year_42,13.361336987429297,62.76068488151175,21.94441786387543,76.3690391849337,35.26148939643769,98.30293586126398,88.96154078195548,16.051076208150505,17.135225616807258,95.80625914438855,478.08183658393943,755.9512299310287,1234.0330665149681
Company_06,Year_43,84.03405045936924,55.52998109960194,61.07867634354023,56.0999728731407,28.62933205945841,61.25858016103933,45.04644450809877,63.536264155171864,60.9265504281922,15.420425041026771,598.1076595355246,626.253089007447,1224.3607485429716
Company_06,Year_44,42.41715772701366,65.0308811891183,72.05184722235391,71.2205001287518,56.491536560138115,33.35876048584813,58.758486784080695,76.49800094197295,91.72166908794962,36.788524981145244,579.815479951194,451.3541748757512,1031.1696548269451
Company_06,Year_45,21.435446138669633,11.629916543875646,82.05280291981745,13.750561054214584,10.495521924437874,49.32962970990588,97.1259230845683,12.919910144246828,45.66813629483985,36.82595810530037,399.5498217869707,510.36330185258635,909.913123639557
Company_06,Year_46,57.001893404932396,88.49115180497364,28.01352198203291,17.63128144412229,10.68976293843028,63.42048418409074,15.990825512280058,69.28458748543198,36.66932217098201,38.83611575261934,484.2107560178404,250.527806706259,734.7385627240994
Company_06,Year_47,79.29941977887498,93.89064542352511,25.07343240331628,74.4691049256414,29.7161928191672,16.577340582431347,68.3486206706886,57.9062688356309,22.912251131621804,24.785815894516837,680.3318434742245,790.7455378256678,1471.0773812998923
Company_06,Year_48,29.423892474715885,60.861986523028804,19.411105630096024,16.487590239880603,13.304922625073903,66.01089381555215,16.669488031738037,19.293850798754356,23.63009697418216,80.48452878313275,330.069166175794,599.8443828169513,929.9135489927453
Company_06,Year_49,66.06014282371002,72.6985741489203,67.2787224589273,16.413105498873275,19.722317871762222,98.3060053086065,43.79220356198503,25.527148925172586,48.949433590763704,21.02480757693903,531.0467653422292,371.2424410780535,902.2892064202827
Company_06,Year_50,17.68127184943912,93.02494430595661,73.5828153838211,11.08976277113987,40.49745844048765,27.109688480535485,82.3433090674102,61.11768675844725,63.611184174537655,67.14159932378465,535.0960243409467,551.4850365291466,1086.581060870093
Company_07,Year_01,14.651354905174692,73.65147708820587,12.842753034307783,96.0851258469532,82.23271116218315,81.33356046595449,49.012500948007094,36.672185216195956,17.25538646526416,21.14614240352357,494.12184678410847,265.6894196413964,759.8112664255049
Company_07,Year_02,57.82191684113332,23.72851386228352,94.25910216193208,76.37575235131062,61.484377903237075,91.71089144016574,99.74641185126553,94.44841557861845,94.56117301226492,16.34820738336609,733.0988599373968,779.5020012845501,1512.600861221947
Company_07,Year_03,58.657160944909585,61.86595241501318,14.677415528632517,41.79262676518577,56.14009533607748,94.93314335381987,60.315335645194196,83.68662065356457,77.96202557006764,91.84865533172888,582.1959133042257,304.87099273001957,887.0669060342452
Company_07,Year_04,67.3686911348386,64.60435417445703,58.71667017709634,36.68820231588897,36.413994088730945,96.41220439649025,38.904593737235814,98.52104858622967,62.79615264552964,27.11158896868351,592.866948093274,588.8181908331285,1181.6851389264025
Company_07,Year_05,75.34822003503955,48.17176041721474,73.81544675058248,41.47329067712646,93.85783474895348,56.93136748493247,29.81001933142778,33.370375505537254,84.55948038450917,83.91251391037339,657.8922988821562,347.27267752335825,1005.1649764055144
Company_07,Year_06,97.82668715162812,76.27998120622506,88.3872211371477,79.71881780630636,45.73135371134725,97.95771171923533,41.54684808575456,97.27512695181794,17.216808113090195,59.01677839964222,902.549051475074,630.5368295891215,1533.0858810641953
Company_07,Year_07,56.46703134710758,94.09303132921134,74.2678238919185,69.5233549963373,17.838349011619435,78.1579186420995,43.52799463835957,48.81104828124021,52.915498995981196,17.007086764789264,682.5622506302524,666.0928203441686,1348.655070974421
Company_07,Year_08,39.06608256471213,93.30116616160987,82.15552747628126,26.667601108072112,65.53598645060211,24.55042926132657,16.18423099515649,41.276691578237916,66.7083814175497,95.99033722942607,564.085553740222,604.0518373468597,1168.1373910870816
Company_07,Year_09,81.56675752918333,50.57554342637189,40.55051732885255,25.66984018006759,20.245455412894128,52.9210095821173,43.261677948409584,14.531457427241792,84.57876155064604,32.22650502927033,560.6609045856205,568.6996761531155,1129.3605807387362
Company_07,Year_10,34.374902613586684,20.19142412566797,83.3342602371861,18.85560847420576,41.07008285215229,74.64980578348036,51.781466776530245,14.748873207364236,80.51226040443409,87.36808108173459,451.67004391132593,735.4814563712071,1187.151500282533
Company_07,Year_11,49.507427863507246,98.63570790661011,17.210336174620764,69.42724477312044,55.6670744846028,32.2606284237175,75.04639770149242,72.28101303519892,34.936232474205966,25.192900520610777,607.25798623541,247.17602659385483,854.4340128292649
Company_07,Year_12,17.061074320803936,85.50082778013407,90.53349904544748,78.79353959995623,88.68002722166582,67.65536651939986,69.10565362494472,51.213609499062514,94.67921526032839,86.85485939276676,642.7589788960343,398.54885946811714,1041.3078383641514
Company_07,Year_13,12.281566907391177,21.219641308294015,59.28331385383626,33.85417854925036,54.41919223061068,69.99404311419573,73.78890897062388,30.386946343249512,21.19112572877833,11.190593161476459,391.5384847100904,348.97248777850757,740.510972488598
Company_07,Year_14,96.63835732101326,92.87576943556351,83.55679929662443,11.885046492782154,73.20328894284978,24.64297694277093,10.75273136891714,65.25732756927093,88.76202567590369,56.06024109125326,758.4623609222489,792.808377239253,1551.2707381615019
Company_07,Year_15,85.23821084609853,88.29067258559155,50.70864560664701,17.39545007287846,99.35351550991633,60.85767812074806,29.590065962248243,32.75723064251001,97.38462246441567,79.24983214794011,675.268730113623,433.6338678001241,1108.902597913747
Company_07,Year_16,72.63767854843282,56.69542514134649,67.92199256768725,97.10740313605274,21.834020790818347,79.44642198807469,69.5515859559871,61.98685789099803,25.9438170900363,94.1315965743505,732.174087210374,639.5676195442393,1371.7417067546132
Company_07,Year_17,46.80576499728429,63.21478921704363,57.37623948425019,36.59002997296783,34.72583729675676,54.900609808234776,53.559043136177245,42.32878722844213,74.98594577834068,91.82819225858384,527.1812332393209,610.8350983286027,1138.0163315679238
Company_07,Year_18,25.596488806376122,45.910243348311724,75.84305695797987,79.23008330543203,45.511846803788174,11.089280509849669,10.478212810151135,84.11970039506372,13.625696690019861,83.76623825928804,441.82213724482017,327.24874248642664,769.0708797312468
Company_07,Year_19,24.079333840397744,14.928547493982819,17.34669838275306,66.21972119688374,47.96453606849482,10.813462217136296,82.40451781886401,83.86265446901014,46.488054262523946,89.93722146951737,397.4744740049113,343.39860812693075,740.873082131842
Company_07,Year_20,32.52186083481358,40.16775174813108,15.431687559150742,44.37456756876063,46.99189677389912,42.1326409573011,79.55286159613037,52.96153583101612,56.46549692779066,27.929771725336884,407.70959240059994,368.77073813182045,776.4803305324203
Company_07,Year_21,59.43039982355084,82.25681037382103,32.23929106091318,28.51185359759996,91.68499023008994,93.35746615886038,59.357724669420634,41.5737198401514,62.25807033186707,35.576586614055586,661.2685971749465,446.67636695562754,1107.9449641305741
Company_07,Year_22,74.31363304300561,10.416882070414257,24.359021210186953,20.92477763434658,74.26293800201708,30.580910164324788,15.981699319864491,42.63038169031851,94.23435234237036,36.007167242895264,431.79305515685337,340.59503939031606,772.3880945471694
Company_07,Year_23,69.41776390459582,40.014925452202974,88.46052099329815,65.35116712349799,64.71146926816334,67.09273199845185,78.98635445793262,82.51430731013961,70.50256185647751,43.93485379015289,704.8562512881125,211.79088964810867,916.6471409362211
Company_07,Year_24,35.19405072513486,45.8351824231849,29.72925886222399,79.71704025740092,37.84354460765039,29.986828362398853,62.53422289582276,39.53615345178508,53.31501560973133,45.398860334666985,473.9579527853002,727.6358340843173,1201.5937868696174
Company_07,Year_25,95.93787525968747,58.36560426441306,97.82787302372182,67.95138281870176,84.14113457991652,38.950299069359374,80.37639794421632,28.81534363361614,82.87075326393004,59.00997921892079,811.9344817151672,779.3658988285305,1591.3003805436977
Company_07,Year_26,76.41072250261917,92.78700547714844,40.320621259399616,57.727191992424245,95.95544603364901,86.32378806413355,77.65722931562564,17.621950768777616,95.5479538858968,24.389178702979727,700.063068038447,404.9422322189408,1105.0053002573877
Company_07,Year_27,59.891864726026064,41.17113949293651,26.390612411982936,13.775610108847264,83.90784542952039,75.59752980429522,82.27018647620534,52.00238087959676,11.985953381406176,72.21219974073904,489.867400653836,403.1041276552837,892.9715283091198
Company_07,Year_28,65.05486716109169,41.22578817066049,81.07286564282312,97.16398998349455,10.140859467232561,18.585934958188957,56.62072597641623,53.391888902785766,98.42691450304348,25.080988537405585,636.81108044987,204.25508766462258,841.0661681144926
Company_07,Year_29,47.764005618501095,76.37511232987735,69.28369979507886,81.88427724891172,67.27612331650664,48.58318188877902,22.62920663741635,85.68178393626164,17.751892515731228,37.92776338940928,634.8101752845697,608.1504129982245,1242.960588282794
Company_07,Year_30,32.29578905510417,50.69961468008265,54.837614480782506,36.35398330308683,14.602184329789065,12.625278728073802,70.40417260417198,29.91148268014576,83.29481013418852,55.301061754553864,402.5567119901633,695.2639374491773,1097.8206494393407
Company_07,Year_31,42.03754107861354,30.214434064598375,59.982719584386814,98.19732964229655,33.18464983003497,53.28011319427081,65.84264065467735,44.28921463015599,35.23012772962713,81.67965053711296,489.5532311958374,287.9649802160019,777.5182114118393
Company_07,Year_32,78.20614994179321,50.7195564519424,74.72816004450374,64.16934306726898,15.357223031299451,69.61906105309612,76.80278684791784,82.75651650043218,21.896169197848458,76.55223099148546,631.9167002424304,295.79980962029043,927.7165098627208
Company_07,Year_33,11.295413976678027,22.677131834181985,30.560926719816884,62.418039238652185,64.34159076544489,20.66523612383364,25.289290544566178,84.12612496740762,49.58700757424514,68.09809207694701,286.9209808074932,674.0499499828627,960.9709307903559
Company_07,Year_34,20.446537645622463,25.874828785560098,99.67005244510678,77.3265861486579,71.79309221433462,35.99964450182491,27.54776799102603,44.61499683808914,67.95609215028522,24.019593452215314,503.60947541583545,569.7744490124868,1073.3839244283222
Company_07,Year_35,14.140237781957747,54.853099546553175,97.73138459321048,83.05928092811239,20.30388742593146,45.805296295194125,90.13685654973956,51.32116209580128,44.28566605211275,59.234081105402,524.2195126916397,226.91633457663022,751.1358472682699
Company_07,Year_36,13.665592208707313,47.70329045540931,68.52931177122431,69.08307465983523,44.54549947404816,92.75779221904448,77.49800186068637,37.29573017643546,14.910886745442905,17.87018516198969,475.5805079659405,573.528194277369,1049.1087022433096
Company_07,Year_37,86.99145256099065,92.33613109612901,27.958820583623062,21.528617172958,51.06128580599878,99.39295138806676,91.74056398302906,93.92993905773808,63.95150256928449,43.96268591169857,727.7552886198796,385.3506337062596,1113.105922326139
Company_07,Year_38,73.32920734420213,42.61545092049698,71.22054181881622,40.44407553950485,43.214771958482494,14.042016909605426,78.28437890475287,20.677938916742228,91.21629484996072,47.216487726096325,587.9308024203058,421.2350932825076,1009.1658957028134
Company_07,Year_39,52.67564461785927,62.25295152502391,16.497856808125825,93.52752762934448,20.892250043667374,78.49071311458529,63.743977539127165,94.0374480701323,44.48938293525265,13.583029550117844,642.7264532753301,661.8388509781281,1304.5653042534582
Company_07,Year_40,18.805074458590134,66.90378591275774,12.758725198522546,30.215405065946673,47.70530111687279,43.45516597621089,68.87194633250863,71.54798066518089,29.469949986774434,34.658928952297465,356.5353586304011,686.5611156035663,1043.0964742339675
Company_07,Year_41,54.24542876051491,11.178501092950027,33.19145996600923,43.4950321453762,77.60602430275763,45.3212367606532,90.0215131546009,57.841493741805806,49.831961133953385,96.00845205398404,524.0950275737711,440.2139761038984,964.3090036776695
Company_07,Year_42,52.61245937025091,69.71836348150396,51.636066106538465,48.88691946497764,16.39068980799299,77.88384760123205,62.09260790607465,12.93931547060463,14.352643994390277,95.82693470467206,565.796188271468,768.2917616038128,1334.0879498752809
Company_07,Year_43,25.58816829190137,26.02323701827763,88.14452548675425,49.5464490725007,17.21620126737131,92.65837889308678,66.91521918955488,52.803657263980746,83.84388260322473,41.70943488272854,473.9681771843516,443.87763077124333,917.8458079555949
Company_07,Year_44,49.04664843141757,96.49632857225096,75.44521627896772,65.1645624245073,41.92941626523858,95.58357350522935,24.08290444032405,46.6973294502459,84.3706729855168,13.879009805349165,687.4958949587474,663.1016211380659,1350.5975160968133
Company_07,Year_45,45.86542609576361,23.379645497780167,76.84358690799829,94.87682539702368,94.75531404570326,61.94103274344887,52.652909810449245,24.50969307776103,62.92004170866656,26.118544539536337,593.6046218721207,490.3263587385554,1083.9309806106762
Company_07,Year_46,65.42650882469948,47.316171135432135,48.29440010032678,31.662344064925446,70.17153820506226,42.14090433704526,74.4757400762289,69.07686431505911,41.779260004455054,45.299601409018614,580.9172421983541,738.5193959132504,1319.4366381116045
Company_07,Year_47,67.15842857808795,17.681470127077947,41.13414932922666,20.935123867082623,71.08029610053083,80.87941772729013,34.384842848472886,97.40358166314572,81.9805028001205,95.30017281723067,578.4008683739564,744.6567461901071,1323.0576145640634
Company_07,Year_48,14.077360879484006,99.71868266613527,43.393488668614246,27.77234408739436,42.572799175407845,32.59012449360702,28.202876247208142,60.59699299580726,59.921832230953044,22.70791571834664,470.749694370913,252.45008472265033,723.1997790935634
Company_07,Year_49,43.71513531638241,55.19755092981183,98.88846073624521,89.82324101883425,63.42947120876846,60.7666625950166,38.244412740197404,74.32779487995512,84.33390776950147,78.7164259301391,690.0432485256138,761.8959987861355,1451.939247311749
Company_07,Year_50,66.32739241428128,63.58465155880394,13.609827227123423,68.12297313896855,10.911806562496905,42.272061537238585,31.73505651935501,16.160540730941513,66.83129133247186,19.781428543722285,477.8630144542632,695.3209049122495,1173.1839193665128
Company_08,Year_01,55.28226327220789,16.036882964958473,88.03283465102037,35.73161103152441,67.24864417685879,69.09679663370885,29.342137333275627,47.590029623529524,80.59649258915175,98.31318196521491,499.5735256441455,674.7864285876001,1174.3599542317456
Company_08,Year_02,87.08408570694901,77.496442335926,62.080786771515406,83.43522450717555,92.1958252818613,31.635902160415622,48.23657585812782,20.47226366480463,63.8706693895984,44.34548491982215,742.2775136232659,320.54680381131345,1062.8243174345794
Company_08,Year_03,69.28242684570506,28.891503378602717,49.47538772706314,87.52329967270924,65.13161215103372,27.24336511613432,91.70546624951807,65.15162519828593,47.27269613940996,79.77110850091505,652.3842964682216,683.0715252527989,1335.4558217210206
Company_08,Year_04,24.664098437328672,90.82488604966424,75.27318943736229,86.18629048212502,88.63287341197105,92.64151780078933,55.63536820648464,94.46339423927391,96.21512739335238,40.833197453001866,678.3832384418715,710.079640811022,1388.4628792528936
Company_08,Year_05,16.351187266038686,28.462567643380645,53.80020472822326,92.7033880275599,75.15757499194844,19.162331465458323,26.912834273379072,69.55999592244746,58.70024423909603,66.49019894429279,417.3890144451285,373.4902006724906,790.8792151176191
Company_08,Year_06,67.8177350385684,27.16189485972999,88.60809142734945,32.701691815602544,20.850257476332125,55.53621169614385,16.927450244278667,16.912274348297938,64.45805666864845,27.281447626603306,512.8634909374038,771.3560470173942,1284.219537954798
Company_08,Year_07,12.386017948745963,13.28947010632854,91.06316776101326,77.95377358716505,91.22079765572576,29.876750466670803,72.65405306241327,41.919958448657454,29.843887547327434,23.141891736726627,453.8561117149842,229.91608783949854,683.7721995544828
Company_08,Year_08,62.7198023146117,52.48602505989993,47.95488341861099,51.4485547546726,15.97994599201974,13.50369669931007,44.451888799274904,59.55970414967664,66.30857104845488,94.42577256113182,481.2848476776737,289.94555194828376,771.2303996259575
Company_08,Year_09,94.62072172824618,60.83570199363548,34.914501751154646,85.77986976010554,58.05707252929874,13.241693646228375,83.96478519268233,46.2886980519927,61.44468845346495,92.58825501139901,676.5833837850166,522.5486828309085,1199.1320666159252
Company_08,Year_10,61.792676008829105,15.913777548551714,63.3115295734026,75.5641609445452,22.79234114141119,25.76995948952446,69.35596917766932,85.0279609427655,26.635455815232245,89.87220461915942,482.62289455243706,545.4754826733858,1028.0983772258228
Company_08,Year_11,44.935293358586975,79.79748550255096,92.11270110550218,79.88027018497522,11.053594965781366,88.00933190554002,81.66173054872317,83.32039042389903,15.362838761782935,66.28901051499341,654.6558051813131,587.0900499805421,1241.7458551618552
Company_08,Year_12,67.89593965981179,50.795995127322485,28.95959701050999,69.05456539129644,47.98308341148751,35.4230869579324,34.47514354766039,65.06479180928993,64.3923387743294,82.74413900946504,574.4637907977518,210.18147758927987,784.6452683870317
Company_08,Year_13,51.2427601442365,57.195124239482205,66.06699252071346,25.968589252273617,36.55366368887406,95.54132535177662,72.31230302149524,43.611215061943476,78.73230424152885,16.21332432202374,541.3790133261487,776.2200647732782,1317.5990780994268
Company_08,Year_14,59.105511038434145,49.668647224440534,66.84041980832686,59.05242270072445,53.74004444178427,62.34600636902742,33.76557862243469,32.98027363869197,57.10612338298074,40.131013770161125,533.0505461332303,226.7528556404864,759.8034017737167
Company_08,Year_15,94.73183278988726,46.06867547877934,75.98017201737528,98.62027655720574,61.947989806109575,49.29527707918895,94.51616315052624,19.528688639181638,30.409536278768112,38.233281228144065,738.5461357812418,285.8371716340414,1024.383307415283
Company_08,Year_16,44.74923740206968,60.36762981773961,21.841091661453383,94.36492598474071,13.936516507805262,62.207995120250914,67.2736853380037,41.94079151378986,69.98697790237314,67.20807897573519,550.2038698748992,208.4087105156342,758.6125803905334
Company_08,Year_17,96.50715074415228,23.971622133764125,74.42424682138797,13.885636221731051,21.070296561137106,56.5028546703641,39.20606201578079,47.18552654869476,17.2095153948642,42.03619961235765,548.5821479095207,540.1150599764568,1088.6972078859776
Company_08,Year_18,91.48155777604573,26.3735317445744,91.81292685990769,24.833333415649342,60.27781568053828,78.28986283815927,34.25606760630454,70.82406325936662,49.76503343217591,23.365610347931273,645.2850161155444,759.3601303525834,1404.6451464681277
Company_08,Year_19,27.62120213103668,87.56070589121656,26.171479798321776,21.85558961091057,40.885061785539236,35.424645937556704,27.183392656447914,69.23438418678161,24.703008255857817,63.682036787218934,429.28245547927867,599.5682996482785,1028.8507551275572
Company_08,Year_20,16.24251707876489,95.15039159202695,31.378899243148986,75.3381918986766,75.62561387945031,41.77453524402721,72.5176863004355,16.309732567713127,26.601314595389503,83.29455286021734,476.17134028311,693.5944810882563,1169.7658213713662
Company_08,Year_21,19.070020123968398,43.597838465177766,97.42555846374756,83.60067968712505,68.70624837327458,90.46848722799257,29.684405169813456,45.5733383888042,28.206455424238328,44.39111450139759,584.3742141016686,207.96872207514804,792.3429361768167
Company_08,Year_22,11.639964308639476,34.367020582919835,26.28792574385408,29.216022967960473,86.10439266909161,95.1810861835365,63.57729393347402,26.360098049562573,44.80363513395801,21.904184358863354,412.65721473634665,525.2091790878357,937.8663938241823
Company_08,Year_23,18.499866468033556,67.95995889151142,86.89465840326213,55.52674236566461,72.32435440023028,90.33024047378271,33.81715242328216,24.113143478512512,14.603518505835787,27.701937758154074,541.6705704557912,475.73778650331315,1017.4083569591044
Company_08,Year_24,71.47060960747211,46.78607539882868,54.30500708032313,85.663272521008,48.69379696511333,47.75031945615822,69.57720503144817,84.45719347635213,45.801409683618836,31.373497465244558,683.1838703529685,499.38076653247583,1182.5646368854443
Company_08,Year_25,16.40697836142061,12.284772009431038,32.25079669628593,75.95213902896255,70.56699601549892,80.23289527061935,83.34457556864852,13.772369504463178,56.05367024032308,36.990783369508264,388.9021110577811,243.32791120111278,632.2300222588939
Company_08,Year_26,38.70780672643852,24.053733762957133,88.36749111452603,58.80134849426634,34.784305682987664,52.87021599709889,80.02227188301879,47.72645883119092,53.49648564696927,67.85155634556781,557.7661675056888,610.6612166415845,1168.4273841472732
Company_08,Year_27,86.03877798725091,74.43750059626578,50.077472950239894,63.13129214128956,37.568214890039144,54.778586693149194,78.47661978377036,25.13832901898664,44.45056903627365,64.08509360839471,684.029824915194,501.93224891518065,1185.9620738303747
Company_08,Year_28,12.094474216224327,69.30315477191363,56.333561853672116,55.752449222465195,81.0086643928714,28.421209815155557,26.895016512302686,89.13971941106266,85.52319472636772,72.64718754103353,491.50642505142076,659.0893099167583,1150.5957349681792
Company_08,Year_29,83.30216343300422,12.438639325313513,42.33100324597891,36.77936061869385,50.1777564761424,63.20172729326648,17.954645228606683,60.13364619475316,23.07940231784537,42.62517860783618,504.6389543685378,491.1743804370292,995.8133348055669
Company_08,Year_30,35.36692972960599,29.97749457396545,63.36557662914347,60.85197935731145,81.85423064665173,26.752230797801314,72.9053945638647,30.824257273916324,55.51270694032366,84.15978866919805,500.65872989988804,289.62898173585927,790.2877116357473
Company_08,Year_31,20.634834485949064,30.796731692926425,24.717148532652047,71.99967718450816,84.01801363014506,39.84082291604744,43.15124924149162,55.218455844973874,15.583727526089888,28.367889504018425,449.61288508459046,588.9541724466933,1038.5670575312838
Company_08,Year_32,72.70634488277355,70.47034692388556,45.197338298658465,88.59906242747269,87.18061038951554,86.95271814579417,48.911160376301254,75.83377237328042,16.404011099011875,52.213667276633856,698.7869508692127,303.43181726309973,1002.2187681323123
Company_08,Year_33,66.60485621018955,11.773948397892774,97.24710901017588,67.26622185813233,92.49717122570866,28.63682282897697,12.803418351405195,96.23062080274904,61.64792647093867,82.08448493872872,595.7194821318735,723.4367380128889,1319.1562201447623
Company_08,Year_34,88.97248121743476,19.369772378611646,33.23200894310148,78.50093833388422,48.78866984619666,16.404245665608954,33.361880434754426,29.840140382087704,60.94165823990389,26.21427829593573,568.6974660920894,567.8697434415449,1136.5672095336342
Company_08,Year_35,76.15639394234972,81.99244768358705,69.1062998087163,24.40644714591157,38.698013648902496,16.21068333515347,13.030876348701762,89.75635949164106,89.02301615600112,19.887680236670466,600.663066061191,294.32233013417255,894.9853961953636
Company_08,Year_36,82.31328373463637,26.069019584890025,39.267105780222536,51.54017269778109,62.39788719347025,94.6706068452797,89.12671953411228,94.08737027507412,60.208630809406586,89.53155709191907,682.5643102878707,777.4028344887241,1459.967144776595
Company_08,Year_37,35.38311153141758,68.74714970666872,79.61258131179406,10.839845784438397,43.405518109386485,55.622839416565114,31.90570148966774,92.47784900788596,96.38119183643651,40.86366964832763,588.0800997463896,511.0192780011924,1099.099377747582
Company_08,Year_38,25.969558940175055,31.436450294205386,21.778629464651484,32.20109780694607,64.09667501202097,46.84708646353165,60.160345261570725,67.18729211757189,14.382536355993679,71.54831124181288,367.55382325663567,243.739071122993,611.2928943796287
Company_08,Year_39,77.55532764767725,18.949725348341065,97.28389405706902,75.38155436017044,73.50272763794422,82.97907229071266,13.508138859501738,66.68385889912369,18.820691630266694,12.281374383754464,688.6632860016172,576.0997426490403,1264.7630286506574
Company_08,Year_40,82.61512653405376,31.88549718995087,50.841058724527535,99.26289562144271,71.95645166429232,85.22433351194644,70.01626521750923,46.28895698654405,13.965927541334326,72.10421995685047,657.7025918579618,351.9193442076861,1009.6219360656479
Company_08,Year_41,99.1454627800606,75.00402386700932,31.244541701181756,18.92602896284943,43.70975983181092,39.89719298040441,39.07246111786844,77.71580940734091,26.674916530018603,38.44911803922734,644.758655377325,682.2160711263814,1326.9747265037063
Company_08,Year_42,47.135590922028385,87.01268212956572,16.614707259701138,46.13448842751594,25.017418152887753,72.42562517264157,90.81272682618993,57.81646165158387,58.714309984751026,15.016676822869757,563.2044407954199,690.6932441397144,1253.8976849351343
Company_08,Year_43,43.481627721350485,84.71978781102925,25.27821145787867,82.00638718292436,48.74764046159868,79.40105342666979,89.93063700406323,70.9694264105465,68.10149632846853,64.88314853933053,651.5472343882253,787.3684135127971,1438.9156479010226
Company_08,Year_44,79.87716646677971,45.74651766566093,56.77965537004159,28.363207116600897,22.833472967371787,68.91856181793591,39.2761556525573,48.56121134639159,14.10266421538019,31.672343446585593,531.8232870087371,501.1217186147022,1032.9450056234393
Company_08,Year_45,40.672318622771606,70.12766229135815,40.33028587881577,59.95764543720576,90.10873316654275,23.643556732008943,91.08648061214211,75.83468176388251,95.13738008610393,44.8126517846692,557.8998231702053,472.97412783664225,1030.8739510068476
Company_08,Year_46,93.76815930432082,28.448586587423886,84.59950292943485,75.97641664267073,41.128971466407165,88.82947751653514,99.6541906148901,84.20243658440941,85.7948838985343,17.252273105786223,787.3401726586949,652.0853632678884,1439.4255359265833
Company_08,Year_47,87.25714766587106,36.383295723491194,48.779877129562536,65.43869052341611,23.90137725009914,58.51850974624078,84.28740977115532,23.17926309425345,36.69512339413838,23.24469259854508,543.1939212004643,279.48239380515594,822.6763150056202
Company_08,Year_48,48.609462463751655,90.67022366690078,32.384284532886696,26.922226115387453,12.29029839151758,35.422518373300335,86.03842129797061,84.96367440168052,16.946877720382115,36.817951194625934,514.235643138762,528.1493082758745,1042.3849514146366
Company_08,Year_49,77.57839610123476,11.170173115966243,65.5430487943627,41.984611181716545,68.12401476578358,48.27053668939245,32.41078624981809,58.62668786112765,25.289836589715154,18.078355050414142,572.8278330839247,527.7485600785105,1100.5763931624351
Company_08,Year_50,77.90885866762142,17.695767776902127,73.60994951969013,80.54126060368574,67.3212085709269,13.381398135901664,61.903215897198066,86.01993181812018,21.42499723794754,91.97436382176836,625.823712769282,253.68387368623235,879.5075864555143
Company_09,Year_01,19.281148195233936,28.70976296314246,25.033771711085485,59.8803862718815,40.65437499231625,21.50801211001758,16.05303225706311,48.81715357069132,21.095540136905214,10.544233886558057,371.4292199840601,450.7904513041482,822.2196712882082
Company_09,Year_02,91.229761601161,12.387898348643773,25.08572946594859,10.470665218862147,16.45406999628859,78.89920754642748,18.542614313950274,44.11364368447315,56.670551979916056,53.54741969778803,481.17649387911126,711.9708791403211,1193.1473730194325
Company_09,Year_03,55.472713520307146,26.329189158081757,13.300428424018868,78.48916840252845,46.86660054057088,10.001047127982952,99.90033508299615,92.35546592655001,32.12626982440602,21.09227123192963,472.30284677032296,713.6921731967961,1185.995019967119
Company_09,Year_04,84.38117194969675,62.473740487272295,76.27618135590765,13.178021944621516,38.00957455570543,47.490924563406296,39.39753244833199,32.605234079356116,42.232574487623,37.69111805301537,603.8821732104497,259.5425989518086,863.4247721622583
Company_09,Year_05,38.804464092755055,47.92820955332481,69.74240748596246,77.1160404458109,70.94085757615085,57.02591629770296,77.33655208439617,85.97910927575288,99.05548000458901,93.3453603836439,630.1779446466506,254.4325296486985,884.6104742953491
Company_09,Year_06,90.59709056465805,90.34045399692774,52.71677881748325,28.223250414871366,64.52013245074212,14.917097800087507,82.59985477241348,53.56185152584637,71.58828240328103,24.552509794658818,655.2338470581424,357.61728620116116,1012.8511332593035
Company_09,Year_07,45.02815108607468,83.56992055645968,85.97534040722775,96.22661321074422,42.8134355377786,97.57703466750996,87.22209439065062,56.268589829613376,95.40826003423012,96.92490877464994,726.9121461735508,724.859637532396,1451.7717837059467
Company_09,Year_08,10.975388633226853,40.76356165280884,82.51031376550479,43.11466761718761,29.61032988294911,30.351279812470473,99.78654676619409,37.76214533405356,22.8300899529804,28.521493929047953,411.1602409864371,277.34155104409933,688.5017920305364
Company_09,Year_09,91.48437787773373,33.34810900881632,62.6818927957077,39.42384547042712,98.92323695400327,37.37788476726528,31.734683673118106,61.57379805571141,44.392552734931236,76.74094976201467,582.4237433454798,631.9980815764677,1214.4218249219475
Company_09,Year_10,18.21580091075202,44.17231673505402,88.14441524619328,23.39992452992002,50.860145907650335,37.35482610295246,13.631574417372974,39.26900766485902,59.92586229541188,59.200953840758054,418.3125403380974,260.6993717678619,679.0119121059593
Company_09,Year_11,38.73822738313734,63.1265448263327,28.52570890330914,37.50437939411934,71.94468122022133,30.73749959056149,47.00723661951274,13.534247281748709,16.90822556998642,89.60308548370833,439.8219957483851,573.8827122486953,1013.7047079970804
Company_09,Year_12,95.50557703457244,34.125727674058865,20.072765745795508,88.89856856453805,22.64976708205247,10.132643987768027,21.707260284605226,34.479874480992045,10.376869926516207,59.85939299528179,472.19594435338473,413.6403794714869,885.8363238248717
Company_09,Year_13,95.55464322438004,66.17340170642206,34.277465036529065,99.67009038645226,53.703072969345804,75.64103146791967,12.018330024584962,10.574113906593162,70.33909004172259,58.11032972406778,709.2738648809463,673.3483777795202,1382.6222426604666
Company_09,Year_14,61.60940993109575,46.84704869721164,15.137817048038336,43.14785774561635,12.478304788251894,97.01609498193568,42.43841444273375,98.05193083511709,67.76375651212918,27.59122003315599,535.7835949313767,340.2142692952182,875.9978642265949
Company_09,Year_15,66.86534909528194,59.68424627667822,57.80525752009288,50.37495678590883,55.490960611940494,30.186413495654055,80.53644259677128,96.91724888377728,46.97099289996506,24.960642584649285,640.5024781825402,583.5210976339758,1224.023575816516
Company_09,Year_16,50.36009697804878,49.2513876221785,94.29451230654654,74.98638443824633,96.76156664059322,69.67424726230801,60.95626221025638,45.56397677250745,54.06796684288294,92.48402360039628,680.5008705268369,341.409520745531,1021.9103912723679
Company_09,Year_17,36.388969452825805,36.50191835877259,13.540918660165868,89.75762024185671,44.57860416872202,76.77066942628436,38.150019028931865,75.55337689056815,47.389870053288064,39.50543789650307,494.41125989272524,628.1961698672923,1122.6074297600176
Company_09,Year_18,39.57980908329243,95.3607976265941,20.989892260902412,63.37399007681057,13.509641131742043,86.35828411814722,68.89078049434477,41.12254885693825,12.160454036039997,43.48740294666064,561.4843829621683,724.2068207364492,1285.6912036986175
Company_09,Year_19,70.52666104693346,78.72452147437848,50.697912545509176,45.23731283600464,12.786021182740917,48.03662773122482,30.881636227792963,70.39838413773785,40.18344455957162,78.38412925855495,591.7665689575779,276.081079476056,867.8476484336338
Company_09,Year_20,77.7137076493912,22.61018581898073,94.04875157751144,47.13596567637614,44.91880839521826,37.26378150763863,11.294330146487653,82.48870387413812,25.937402985756087,40.49411341805266,555.0847013290636,719.9574131573021,1275.0421144863658
Company_09,Year_21,81.24211393532637,88.16211783081215,38.45404944790755,72.60563318471262,24.402244281687466,39.2765620620728,78.79180477927846,95.20806202230166,18.858177019123186,95.68562019751025,695.3906180734234,556.1451526485787,1251.535770722002
Company_09,Year_22,81.06563285150985,53.86880784245623,55.65113278195532,10.289643724385082,12.101688669536731,74.13591997886616,66.13687763776082,46.01910482647048,96.10483905004148,76.41349920989202,617.0769971097673,276.2662945202144,893.3432916299816
Company_09,Year_23,18.208549274382133,90.50970042046822,13.741557314535289,65.76304037138567,78.05922525551591,83.51015198550725,78.6072362050864,80.49681846604429,63.94237525379491,63.7686318316078,553.0331904534312,456.5251132158272,1009.5583036692584
Company_09,Year_24,54.49782742323233,81.98697303525837,23.350888086587997,41.99437093972217,51.26707079937016,26.34525709809424,13.504421501889905,33.93356055689069,75.57906558129424,89.28056444902772,564.515314419716,296.51617609105875,861.0314905107748
Company_09,Year_25,15.180288401497986,48.26921540223101,98.79671106629623,81.47775981493758,36.032029477538906,43.38469073419887,85.34076650475869,99.12990734142835,38.38273689395058,14.464531751453448,549.6289101229968,620.2087333199418,1169.8376434429385
Company_09,Year_26,59.4575994091362,12.022237748810566,96.86068267924409,18.369157584081893,91.00748647148326,91.17461770742351,65.7573580032673,12.319263888791603,45.383241654461365,33.13564229702879,580.2337055529385,655.3208806507698,1235.5545862037084
Company_09,Year_27,49.73774512360393,34.180962344645145,10.444598284096866,62.93820402535515,20.452506418047307,82.60241677252652,60.70558156413761,64.31759258510088,31.323159450705113,51.853270079881895,437.4199094892001,263.4779121636794,700.8978216528794
Company_09,Year_28,89.89337644824698,58.747079319478026,95.6630606880915,53.28756008975114,96.03269460597873,98.63725624862282,66.21526433030783,69.35553834861943,18.72691038688823,30.42806855243689,824.1836743292423,503.6839116167866,1327.8675859460288
Company_09,Year_29,41.58235112968708,67.01303978435325,67.52079440339503,67.80929733147048,38.25700456396176,77.88234337138726,87.79899221815276,71.9241001366716,26.112847369742543,76.95146685719368,569.0995953788268,688.7750336155502,1257.874628994377
Company_09,Year_30,20.536031478484528,33.20989168898821,88.112646506802,15.836823503467151,89.95633050778132,45.38756809251301,62.824285590301635,20.83488209101801,81.77626407668373,92.72872279483526,455.21069919546596,761.6978249305979,1216.9085241260639
Company_09,Year_31,22.869251384755227,22.54204666655417,50.92658700704732,62.198540868531815,64.26485888315153,63.1574050595174,62.285534189936136,94.46768051258174,70.97912246653982,48.1393107937831,447.5053901409624,508.110720045062,955.6161101860243
Company_09,Year_32,78.5359568545725,85.14372131193691,56.40364257213252,60.533612916357136,84.40366237673388,69.49128288225883,99.16112413591893,26.306495114507452,59.22359883869292,40.79193401007055,766.941534449974,770.1675341668442,1537.1090686168181
Company_09,Year_33,65.6396256984635,98.5961962633197,53.99619222312282,60.459408497455385,98.56118468894178,17.061023468541155,78.10571503617112,66.04780629158569,52.75808855800913,96.53956589238096,753.8144761590149,521.4133822736179,1275.2278584326327
Company_09,Year_34,19.101040851051124,57.312116407241724,70.01778317914939,64.31388999368093,35.956489403687115,59.00472631934786,49.80644249060217,30.040847121077647,93.0190855290512,50.03671895447867,517.269077627292,436.5142967599448,953.7833743872368
Company_09,Year_35,17.569612550349767,25.451135726347317,22.568612928068163,70.8821143503726,96.50219368668337,73.83887456253487,73.6657300029635,37.649477531914386,16.546145300080155,54.01435604043549,371.93956067491916,708.9218771317373,1080.8614378066566
Company_09,Year_36,73.08722183132079,34.50765938674321,12.697623088541015,82.44900997126928,45.05337054121783,25.058917360095435,45.03074245226097,59.18126875553119,35.25407319141244,41.648488510771486,575.4855025079411,495.78962627485345,1071.2751287827946
Company_09,Year_37,16.548670572777418,11.655160889272006,37.713694743207185,34.28386481153929,44.69607142632301,80.25685456830014,30.59879162351491,47.547407670811886,41.494406821364265,91.85936257109245,338.77301335371146,483.14150633871384,821.9145196924253
Company_09,Year_38,83.96740533613206,92.28689259044491,73.4212686462982,84.25444691620558,40.63483938290551,62.539550246270046,63.716668919898346,24.420304087885565,80.41832309915091,61.20599349536657,752.3744629219999,494.187493645897,1246.561956567897
Company_09,Year_39,73.56180044408467,20.597597460112702,28.166810691065354,54.843011403710825,58.72668466128267,95.69996071278352,93.53638883025563,25.384276217876348,99.32631581457743,78.59571284634802,591.7203621840106,708.0710011218473,1299.7913633058579
Company_09,Year_40,17.32139025777098,61.88648279628282,70.60891899924256,16.935245122089803,23.873053886063836,13.818006838620253,93.62255680139165,47.63303093465197,31.660346328143774,83.06260465157978,423.4626585334463,699.1649250128312,1122.6275835462775
Company_09,Year_41,17.635394267667273,34.66496986184854,97.29208414965434,15.269583631958128,59.834033682221005,33.87935237999203,40.77147502949413,78.15546804479507,88.68766007233725,40.766413772553236,435.43025549927256,442.1119954641267,877.5422509633993
Company_09,Year_42,98.7975620651058,59.87602022642141,18.451064421047654,40.08144868264547,58.75343311690036,64.13984913698417,57.490971959952546,90.81681821630097,84.75604843886121,49.03248981883421,677.3863054926159,399.979915922315,1077.3662214149308
Company_09,Year_43,43.68437161805083,68.62783495166778,70.53419064026136,80.64072794003208,78.5711631344383,36.69039209853376,29.047230871287507,17.571489603344457,30.219165787758996,86.36245969656382,571.9319301027272,495.15681442347756,1067.0887445262047
Company_09,Year_44,43.357793236020186,84.67676233364814,49.93751973741141,73.69128412668242,85.0284965743827,74.2981747664118,99.6067998548995,45.3793516803461,45.93993221793003,42.69298165082292,671.3526265067503,543.6635058422654,1215.0161323490156
Company_09,Year_45,83.15196105317523,28.577914458454288,88.13280289397548,80.97534682051658,49.639721528118166,78.3104754269738,98.30061170811422,19.0221007350589,46.87055823632672,81.45416201066662,689.402535225526,343.0023263767982,1032.4048616023242
Company_09,Year_46,95.25237196454728,10.989624579263243,25.94348105026473,56.55421507974484,37.20999244163444,19.2264367659827,68.45580367367026,11.49332325693381,98.03986016739024,94.68930903169934,476.4316936305265,676.3730508293544,1152.804744459881
Company_09,Year_47,98.74009574405838,22.319706706192655,72.33633570035481,49.61790981599415,33.3401407585385,56.24690177860909,82.3972653709726,69.5546814379561,26.28027112410085,66.08893357612062,657.8719900136059,491.88965943945374,1149.7616494530596
Company_09,Year_48,77.80403667330475,91.00167776632946,85.43037606832992,23.270727403565555,27.516145303438474,55.80015000319503,74.359014515533,64.2204497769929,81.92421739943039,76.74645587067,728.3984046547727,400.4273290519758,1128.8257337067485
Company_09,Year_49,43.86336269778242,88.65010698062638,95.0152797526621,39.53734782483804,15.18828239791224,43.2352693193987,63.384239713552134,24.67172024333976,40.07734427557989,82.45875808370214,601.9200458074915,264.09259577839435,866.0126415858858
Company_09,Year_50,17.51506450288019,63.76717919532775,71.49232254606812,49.061742955648775,40.8203180951242,93.96323763127049,14.801319729000792,31.04315497837577,75.77833111985443,86.05356840069783,517.3888384898896,343.30709624216416,860.6959347320537
Company_10,Year_01,79.94322243346932,64.0465174390288,54.74572876075846,17.97403867116555,34.322292291770495,84.47556878858991,50.9287908297395,12.133697828006653,47.800990386609655,45.554800407111635,602.5081247410479,769.5687030535902,1372.0768277946381
Company_10,Year_02,60.256382476222456,69.853300709163,65.60625161810924,29.855075744009014,96.97756472797666,72.7488443718673,70.73076719506695,85.14524851249634,62.0523786804886,14.613711325839835,672.5583924581737,383.05981209171597,1055.6182045498897
Company_10,Year_03,48.17998083222786,25.783415076110465,88.20144860308464,63.840276465736494,60.19379436250395,74.28939721614978,70.97784524953161,97.72215364436963,84.9350595993518,46.16886441130656,654.2479144925467,301.3155736202212,955.5634881127678
Company_10,Year_04,91.57189465852623,92.29707513324638,61.35487719749467,76.20968028152708,41.25493351274568,51.55445294318072,43.58103565801452,22.191358311522173,82.37490084854957,70.63806068056809,704.9506269949072,476.40367499299595,1181.3543019879032
Company_10,Year_05,20.00777340755362,47.68934724028658,12.734835372715317,99.85127602536546,62.24208408943264,92.88950689869183,94.75227879922275,30.832769238876832,87.97808651857301,50.53153472027135,496.45555138990005,384.25264601614924,880.7081974060493
Company_10,Year_06,54.336259386177325,44.48246754245477,93.78538259562801,93.98019982092019,22.527703121112594,72.51358845279569,25.062132901310292,88.15685715522406,15.365559281019312,77.40668357743587,598.0748167311306,221.0955501627165,819.1703668938471
Company_10,Year_07,11.021828029067716,56.70259347545538,72.0574075928405,67.83086795816723,49.963937428198264,75.60829554902348,55.03235015940046,93.38174181605663,72.28454977357703,42.12841865217975,571.057893466642,393.88713036765034,964.9450238342923
Company_10,Year_08,52.17945777947136,14.226937009754954,70.88620471995219,47.91232479646648,66.36108892789574,87.55218134086107,72.17955788957406,47.76646445261293,22.59886390495866,67.12697269936265,576.1921908031024,526.4651743636812,1102.6573651667836
Company_10,Year_09,15.067294811365361,24.965503188047148,29.410763715794545,67.25596282374094,54.000804861320624,34.66644304079719,72.74222253026284,14.55602250421667,47.42367112165699,26.777782436857713,379.2206874564499,531.0274232119801,910.2481106684301
Company_10,Year_10,20.693612464126474,76.42302547837333,69.29969232093916,80.70864562722087,46.160092058889184,82.63638134800327,68.3775061091934,13.545265032353747,59.372957354921965,77.44324929804613,611.109979841022,413.93535270613324,1025.0453325471553
Company_10,Year_11,20.577362209939437,17.45188011326138,45.44779650887426,20.65025718310486,99.44635500097283,27.571654266084284,34.77593921066742,61.65548794621094,46.246553627214766,59.112637193172326,344.0943280039619,468.3816537515604,812.4759817555223
Company_10,Year_12,68.42892719044572,64.28368985197494,68.61096793373429,46.891440072665944,89.22832859340343,41.0807757020399,24.058591181795975,45.36055980038611,56.76505082227067,28.365794969194052,648.756536860555,779.3107509408599,1428.0672878014147
Company_10,Year_13,77.1440391338881,32.081419871318886,19.593372727719164,85.58220570720555,66.10653623434962,40.20494088428585,67.23462941440397,12.578718481988906,99.68736779187573,36.27200561480265,575.8992336290206,426.40908633818697,1002.3083199672076
Company_10,Year_14,62.503188858744366,45.036605263777886,69.20607741427324,44.54496567397396,61.24396250640545,98.06729215502266,63.937190452549395,62.49271530813011,22.169558234156924,77.3747837723649,654.8450921116563,354.9360879559898,1009.7811800676461
Company_10,Year_15,96.59552936270877,35.98243630936299,99.94723531935999,61.46850441044679,65.85944318421257,87.08835013731341,26.142040926031687,11.017228293012023,70.7910440802783,53.43411120953686,726.3781252440522,346.0802264400561,1072.4583516841083
Company_10,Year_16,43.73835215713336,42.01054448184542,14.339083497450043,62.89924247759784,28.118089704018992,73.10528754312338,73.4625231013507,80.86347623343457,45.64008697470537,29.442829635376498,471.30181057716396,474.65876762248047,945.9605781996445
Company_10,Year_17,35.714087765367466,74.71413146658209,97.94567657991855,26.602862782027543,45.56239689378867,75.4351085453851,50.96547925602908,37.57895404330344,21.970881901659588,97.05440713332679,592.9497401729473,655.7120892301664,1248.6618294031136
Company_10,Year_18,88.17392153705143,36.74095440608575,46.621716465058356,42.601189748705956,13.551357960180939,60.586551496231394,70.09845324428376,13.623220270830888,24.286308703687858,74.36125178351992,576.7294026674514,323.5929105130839,900.3223131805353
Company_10,Year_19,30.123625466750738,60.976417626720746,88.36781053035332,40.1060159867739,52.7991433738144,95.23816003976671,85.36303717931357,62.9516998884838,95.43457956210553,96.14213492858165,600.5699408665996,625.5776762844608,1226.1476171510603
Company_10,Year_20,96.69002854965501,52.84453619791897,80.4146935652446,12.35770376788583,58.87221255618969,54.66328775941254,25.275558571923085,45.79159729897492,89.16413470405858,48.43945408243089,659.7430297938522,212.68989400964978,872.432923803502
Company_10,Year_21,11.09390272208347,69.73040488263834,61.0314634888001,12.177258750221972,30.497476249288862,44.246593888290505,11.723038119715302,97.64203720214346,91.63377643735197,52.759030662254844,380.28698243859066,451.3597867903676,831.6467692289582
Company_10,Year_22,97.28909440368751,94.31467653922822,76.46042883261939,84.85273393081961,96.76259624489623,24.67318032384319,80.11923277562082,58.977879625333195,99.23794982446479,90.81596945665173,805.8639943086029,665.5190391216721,1471.383033430275
Company_10,Year_23,13.884392075551851,75.93148874892253,89.06640051712131,34.576372897553114,91.85091498435177,80.75850870349522,64.87276826373544,34.771526293330744,28.748385100766615,57.254440622084616,583.1485139558662,403.2397734646588,986.388287420525
Company_10,Year_24,90.2028802328264,29.34463407316811,46.37262894859297,56.62708896149339,74.99289119103153,76.09995388680323,72.96756126599095,73.84949781705774,41.98954036276555,73.65510207151004,688.6184870286805,538.2422608672397,1226.8607478959202
Company_10,Year_25,57.49309981776699,12.80648215551562,39.43298454069148,36.88530162298957,58.004796588882634,44.59195346717214,85.43394774897783,34.43428022884402,70.22971269323801,32.6955589745977,481.3250571284237,322.9875396955465,804.3125968239701
Company_10,Year_26,99.36683165073703,33.60376398698426,70.08340470072262,94.66113206038065,88.29722436829165,12.267407256330642,82.25298413420505,91.38189622668087,53.542228587458254,50.205382183237646,706.4506903813489,645.1972346757034,1351.6479250570524
Company_10,Year_27,16.641690826185897,63.55701376302294,82.70613477471328,33.336708297919635,21.758710944111662,85.50975949462097,96.48281322359422,43.72497734566388,47.65505800405002,21.11048792293196,506.7364530917939,231.36746196125577,738.1039150530497
Company_10,Year_28,59.846885596118874,14.628323213582531,78.60566212989542,48.66911314650416,81.14588148473965,11.027618510866628,58.23415709669064,59.48817064985847,42.20301244020337,28.53820322892655,470.8154443811918,711.5255869253002,1182.341031306492
Company_10,Year_29,97.2372282057189,54.67296224811127,81.80322839727711,88.54572254361416,21.23387325701635,73.33298016661459,53.96460693939148,14.551579344180597,63.4402568749107,10.084907374086798,774.9859400623652,318.9178318530009,1093.9037719153662
Company_10,Year_30,57.078805975313394,63.71585640252003,49.20249833316397,85.77402101126278,81.47895962944649,97.32313987534513,46.16984799016571,48.35091141570077,61.80340857760738,13.533854648379421,647.325096311572,724.6388190249985,1371.9639153365706
Company_10,Year_31,66.64587743217362,40.08195017352647,83.60507945575195,26.749127606164958,34.819081142622125,49.38951953333831,23.83219385597841,84.91271856948954,24.531205065781606,97.95554408592363,588.0890132469962,411.5175447803104,999.6065580273066
Company_10,Year_32,72.61738200861555,79.38209833712398,20.81881498335476,82.23789788161393,88.93815229163701,31.14760644963575,61.53465095938202,82.50839248270077,52.45658537665952,31.811832562308606,711.1661626508396,633.6101446846919,1344.7763073355316
Company_10,Year_33,50.90869582909959,19.593842782039463,59.00401881647646,51.23681980641034,94.96378844428581,73.43839090390435,34.93112718933809,30.188670296817364,59.81245985888649,69.69796385536017,506.8992604685858,391.5351786717131,898.4344391402989
Company_10,Year_34,66.48022720756572,16.762400356222788,10.518279444830942,53.46719848768197,23.391637246460405,83.54153278140267,92.91767609916779,30.347116390950642,61.325824485825144,85.51897289196503,444.46198519828374,743.5470027407886,1188.0089879390723
Company_10,Year_35,62.58828807307902,75.5369880583243,39.21272469102433,22.01319751743494,51.640804455885416,59.17872844700626,62.48717238493878,83.55747809919131,28.909647362111663,59.559441331290785,593.8774279925223,275.98227531102464,869.8597033035469
Company_10,Year_36,91.10422094418901,54.59421845855786,42.98153813842581,17.254136238141218,98.28886403464166,97.03317477305316,63.35561624572991,93.7358578152393,76.80442530270581,23.783005007556056,694.2721310761572,307.11187356355924,1001.3840046397164
Company_10,Year_37,14.090174230731208,71.95621567849625,45.655542244832986,75.51453762763887,53.506669237583196,14.650184949216499,41.9432194789309,18.58248291457032,12.267918533896268,75.53047936025497,437.29864427909195,495.81807509528136,933.1167193743734
Company_10,Year_38,35.28668706330073,49.13446047433716,72.5920486020876,54.68150371197698,87.71927702630906,55.43160384740753,14.679041677993673,50.505277548360276,41.934866998884644,64.02262690896248,523.9101217106913,249.16306342288766,773.073185133579
Company_10,Year_39,95.53703356689029,32.17618299151961,44.97022911433112,49.31656323536616,62.985836991818786,74.6608552590295,12.856938883568976,40.370885106780605,80.21913836820701,75.81255304126375,565.0331496166992,317.58811082105717,882.6212604377564
Company_10,Year_40,90.12374055018248,83.71920859067798,50.38242603602776,75.65574057871571,43.77969171276417,87.63764240342611,48.100162973787775,88.36196099116954,60.75036289498621,79.27719605713784,703.4411712047169,766.2598293272086,1469.7010005319255
Company_10,Year_41,51.009107750714165,81.94742910720814,31.378971778689472,78.89616090919988,35.72051999732832,26.133005071701103,17.610884028751407,17.51724232120169,33.504618925977425,97.78693309162706,521.5388912470241,785.8937966887323,1307.4326879357563
Company_10,Year_42,65.8119338021383,72.52268237689842,43.59266124664061,24.30173509024182,28.290078197747853,82.00031335873133,64.61622599861252,29.001334830223367,72.54578074087429,61.6206952024039,561.3234798536587,425.7555975982532,987.0790774519119
Company_10,Year_43,34.96430646830194,34.49306235069665,30.454266453683633,64.92026345298771,78.56183722399275,59.743636814669074,89.28757050756917,77.72215038278449,61.0651849740466,40.747700142154166,509.52283772698877,753.9716126083614,1263.4944503353502
Company_10,Year_44,26.930904375138518,63.12076001821784,16.587633139159927,22.1818674049917,44.78864561407251,45.68983137909669,89.462333486685,14.616446408309402,81.66192485107484,68.36181012102134,434.47736043071615,526.8948054040591,961.3721658347752
Company_10,Year_45,51.7328564445984,42.48765072460241,64.31037340432401,77.62375774261412,56.0147915980676,21.854352572118422,69.31408691190092,54.32818426428604,76.1522667570841,16.15966383183635,613.0017280546574,361.8454795242602,974.8472075789176
Company_10,Year_46,41.80170052234475,18.242386599397072,70.13915186995146,69.12596406404256,54.309293200106374,87.87661830180211,29.01086483256379,49.7896331211748,64.90971298326112,90.76575864894276,514.970354010078,621.4392326483592,1136.409586658437
Company_10,Year_47,62.529050066578485,92.55822179160185,65.7541311408653,96.09531589751121,61.95511263098181,24.154588736174382,87.66971482229849,40.09610610898738,53.93599077797326,20.74429102043771,718.0372832690769,595.3410839449143,1313.3783672139912
Company_10,Year_48,16.996117326848633,22.313676782706526,51.71446394205151,16.206221472077907,87.9019431062097,37.880907328818935,89.74840917818874,45.51150837870314,21.986391310077106,39.505855409723644,408.459814640722,793.47519146524,1201.935006105962
Company_10,Year_49,97.69553268995499,95.52136184387221,44.18072021613068,15.134924903612887,98.26654092250864,36.10409787661932,27.698822645766285,57.694652823720965,33.51997160968454,83.41708425635088,664.8836256699991,359.02837244556997,1023.9119981155691
Company_10,Year_50,98.75896700316426,50.140519566216014,87.70002846146427,35.39683672238802,46.68257877164353,88.42726307717689,76.36834771936095,24.523062254954482,47.71895256253767,63.75811404976407,735.0824340624017,603.2357015970413,1338.318135659443
