Company_Name,Time_Period,Digital_Tollway_Administration,Vehicle_Manufacturing_Output,Fuel_Energy_Propulsion,Highway_Logistics_Toll_Revenue,Local_Tourism_Aviation,Political_Marketing_Bribes,Vehicle_Technology_Stagnation,Automotive_RnD_Budget,Dealership_Parking_Monopoly,Transit_Workforce_Liability,Net_Profit_Rs_Cr,Total_Cost_Rs_Cr,Revenue_Rs_Cr
Company_01,Year_01,96.04694049944919,94.60439803732748,72.03685752936947,59.908468985977485,66.38537779798733,90.89729806628212,43.240085017801185,65.26876641832311,79.54401123741063,36.420313255151044,817.5513368756144,768.1312751952557,1585.6826120708702
Company_01,Year_02,45.03092051635559,24.51353979406698,96.70164513736124,26.700631312033924,89.34328494503532,18.675441352040302,92.12694553270484,18.767562444872738,46.97429834962734,96.577379271216,553.8722093087893,442.1561905431,996.0283998518893
Company_01,Year_03,71.75397103681088,46.1710186939777,48.70453163133127,98.26582068575377,23.716449286623202,12.36129886237197,48.12300586637896,39.73982675143377,86.51694884923664,85.14767062343716,576.6010954142092,693.8271375503668,1270.4282329645762
Company_01,Year_04,46.979466829281,36.47514671862617,57.37572447359899,58.28147536939653,32.422808081601985,91.38747203444791,80.66433158109828,12.801655542240844,31.509192930192526,67.51714121399667,489.978002134001,302.1769855395637,792.1549876735646
Company_01,Year_05,51.40628827022251,81.80338279728944,43.06783737394802,81.47598425069722,96.23170142192342,79.57342770461113,69.66188861841817,97.18707357833065,26.034357327146108,18.95504544990809,709.7332610128376,396.70085881847615,1106.4341198313136
Company_01,Year_06,78.87153965867796,76.50941107439405,22.194652884744208,43.980683861277335,73.8035058661919,15.167372245876631,70.52162614715863,92.53071192114822,95.49722483331816,74.15125542552626,651.7433042670272,539.0470922958584,1190.7903965628857
Company_01,Year_07,57.56574559142816,19.65171324898138,59.99991593219226,61.39496792326128,71.78362161543609,92.18076019633799,17.807913483402647,74.07434525579053,73.60947050193974,97.93226964114965,576.2721703403294,515.4102170363201,1091.6823873766493
Company_01,Year_08,87.0220096225915,69.9488170187351,30.90766956558858,40.14983732313686,38.75281359162521,31.92397465409138,55.03791322490206,17.156135960781832,67.18653170403738,47.66902725103935,565.5974190022885,765.5607334520166,1331.158152454305
Company_01,Year_09,99.07832702158215,31.847575263485965,17.87673557171006,55.09447160666788,60.54849702479045,11.838861299997923,44.17681632946296,37.40932154903584,15.49644072998788,79.51111298067757,539.8190396432735,271.63320819263646,811.4522478359099
Company_01,Year_10,91.68436195368761,10.333010066229823,81.9232060426009,77.82485447992164,85.07032955990024,43.405381711350635,60.277961223711785,74.61649890527968,17.733658450637844,80.02942812583679,676.1946887213119,359.84817375978037,1036.0428624810922
Company_01,Year_11,88.91168049232877,49.50914874944427,34.4837382097207,83.30675780747515,97.94276543376948,99.55117906071287,34.16523071555908,93.59316769155762,69.38599066342707,53.692797769050514,822.3321760465037,673.0180640726501,1495.3502401191538
Company_01,Year_12,97.25653393950368,38.53741937372609,11.219006287102971,52.20328185891124,54.50818940110944,88.76389196932561,75.97894110649717,31.471466556853535,42.4575892392501,91.85832875080025,600.5328603212644,683.3637521707873,1283.8966124920516
Company_01,Year_13,74.98958968378402,52.03758561941557,50.40166825728615,26.76309682451687,75.14446635330142,69.03491942650282,53.89699890600421,64.58507110470114,74.19646049384635,26.262141319555518,668.0015139020089,575.7468552096642,1243.7483691116731
Company_01,Year_14,51.16601352641869,43.46437191207628,53.69488875461965,68.61736968717213,65.23166831400917,37.13621073363152,76.38242758150517,92.09653522591286,32.10998662428257,91.90980896024325,569.5824875506679,584.8247114678286,1154.4071990184966
Company_01,Year_15,86.53462652780297,67.98958231138731,19.60268726421766,60.92156896328861,46.60286688310517,75.34954913473364,73.99547491747359,51.94038837939242,86.81351865591317,94.34881068329982,708.9293486372673,434.88554822078044,1143.8148968580476
Company_01,Year_16,39.527256916088966,40.47383194486399,40.10245616122144,61.07044793682555,96.76370873049962,90.60493981166293,51.16431782850575,29.984267996074028,57.04255544946012,13.019811568352265,594.4638749942617,547.4646928918073,1141.928567886069
Company_01,Year_17,78.60743347118657,11.092339597749811,14.070876436645174,95.25283295437164,30.896247583675816,12.488627814313897,52.15549411846579,12.876548989001705,93.42412223851663,10.941989461268868,446.03205951164347,491.4275428465398,937.4596023581832
Company_01,Year_18,97.4740191481964,43.02614300268605,54.91817862634622,63.53035993820604,88.7392797575812,66.30882975918367,49.59708977104043,29.507302043065696,33.550639692546824,54.25906833048723,732.9584099391665,715.4075762645447,1448.3659862037111
Company_01,Year_19,23.135244017676996,87.73870716284048,92.01999720046723,20.750283514132892,50.89257176933929,36.55316235126519,53.457665451953005,74.1317348145206,48.955802838769515,69.60763316683637,512.1324287804315,431.67186516953,943.8042939499614
Company_01,Year_20,34.92255229206765,49.14472811890651,57.40968967164697,57.36470749118627,57.91605226217108,50.209631807161735,29.267483816890564,35.41150494463959,32.90186890736632,74.55610043708432,483.65558543680373,656.0429747476364,1139.69856018444
Company_01,Year_21,29.230285307888845,74.52769297779113,23.23774359581755,37.15792972415151,69.6960901775308,53.043856179096856,13.196016645609665,77.17547940063304,78.46884165817094,32.536863084523226,478.964824407232,561.9675048786349,1040.932329285867
Company_01,Year_22,11.303560036216195,12.554042258573077,71.32246488157882,27.894155479024707,98.67503353183112,53.753616342042605,69.9333460524212,28.756345349851518,93.20792177110809,82.88821656063368,430.731318181058,456.96141454993625,887.6927327309943
Company_01,Year_23,17.4395309248081,90.15663525354114,23.93363465543149,60.44820207916839,69.69702012487029,77.84622091799042,55.506279027285565,37.635237321778796,79.56986307632778,40.06005122860301,524.8121355407621,370.85963067104075,895.6717662118028
Company_01,Year_24,71.39274498575621,32.56090494890459,41.62803807037622,77.88368907071079,16.66977648068925,23.333764937923682,41.6713594179991,18.28894454217542,54.80139404356918,47.16216123155201,566.3779368792561,309.7102356200495,876.0881724993056
Company_01,Year_25,39.45320310919793,85.80282282284762,80.89850482141354,94.96862527174208,14.44800685173888,70.30838464659313,63.56503884298601,20.28510664519257,91.63730276391522,32.01318777543992,659.7549649925576,469.2149916075526,1128.9699566001102
Company_01,Year_26,87.96358622402397,30.888386555761443,11.883527868548518,94.41973321758691,69.01389236900683,64.99347045987182,38.35764347108898,10.602995723296962,17.633515379395035,77.03834749440912,572.8662238229176,385.377041855308,958.2432656782256
Company_01,Year_27,67.56179571951046,22.948480611956786,51.42259991873436,92.16729601336571,27.46922865584727,58.54964861340247,26.14336011916169,19.324039683733083,71.67640536678428,71.7991438118137,516.4592369231572,708.6025361234854,1225.0617730466424
Company_01,Year_28,96.11749603336794,55.170305299273224,59.91242592485567,82.98436553348371,46.67720598530704,55.98637841907139,95.70697795988998,35.476523905773604,34.769570606339244,99.12365057954783,773.3339038383508,618.5800065142685,1391.9139103526193
Company_01,Year_29,27.84456814422595,63.37461392024459,61.60443921500034,85.88651043230796,15.374806226649875,74.90862073126614,85.23274438845527,26.64634265096823,24.170035893533303,75.13517558139871,526.4211240537215,320.86654610615153,847.2876701598731
Company_01,Year_30,42.6940913453767,60.41590790938552,96.0074292277964,50.823385911952485,57.848069308069505,83.92597233076214,54.635226524990514,29.855741646760503,22.741052248736363,83.16480209963672,645.9706852842461,651.5656420479372,1297.5363273321832
Company_01,Year_31,46.85014785293704,27.018698535102867,31.72924375149871,74.16024586343455,41.56709261968679,94.35132862202178,72.16948161742235,12.671548081560008,15.406366420447977,94.44643204822525,478.8171207473069,747.620731310351,1226.437852057658
Company_01,Year_32,96.21373773724798,71.75168023997614,27.45605547055186,69.09432985337239,62.12833603596148,43.382096394166496,95.37332791823461,36.31897476054179,80.11044009213299,74.76625735868217,748.8945006691544,698.2062553112354,1447.1007559803897
Company_01,Year_33,44.84054709275005,49.868170637231046,58.70376010017152,12.767360316813468,36.70847967327815,10.328693090739092,84.9192709418633,50.23489067960765,28.718862322845624,23.30985049085735,415.74028545273666,678.3729906903794,1094.113276143116
Company_01,Year_34,54.3334647816371,45.248602823432094,50.915476079628675,55.68558672296129,88.76229521763285,97.43031037123643,18.693156364656208,36.911511499278085,25.988835571588893,14.623729305948153,574.4209342107765,547.277771003303,1121.6987052140794
Company_01,Year_35,88.12493671264404,87.36201130486415,80.76890971615727,79.61769002333979,11.05626545975831,55.54115777742917,63.50436629911321,95.67322944919579,90.88428243594655,55.26226731000522,732.6695868898723,456.6687251522415,1189.3383120421138
Company_01,Year_36,29.10301896122202,51.66994258737788,60.484376131683774,39.617614022471315,60.45237109756941,85.15208420866459,51.173894228990335,77.08937948228628,86.83983162396163,11.062934254440574,564.3961043671567,288.3863066934362,852.782411060593
Company_01,Year_37,29.343838121074633,12.10962289184569,42.90418391439063,88.86823159561536,10.928712830188351,67.32024807211197,60.17951467651795,87.76149321725754,83.17476312150916,72.93640243305589,505.12057769322604,620.455644962098,1125.576222655324
Company_01,Year_38,15.262406864844536,23.23884065236755,76.69055380728808,19.587925360471047,30.895433211201567,82.31003137290578,46.96549947073191,48.47599670474035,57.53356080985077,61.642529407198445,405.98452412095395,264.50304430316265,670.4875684241166
Company_01,Year_39,27.793122804163797,21.2647106435838,12.641178271330693,26.667172292561755,18.245435937474937,49.913375028874185,84.27210813788258,98.1067944490986,11.042063097781632,33.16247769613912,295.382336793035,690.0816862549302,985.4640230479652
Company_01,Year_40,89.61908372084613,90.98305764116178,13.1726499179182,39.09856458582509,18.6011575472575,63.03920422903654,44.324248471491224,78.08400734809148,39.69685374787092,46.616630434085174,616.8903062498199,792.3312420318122,1409.221548281632
Company_01,Year_41,50.26174756846863,14.160051405865289,23.930165095357737,44.89046291480093,99.509291382761,96.88861796900709,65.45599587656518,41.610558491005946,64.39228637514131,78.07519195275208,530.2689818425503,593.8299377321762,1124.0989195747266
Company_01,Year_42,64.65554602007016,42.909124343545386,52.614089459303685,48.01938901376332,39.319968613275606,79.74717120607558,79.8959703186538,66.97232068914758,98.11955812840156,23.482206577032404,642.0125911442755,246.53542563999022,888.5480167842657
Company_01,Year_43,20.644049342535805,58.4599029237504,72.12872510131118,72.01130878508789,53.98082782806355,54.73899659618012,32.05705213110872,68.50657594998373,95.15190338873357,23.383413638139675,547.5995831535929,649.2874658632968,1196.8870490168897
Company_01,Year_44,28.521074671379733,48.82211619467098,52.85187128869308,15.962850484203413,68.2603983260586,45.89809748971679,37.92336081801841,93.01742664096375,10.309341090659164,20.649892525277824,371.6857145765934,798.8466984750892,1170.5324130516826
Company_01,Year_45,47.68626406096356,33.99154742559978,80.63072165677042,46.544500309222556,37.975586026732316,62.418030584343896,12.5631316527582,17.487662422160852,37.77320457468855,34.369805738472195,501.2154031414348,790.888132243888,1292.1035353853229
Company_01,Year_46,43.5579763154513,35.704385273057554,24.123943024913824,55.66217113739254,36.92553612755067,15.615944751605692,82.87205376845232,58.47276932221969,16.708077948879332,87.6622490591759,399.5330793532772,539.0128800501574,938.5459594034346
Company_01,Year_47,27.370715661326138,53.293980301123455,54.9560129904513,34.493911696950946,63.12196367436763,31.74797919563394,86.04025614905586,10.248481075511812,23.18414490936269,19.511500500262642,440.7876447810001,769.938802741746,1210.7264475227462
Company_01,Year_48,21.60203031229648,81.33006769381286,15.447879724928118,53.71212165251204,79.460068146128,82.4332346697964,87.41045548724946,74.60808006905933,24.85583175532969,80.82559652580655,516.5763148179426,561.5971911759736,1078.1735059939163
Company_01,Year_49,65.89007822180454,73.22055554725776,44.64542337534421,31.58069029891517,77.154075053255,56.565928341022136,48.957232960119576,58.56964820881756,93.20751903615553,30.852234129531627,614.6752944306367,416.03418162391307,1030.7094760545497
Company_01,Year_50,25.58182091600694,92.93293298093869,86.74886463244555,22.672607132892605,91.1871209909271,37.5334733270314,85.7318868797725,80.46444233710884,20.376146801314142,84.86026471528861,655.3055995282201,696.1810280715824,1351.4866275998024
Company_02,Year_01,55.44304293414461,58.92045286352568,14.81824529972732,38.694329849263525,22.195388299979896,76.73080095662353,23.159653073078772,40.265217042597136,46.163195477923196,57.45714145274884,412.9199745912315,694.8940495567218,1107.8140241479532
Company_02,Year_02,89.84049111545866,26.576570796163335,14.168330818655477,82.18526930854367,12.091068610548252,62.11465804183043,76.48068504997445,70.10097741807157,24.298322158370304,47.3066603784166,594.4145794995538,428.3557290374231,1022.7703085369769
Company_02,Year_03,88.4864648509803,38.44225712932112,40.796721590298226,58.340350465483674,47.28202418365199,42.37717628607816,87.61053005089784,87.15175203360428,95.7728383463995,22.99394457295541,737.2197479507586,404.65837216797615,1141.8781201187348
Company_02,Year_04,98.88844084767877,10.215197441933642,70.08594466264549,84.6242897826055,66.02207154735432,67.85242816541233,35.68945810742501,96.10054233310082,57.57942863141683,11.406220785230117,674.0078888569622,400.47010503358956,1074.4779938905517
Company_02,Year_05,67.85523238106406,63.40500438812534,48.8561777349866,74.5802356192291,84.13288688357484,48.781091876902984,70.3741093679727,70.44213642094428,91.32277715887935,31.698495369548134,751.7534706421602,372.67028282717,1124.4237534693302
Company_02,Year_06,62.33110244807245,91.73860738367733,84.75765441275769,87.8581045972541,39.20954232498079,53.70665839700108,72.39692780151171,44.56215086385025,53.362197786470475,21.172673348325,713.883599199922,576.1095966293876,1289.9931958293096
Company_02,Year_07,80.45037330079224,48.2973395031611,23.80091724081705,17.21556547691352,45.49519178090541,84.38336860548526,91.08984473270696,67.92609299831891,83.26074992009052,11.963184641056534,657.3603049986974,219.85761900719604,877.2179240058935
Company_02,Year_08,58.86231109068959,92.29902585398662,99.79810567562856,82.76737581872798,44.07420317097976,74.85450362747865,92.67684365504925,94.58993933290851,56.58954498815594,68.26397748786282,806.8190465272445,646.4363581663811,1453.2554046936257
Company_02,Year_09,55.528783250703704,74.6300381334743,49.72618341554901,84.06935759826784,90.58541000724831,71.57829016486622,47.70232979918337,41.62567696002711,19.81092189611328,61.82334370975625,675.7417240370182,760.4764778780373,1436.2182019150555
Company_02,Year_10,43.61458765777552,78.07028265165725,29.256537123815445,92.50623178596442,64.01570531601857,11.068841179550358,98.6132549452341,46.405371028144245,68.19238568103196,68.80406782574167,545.1991346542972,371.0738335601593,916.2729682144565
Company_02,Year_11,54.29367915797405,25.58295444858694,39.86343910794687,52.879371704686505,57.37468835485603,84.5676241135375,84.22534652821732,63.839481569643226,79.06456539139748,45.2753459264043,567.999111504813,705.4062360845103,1273.4053475893234
Company_02,Year_12,47.74242254794483,95.16457401720638,96.88454571686414,74.76795822815578,99.61739140166549,28.160509144243452,80.50948340183497,53.06112080453546,85.01188997686924,45.18767356446035,782.8771330504696,553.2455702307357,1336.1227032812053
Company_02,Year_13,61.49002956361642,86.51099173194925,94.77147640435035,99.37209411763891,65.58274561676527,97.21884770395603,35.46762166459782,29.89690720477595,44.67673655219019,46.179601737887225,821.0193665036355,742.270171590115,1563.2895380937505
Company_02,Year_14,70.74000383995269,76.79517995987206,31.546892940566714,74.09221478527061,94.89477665450927,40.26730421449935,53.14525472281289,21.189772125528965,72.71733090153201,40.4845712044463,660.4261649487778,689.8105533400585,1350.2367182888363
Company_02,Year_15,41.87011987212226,44.93025896730944,90.42939942984601,23.01770757729888,51.15507887568475,73.19410114371928,66.9104055610552,22.28824256882853,64.45540672411033,35.957223785687965,539.4688210155088,232.06356501779604,771.5323860333048
Company_02,Year_16,14.11871063757966,66.18657693099908,43.685725083466124,67.63281272530268,99.48721408560414,22.501965487034283,41.522369085436814,23.982926067005053,74.12450487789104,71.47262251108916,487.92857805616006,665.2602347790332,1153.1888128351934
Company_02,Year_17,56.69547303200775,78.06218874782836,92.82445798371833,91.65609073514621,12.041946590273966,87.26320712733761,66.1544777672145,76.16515006427615,44.35348468757251,97.84126554104296,698.6372400566208,713.8167288392121,1412.453968895833
Company_02,Year_18,20.455714301949648,51.37154838406647,77.1742426059429,92.19773256850148,76.71788056236157,34.8291854399799,27.75337085554453,48.170819661035054,37.85233004096203,61.63815301178532,495.613781719637,721.0200437351643,1216.6338254548014
Company_02,Year_19,80.34782251816718,80.4687965476321,16.413528680142292,49.2879119562162,21.237873188529186,67.2548356059153,37.61608565027089,52.121792989365744,63.13531493019916,99.63881887018398,616.0892093760158,475.6571731133367,1091.7463824893525
Company_02,Year_20,66.46876033241074,43.971216238186045,41.64277496579733,97.40416981048078,83.0681365934894,67.10038276033984,43.395313581805105,52.26824198369232,45.084941043141974,16.376070757123884,705.7755358513654,719.2825577173176,1425.058093568683
Company_02,Year_21,65.74072751336081,56.575389304524506,46.75765535077158,69.26314053238627,79.78693379124415,98.59407323600578,20.675426064787402,43.524965269482294,32.66060722054118,54.4536397632442,638.5097216510139,234.93953478734102,873.449256438355
Company_02,Year_22,94.4679692336288,53.23734647737468,69.4074852858214,51.43381042053518,11.6412487664116,86.58396608182049,15.140144634063846,52.27237848463191,94.46981822365431,31.257252485079583,689.6508134820643,624.8014572900317,1314.4522707720962
Company_02,Year_23,72.27157566876193,71.42227584351211,75.39862950058223,27.07311042372917,88.99578529799354,71.53849967229681,96.97071993884418,87.01859734259479,29.140645652150603,63.85059681394426,736.8439366383535,528.9572225875356,1265.801159225889
Company_02,Year_24,17.009794364843387,80.67102420392617,64.67543380657165,66.60860887880628,41.05474875974417,14.924358755736103,47.835580395912025,66.11387521978239,50.79425068029691,60.47215275041723,514.4211099446909,795.5996172453038,1310.0207271899947
Company_02,Year_25,89.10737096286796,27.647473629420595,91.87753760743374,73.22173614339218,84.80682518287134,89.48495220744391,74.66412420175234,96.77508576235226,24.243344377661412,91.38457217541918,802.9444172429509,530.5347761780961,1333.479193421047
Company_02,Year_26,64.53729704729517,33.544083052618674,66.2997428516758,50.233617090404984,11.7698349013165,48.09617118623672,84.91103999009778,41.830082499342964,60.512053922460694,40.6636150349239,553.7336135580033,411.91159500853746,965.6452085665408
Company_02,Year_27,48.259484948308966,60.24468902329759,67.30908898233096,92.83294222010913,49.210849207979344,27.28153662167405,66.7284474065635,32.75660822288728,47.66200935387507,66.93363867196891,661.2533416646825,356.02472222363247,1017.2780638883149
Company_02,Year_28,91.39412717461353,95.98682903088003,23.067098669215703,33.31299651530733,24.168888563407915,52.26729313832099,38.358482854692724,93.08973052429276,24.128550784766905,42.986036400501916,618.4382832011945,399.87215867398425,1018.3104418751788
Company_02,Year_29,59.34718525887858,10.956297403816063,91.67788683443626,44.16306816378329,57.10906879249712,63.11360777238943,29.683417920480704,18.79775711938587,58.22116104690663,57.64380094534557,536.4720040125143,381.8083550181984,918.2803590307127
Company_02,Year_30,10.773967222297733,54.910871238347724,81.34285576231133,16.631662198155755,57.77376385221157,52.18800714940304,15.974111720041536,86.07273404075846,64.13528815565785,52.79466644629206,452.0711304859951,539.8682320151229,991.939362501118
Company_02,Year_31,98.99926075687296,40.49262705861982,33.59039126921865,45.993962559651614,70.41965718296123,77.55851878734323,31.838682352212015,63.43424095704604,21.795060199765018,11.246982456745357,616.7844709317801,458.6623165205315,1075.4467874523116
Company_02,Year_32,98.76703457554393,42.2640210229409,62.43681399924813,51.665209292912465,39.536223621600826,41.297703186366235,68.97261988426283,38.86680880591821,57.614657245351815,63.57632228929659,694.2227085312708,432.92232088989147,1127.1450294211622
Company_02,Year_33,65.25987021200967,57.30718344984143,63.65533635133641,54.88742458665943,30.507720820749732,52.168357166733294,59.53408123133922,78.57507954369196,33.522291677084205,66.39210695329243,615.5391153155124,384.33535032645324,999.8744656419656
Company_02,Year_34,92.7695175499051,69.92904002439394,42.291163029223505,83.82802177542283,60.18913228500931,97.976765270024,99.73054014243333,85.38198001149476,41.640300385714966,97.77730148327592,814.5292659658178,524.0898640108319,1338.6191299766497
Company_02,Year_35,63.348832093591874,71.08907973944206,34.93116266501132,67.3766287244054,77.05065043144155,16.701796038360353,45.90900200532567,86.74300036173408,33.60271211151935,88.18459905707049,654.2230468477318,761.6352092850386,1415.8582561327703
Company_02,Year_36,92.13034042970881,16.12719292981052,95.77951783997773,23.735704069008925,86.03822008862531,69.62428524132162,37.54371184707707,66.74296897463759,23.561545029657957,65.03735258532016,683.4525028094976,329.2700914415651,1012.7225942510627
Company_02,Year_37,26.644292433919205,56.23894000635181,31.175187672332676,24.175607597901937,72.66913116197343,98.23795954750439,42.50133496796031,41.223899817216235,82.9133358668712,33.06585960319667,460.6158877012875,396.09675849012655,856.712646191414
Company_02,Year_38,34.72612006371807,38.27922642846775,23.158606772924024,64.52921130188764,42.718438238487465,26.037977337328993,28.115127440248834,69.839632235132,92.69570010130735,61.65158531282203,427.0105433188398,667.5182756890953,1094.528819007935
Company_02,Year_39,17.906126686353563,89.58302253996776,80.22036574202261,24.65631896496572,76.32742120051527,81.29821698994031,12.680623174585754,35.56407211464328,59.96049928639957,90.31133407199962,571.0070171098895,462.5905965411051,1033.5976136509946
Company_02,Year_40,94.50872788415684,15.68264124452937,60.85297397022092,29.50289155851236,32.85558333886834,97.23642691356775,54.73907985380003,12.502814130176038,20.927171562280186,18.128588464548592,578.8162132835654,721.8521255950909,1300.6683388786564
Company_02,Year_41,77.47684890200708,62.05060174480412,41.58121509600059,49.24394796668021,19.875419088789755,45.30571387456707,77.61243755407365,12.106404529191273,45.845682997836384,79.92602415111158,579.6391009986323,786.5094067970826,1366.148507795715
Company_02,Year_42,91.18624770905815,87.6110050153523,70.75673720546067,43.52313376572689,79.2930972992272,33.69076938548719,82.39538476621128,31.257568463471557,56.05842527230108,22.036347373505635,714.8119522393342,390.2986033349864,1105.1105555743206
Company_02,Year_43,34.05876557323755,35.20512391834302,20.628382216956425,63.68146693069207,86.62295008668752,65.52126104923835,57.060295877877124,57.93376881367596,28.96254238298006,14.647650375317609,473.7658222427439,457.76720705459377,931.5330292973376
Company_02,Year_44,62.85478628547352,64.09433598976074,57.32669521367848,10.475661941868053,94.23553358470829,21.526798209915075,91.63495015252506,75.61124939206577,62.370661374743975,79.77347330131619,606.1278498910701,693.8152500478009,1299.943099938871
Company_02,Year_45,48.479493779635796,47.041181308678006,83.38734776092141,26.83701989236092,11.373573339179805,66.16256137098836,20.047413111047256,42.56728454619562,80.1896536949961,38.235489430690905,503.9425859131927,594.6631959850695,1098.6057818982622
Company_02,Year_46,78.01829747259703,72.63127023736426,13.96507061533116,69.81775142793674,20.349944107758333,50.73881188022088,50.45208132989181,24.68953582387233,50.34623384116054,82.19020631377576,572.7792471348581,519.3692589203631,1092.1485060552213
Company_02,Year_47,15.492249946527354,57.8896132309916,12.415059845789127,95.63480236866688,13.658484093209282,30.591827268238877,54.70085439514989,10.33214136715464,36.35915075776542,71.62216127711864,337.36758673035087,341.1319404023156,678.4995271326665
Company_02,Year_48,70.5867687468651,75.6410367413409,97.58100585915341,58.120215874308954,97.24000123309061,11.992993413847802,57.56618745208738,41.232787985915294,33.72367545105786,43.18343642521271,769.2492966737606,504.3042517082787,1273.5535483820393
Company_02,Year_49,11.637316283298784,33.90768876742363,91.40108925607792,31.066260457066804,73.40055978642042,33.709069415583215,76.5941496996858,44.37307990897022,16.05548688893247,68.16981931881878,451.94678926789084,469.9514640641988,921.8982533320896
Company_02,Year_50,35.923365372746275,14.549509605734467,11.988737979874864,47.59462281275287,50.993066106370044,53.88157597923921,54.84368346656852,31.478042755938198,64.83182447091241,71.53580023864828,362.5871876421647,240.37651404054333,602.963701682708
Company_03,Year_01,54.84644429361928,11.36137679011675,13.10448527039344,76.14406552510154,33.754478679491086,53.85046221810658,50.42127190064267,27.72562383890161,72.4938555732252,27.87706662289404,443.6231611752045,656.7806001019397,1100.4037612771442
Company_03,Year_02,88.28232492309628,60.34612465837425,89.06535179450194,18.68826515808486,85.95745300876735,65.05872247704205,29.497926717822452,53.27635324121045,25.429934363224632,12.378637029393076,706.7707897223327,749.0668672779975,1455.8376570003302
Company_03,Year_03,40.155895282244344,38.864078921081784,96.82280584021308,28.94694699924372,19.821527417941084,96.4180516121225,19.458868562074052,97.6050410062461,65.57854187871482,47.68866290486715,522.03962075939,639.0897002432853,1161.1293210026752
Company_03,Year_04,90.24601858897823,63.96750439022702,13.933440528280821,34.3007571709325,83.65356594364931,82.92616327442553,80.57205408065289,31.15280708155364,93.61062244474736,28.70580474872196,643.625749664873,690.5819007847886,1334.2076504496615
Company_03,Year_05,95.5034864767538,30.034866479960733,50.10197407548306,90.33306774816218,43.281320841047005,36.35604641818201,75.39280223574049,71.96654839540648,11.818112482986065,51.674778701803405,682.2743257030044,658.170680710633,1340.4450064136372
Company_03,Year_06,96.63211979457365,21.270136621645918,98.98362189384521,40.609722410906485,85.925678088109,51.29389241206892,44.85996171807562,66.80254172746538,25.44988489415943,77.7470495273098,684.3193373124669,766.50604648496,1450.825383797427
Company_03,Year_07,50.130901731277525,34.463029381011616,78.41831512903543,45.351246745391514,30.63796641180262,48.17999533011206,22.651649266581003,36.74375171650156,41.48129933464893,29.078119190825543,440.7402225001508,208.9679460349689,649.7081685351197
Company_03,Year_08,53.23308034949796,49.64590028706598,82.7934470009154,77.4157266415584,14.952264672131589,45.44197636594978,59.86089798384623,37.80556921444269,37.43639328428674,34.4491319283764,541.2054951775382,443.002912935719,984.2084081132572
Company_03,Year_09,74.28253041183197,52.14147143340429,76.10815877727529,67.34150160067111,97.40759030046917,41.99865702488726,36.69199131468169,72.51801933941557,12.63082285096516,41.89322124967425,684.4682417478609,583.7744247736789,1268.2426665215398
Company_03,Year_10,33.110157738235124,56.36343053700755,47.187276709077366,49.629101902247804,15.120026118245026,16.080382682481797,34.70501746342399,75.42003715385532,42.989655687584,42.97407505240859,390.23889191213675,314.84843150873496,705.0873234208717
Company_03,Year_11,80.95668913226802,67.53083985847262,83.04940999678197,95.95923869401712,59.093999647701175,53.49490692480745,62.37563251800668,19.6968254232873,28.961470740587338,98.87634775994296,739.9402933250542,580.7221738849659,1320.6624672100202
Company_03,Year_12,40.06426627554967,58.025750881045155,35.037385745824295,68.2703904302843,52.92567660884191,66.3331296685636,31.115728232386353,76.99257405399455,91.8779531382298,31.57886372601862,541.717939864959,403.64178524381043,945.3597251087695
Company_03,Year_13,11.369625000681644,63.16351176198121,95.41979671554625,22.416031668451126,35.566206439440755,88.8564947721911,50.5049227885885,79.25477968151633,72.86435513754222,32.64624393156815,507.48142167620307,375.40478334903565,882.8862050252387
Company_03,Year_14,96.99694724530448,41.27780826962777,83.94676683135344,95.05096108101422,81.88895371762264,73.67551766337714,18.82221220360673,13.4545211783163,99.31081523360794,68.22909496052375,702.1643760756615,580.6068664576319,1282.7712425332934
Company_03,Year_15,58.543191762766796,47.419837812547954,50.187412540662464,58.630124921696044,23.914860685225687,50.893616546535526,37.73475989018999,28.897805365648956,57.55849662988204,94.55111337042358,524.1066821066141,320.7347774937159,844.84145960033
Company_03,Year_16,54.45360973720163,24.938720916264426,34.43095789909776,59.53869888344325,72.42081183330389,14.352577728283716,10.303053299057334,96.98532996336016,65.05896841424355,22.75575615986489,493.55891588291286,778.6639399605187,1272.2228558434317
Company_03,Year_17,22.2109786754178,18.00725472787526,63.74016641512854,27.37184194710145,78.42206551472195,92.49712439013078,30.688542148687652,30.795053769847787,89.02566889392179,23.052578063792858,431.637726069679,448.1916112723145,879.8293373419936
Company_03,Year_18,40.258918874156805,28.591697792264153,66.75447507215378,96.27781450312081,81.08532673375421,52.69073937870093,12.530263347861315,69.15993780473232,89.02978281692766,33.438600604539616,560.1567689536092,550.4523159532982,1110.6090849069074
Company_03,Year_19,94.51300662660255,13.965647973505169,22.523646659978922,10.37502319802456,53.230262812876134,30.51345759813105,78.11545176053504,94.55587609226497,43.88607642304962,17.223939985260664,520.3994709526105,520.7926874256707,1041.1921583782812
Company_03,Year_20,77.11068224753296,19.736412895750036,76.84806862236613,65.94305229415801,61.778625855424764,85.54312441475354,55.11293414873678,19.958791932635137,81.92986897758263,84.97388672094245,594.4225031392725,646.4786206670312,1240.9011238063038
Company_03,Year_21,30.927514013757005,76.59937467634266,32.5423379874792,35.621839849078896,44.18814587825377,84.6571312654144,18.448770008652268,14.90608556312673,63.9062268494478,89.70328634799178,455.9859415857454,365.24098388620166,821.2269254719471
Company_03,Year_22,35.16875719686951,16.18689472918488,64.37894250906186,40.01755055699315,14.818046201099904,77.76877832538784,32.758760948096565,93.59951619041736,13.641552319711618,89.3121189220133,476.30400765353755,209.5566283470206,685.8606360005581
Company_03,Year_23,26.49701116836924,18.362571614014307,53.061735287149546,78.34445030090788,50.79427719239711,32.456689913047754,45.41159709887578,36.81584735637723,52.275509349282544,22.403708098996617,412.4482727493707,397.03590436639786,809.4841771157685
Company_03,Year_24,27.191809954822762,98.64714188336914,76.61175969341363,80.19547617078065,74.65163286979646,27.65681108777668,67.12026516523449,44.364969154081855,88.2027355628413,50.08062450614857,704.5041312731582,729.1124848327677,1433.616616105926
Company_03,Year_25,24.42672894973265,99.06430888885963,65.70985607064037,17.241245955268607,72.461832927816,52.540660282982024,31.53872338551778,54.52779244708721,14.542494671492467,53.02534093144583,528.4290421584101,359.3913651545108,887.8204073129209
Company_03,Year_26,32.81815364246465,21.121511548944618,84.15872685495906,64.76829320219483,69.2839097294287,83.78769062352357,93.48381998317252,24.193534862290925,42.35825629763233,38.81948839881617,531.4388042182263,351.9797006008694,883.4185048190957
Company_03,Year_27,70.17376950085404,48.053622504644046,20.582532417631644,74.68601674285769,14.05125906287855,23.623914100956267,77.98925186661661,30.197243056263478,29.34043775300249,67.04931933162635,463.7823011363527,645.0219909213322,1108.804292057685
Company_03,Year_28,64.99506430260442,78.12551822677665,43.88401842303339,43.97609999388172,49.102255641968185,71.95664663589776,93.26870291988578,44.27894587388271,71.14957027336399,21.336986723656395,645.8922728833529,318.99498521850984,964.8872581018627
Company_03,Year_29,39.18117797602562,95.37213346202702,21.15437287117018,51.35037415128389,24.85359938710925,38.46106892421374,36.47119287011432,63.372391221122186,50.10147062733125,36.20572783954043,505.2274769800973,230.25118416648994,735.4786611465872
Company_03,Year_30,76.28420182757377,88.27378112410001,66.11145334812923,23.03331000924974,72.36854582557717,36.859137920102626,37.92949594187016,90.57612453841256,11.134486882445476,72.64591695736794,685.4968109724036,635.4164701931627,1320.9132811655663
Company_03,Year_31,11.044723159656682,56.28722013643607,23.290653877643827,47.46236389632884,42.01295482907903,34.58937355295086,90.21459922632529,39.501677829411406,84.03302511873925,73.61317854593875,390.5855478723285,447.6207001245448,838.2062479968733
Company_03,Year_32,87.65847682548761,34.64805958276466,82.08616771578653,55.21033495600512,54.66904344011589,36.02736932003746,20.075134680748768,90.60220257202947,25.75099720960109,19.077147105260067,619.6148421281979,363.15929150715715,982.774133635355
Company_03,Year_33,76.54304743883527,60.14745793720852,51.923885370455174,64.42434786989207,57.93500537101597,25.358664122366633,65.2802233599062,17.903526172065284,77.15613846010427,66.6033206042512,595.0712278535622,465.82696221989465,1060.8981900734568
Company_03,Year_34,61.30538964944659,86.22316196162879,96.28633963493026,24.54020143021522,60.98770128671412,59.15468755223513,81.16602912122684,23.09530504680784,63.37826340327411,49.700020747981306,634.5134406354341,764.887215714825,1399.400656350259
Company_03,Year_35,49.77306565366337,20.937184618979025,17.561452670124318,21.89201101007515,57.55717835114063,57.81054285635883,94.84138431934359,63.30625310684477,35.18996652693535,97.62134693815612,419.2333175238162,430.1764726889255,849.4097902127417
Company_03,Year_36,75.37669827886818,28.470727815197787,52.67712559401295,90.73534485252645,14.768253981722665,68.42535777703381,69.76978617893558,60.93438893706801,67.66280300148696,22.820668744614927,612.090526996057,788.0579825133665,1400.1485095094235
Company_03,Year_37,17.631052204914333,17.01765316554083,16.701640877405737,77.60531192631301,55.580365776755535,54.112948742056766,21.587414717743545,24.909025179276124,98.07432377695544,16.144457809172742,366.3816661911358,423.36612446534724,789.7477906564831
Company_03,Year_38,16.86855360212722,73.37910895670629,57.22416273883055,21.928625898185267,77.90192514724795,20.012377065252974,38.099348671077465,77.985742903492,91.2532120417125,67.99011108207458,503.23872928853706,637.1133799879941,1140.352109276531
Company_03,Year_39,31.563525386382437,96.96939014933386,71.00221619224575,28.612381792893878,14.352663170404465,23.966239542335813,78.81811423369817,18.30331455099305,49.10983288979607,31.47080556208215,526.1076950026975,467.89655835195845,994.0042533546559
Company_03,Year_40,25.763775328934642,49.66411771984824,95.71364173833547,16.160398031193722,94.32206600239901,49.11860288951354,98.23942264775434,57.07207789010269,10.1640650397399,17.400945719101486,572.1673206334706,624.7737213333007,1196.9410419667713
Company_03,Year_41,49.02279213182541,25.2988941251988,10.035222996607109,71.15919662165882,61.90470206390906,41.676055007749966,86.53521431547557,50.185757032811885,56.1583570228777,23.140681739665812,470.7222898942543,452.0381936782844,922.7604835725388
Company_03,Year_42,84.21995294713793,49.49953454106764,73.09065633069056,90.41542075262632,55.736422428799486,76.4791441394094,14.042322498015842,97.79054505450667,35.808696057104264,50.07442932968227,709.5702014974778,751.1526563083463,1460.722857805824
Company_03,Year_43,72.47946658407635,21.134641109726914,42.27955102381021,33.62563649435245,30.3432649051432,27.8821140590723,79.01409506445552,97.744126195066,73.3032840086648,31.139004969706143,519.7060913911935,418.07882529923484,937.7849166904283
Company_03,Year_44,48.087388067075636,74.56495972308878,84.71910235158462,84.60345498061629,99.97244543037927,70.15470698907905,30.980161215370238,38.082236696089254,64.09505215948926,18.178299448290005,704.6146690901365,240.15732099289394,944.7719900830305
Company_03,Year_45,46.15839836484916,85.79868971719435,93.32644887960475,43.81856885611296,80.11146803412305,40.67012605579606,36.021082172811106,96.99266263550966,89.07810876603533,57.66603257359493,681.3248094698082,617.0684719020787,1298.393281371887
Company_03,Year_46,20.453878818369972,24.438237954611257,59.39783711605883,98.03039083231563,95.43580311546161,83.11744051217282,89.330858820704,75.1601373771407,72.30320355784735,39.234781854778376,560.88885349157,281.8252203333557,842.7140738249257
Company_03,Year_47,62.18247556841973,15.98441364678192,14.112057692376416,37.57055887460686,86.4446410834929,86.50770724185881,49.83141229025275,10.599724376968476,47.89408189970481,82.62117272011855,492.1473082311578,493.5842379110138,985.7315461421716
Company_03,Year_48,88.12461207847893,87.1677678691721,82.26654937286376,55.33582286136625,67.27919083605951,42.58120750761309,39.354764739441364,27.632230661244137,51.887800078820554,76.27895005754173,760.3142934998085,636.6408993340488,1396.9551928338574
Company_03,Year_49,67.74489517986504,12.231894468314483,33.7946349509192,73.48710483175962,20.824998664680507,85.80340605956177,94.98609768168936,13.269952413433472,76.57952034579263,11.288011568827141,558.9044018236873,269.5544024195532,828.4588042432405
Company_03,Year_50,71.95436811766167,32.32327207168056,58.454147449603205,23.500016083608298,60.2617498619479,67.29303198967582,34.80853015614942,28.771316737303557,77.49099742290916,51.81443924635722,534.5490758233476,698.7080101886552,1233.2570860120027
Company_04,Year_01,73.22394500686879,30.74713392000622,45.51535087216566,85.74738160877142,86.59823696382914,28.27625062382558,21.007081178306255,58.07138945810381,58.661796069613764,93.58685466623123,563.2590544451366,752.8836927054546,1316.1427471505913
Company_04,Year_02,27.440100314418565,30.127991002649452,62.237810733120966,78.6122964833547,17.069629789239485,49.96490114597755,86.79917589431774,32.263046603373716,93.1873739020904,86.3755201771083,471.09870176686564,716.3807043200088,1187.4794060868744
Company_04,Year_03,51.198371816164766,66.68764378701529,77.07909711343456,98.9212276457545,68.63398247741027,46.42043019071997,90.55930091999379,33.239093777495626,64.78720776874187,60.95348745052581,681.3502977311362,247.49328398646173,928.8435817175979
Company_04,Year_04,27.47043478416345,28.461176081796104,56.015472981012024,97.43343719983957,61.62427164392053,51.377968279210826,51.443936656156865,69.36799995176713,26.68723054502203,64.98913832516166,505.2254072210879,703.2256930064918,1208.4511002275797
Company_04,Year_05,68.46232471352292,54.949957672970804,35.307943957996244,93.52967749023959,30.59049840462195,92.89443655148341,87.74952490706988,58.09884074373803,26.268211644854112,99.3339056391074,612.6610922854105,303.065102816495,915.7261951019055
Company_04,Year_06,27.5847827665092,42.45685965839882,86.25631200571362,15.66960800061929,29.35037664988011,11.466534360127,39.42835851847749,84.02871957843472,77.58915891978248,40.778463711280224,388.9672923498085,533.0218820514683,921.9891744012768
Company_04,Year_07,79.22650335429947,71.47658582976104,31.821368284356918,99.84110316973204,17.917851411580266,19.189320826108247,16.6436214107644,60.949220769877016,19.185420927416892,55.89425548514816,589.3920199017812,509.2643485713516,1098.6563684731327
Company_04,Year_08,45.99721047764904,21.99585263723382,91.5476196075086,88.85345624867304,43.51600144995829,18.596710846007234,94.13283794399135,33.88345339598922,60.24083222051275,11.856062892586108,558.8597479447868,366.1925448388056,925.0522927835924
Company_04,Year_09,71.76187307343726,19.94821626953749,85.2051727215559,77.72478595036321,40.46990386844038,32.3950833289566,76.7636512973117,61.913084320049904,11.436252320848869,47.07679154329492,653.2371717497952,732.5070776023515,1385.7442493521467
Company_04,Year_10,13.850096295527504,14.847244589398864,10.842235610155276,71.59648482948495,41.086702988723246,11.771170845291296,81.4823438878744,83.56899705811873,71.39772909282436,49.965496646723565,372.18920479394035,758.2870592672058,1130.4762640611461
Company_04,Year_11,17.382503388620407,24.613820147396986,82.00255697101036,77.8935222426048,75.2923496753393,86.90178205243754,54.43500258160911,65.88599912312108,16.472284607696334,54.87848826561952,525.1459713745727,699.0799627730044,1224.225934147577
Company_04,Year_12,25.45439794600856,88.20364819237376,13.39701068704666,88.94692448058684,92.00789861255528,45.83665270328227,98.25551332970318,62.51746827279186,13.757450408272462,80.63092445367063,556.1314825809156,483.3598226946191,1039.4913052755346
Company_04,Year_13,23.61447346946925,63.03563359747965,86.05486904854394,96.9066906026377,89.15280093191642,51.074233738359965,93.20758635742786,97.35112862648155,92.24539869373884,55.24867954929464,683.7599414351882,340.66680491244256,1024.4267463476308
Company_04,Year_14,43.74647989958106,49.1174848888145,19.259220506221837,13.025923780413917,41.40401820318422,15.54105991938716,22.228892097236475,51.547008699661234,87.62284448774369,72.33420497775472,351.90024431804574,434.805753152215,786.7059974702607
Company_04,Year_15,65.71914855455339,30.986925832789467,36.654008272144914,77.30808026588133,99.15989713996628,61.74604597664975,53.382245557475,90.96678014972014,32.98734586280717,61.92563208780826,603.2911229872195,364.8302077731173,968.1213307603368
Company_04,Year_16,78.10857256345194,53.7593725267481,92.3892824541192,22.411833641956868,99.92608628358046,25.49757513613757,11.440492497651203,52.6112189197088,59.23459281319177,80.64698941250602,654.2142841623527,409.48557460799793,1063.6998587703506
Company_04,Year_17,58.49567921993413,26.498708568293928,92.87621304914859,91.1856403322435,83.69318469219675,13.19661096867184,51.42380386452641,96.61097714522336,49.4745665955215,73.73648462820401,676.6014726746363,443.60822505377087,1120.2096977284073
Company_04,Year_18,29.525713989492004,39.03350125262443,19.667195343527666,81.79361232867416,57.089634884363676,22.844286286777006,64.87610826307261,91.81569544981399,91.91291431576185,35.21163409957231,460.3179425846047,408.5806468324548,868.8985894170595
Company_04,Year_19,61.52873494233643,22.7153706630483,25.69523112791409,74.3908526790287,31.43805536701387,61.18135243671481,56.91965724380332,71.77515019081484,76.50779312549427,30.134422930007442,485.32531173402674,437.7829970222597,923.1083087562864
Company_04,Year_20,27.561509076230287,75.94674618400767,52.36867489503787,48.7242039730697,31.68601971778216,74.45129251405824,91.44788160024902,41.813143763923975,47.05692459621212,71.91206274033772,524.8440022961424,636.5620016408507,1161.406003936993
Company_04,Year_21,63.57037243553664,86.69063912624662,78.5976131006995,40.43223283696405,73.85814549228681,69.1614962166856,92.76673698300914,84.75928608860832,23.984603109957,46.620287475035056,748.5586473187902,217.2689793238826,965.8276266426728
Company_04,Year_22,30.643129910857247,21.293465065281477,69.29736574822368,66.30982328484794,25.780170391271152,49.50090713189052,24.295600836947507,40.1099744941333,80.5667333425716,48.91934336631777,457.9139671090515,344.7564083637288,802.6703754727803
Company_04,Year_23,11.146349700334863,88.86261239163838,95.0732174929057,78.55748147480341,22.67477712455812,58.286925738381996,61.251884368188655,30.097300571411704,13.562648929572521,72.94890332940851,537.6293692150031,295.34727566383594,832.976644878839
Company_04,Year_24,53.66349715293349,51.02906904461453,46.496171627198464,50.60739688396661,90.84169170095512,95.78576654619431,55.305366402308294,12.156464114269452,65.74368434588905,11.329620226845107,597.5818296593432,731.3570365900896,1328.9388662494327
Company_04,Year_25,64.34125360043981,27.836792681207964,84.67055992297543,93.0157956464634,48.936404879289306,46.70408503066129,44.64901658157569,90.35174933691906,41.87561172226113,86.6093613619552,642.3158025155828,418.8545082714779,1061.1703107870608
Company_04,Year_26,94.6333213837307,43.214314971667314,17.09572243842384,65.63595837263044,89.77378903828254,16.465019001732674,32.87207493446764,63.63174736814744,78.66614226201727,91.36181334410678,617.0906737972608,210.7079304193888,827.7986042166497
Company_04,Year_27,77.82057759866272,72.9368125361627,55.83472246802307,19.26688665785488,99.15100693925051,68.11380293881575,45.45014842247751,22.97227111198489,25.34356736814859,33.61416997820807,629.6890762817401,740.6954893375423,1370.3845656192825
Company_04,Year_28,34.64229276110002,63.76456524222871,43.238458742901486,41.82164309698963,29.317675591412435,94.53487640241309,40.67671042183335,36.41539880217945,36.697973160526004,69.56956414124875,481.35104724581515,335.8919699150463,817.2430171608614
Company_04,Year_29,46.782073782078555,57.13385161506108,32.59177427368789,44.39320896956797,54.467089769263815,93.1257814056457,89.75653433860175,49.910133459190554,56.098906681944555,78.99616115705555,569.1679302066125,554.5361770341857,1123.7041072407983
Company_04,Year_30,33.01652295376712,91.0171947745356,70.96612052090885,16.1255143333726,83.26703827301206,45.49577585032696,38.9912184282466,18.100805300046535,81.72381947722185,51.479453320156765,516.5039345365328,342.6197202704169,859.1236548069497
Company_04,Year_31,10.245276883985944,23.201649340568306,61.48914387256074,20.40780293461193,63.68093828468539,83.2306398735418,82.92897060484866,85.5871199564736,85.63606698190067,48.602832584159586,453.0198072251864,659.0356389101806,1112.055446135367
Company_04,Year_32,39.928749618111674,41.860840760374444,60.56025374939462,64.40009087512834,75.08334667607065,26.630280282747634,77.77643786941331,56.693467686165384,54.282753857600895,90.40280265629968,586.2912670271089,379.59117052388524,965.8824375509942
Company_04,Year_33,25.274161785683326,58.402104308608536,38.099658322913534,50.56071233731716,57.36659208550571,89.97481028992303,45.05203564237396,29.314190655866017,21.79456939037795,20.432511579594884,519.0586192053161,499.6552904010512,1018.7139096063672
Company_04,Year_34,28.423065517286844,63.07144399162245,72.30752961481852,21.42098731251413,64.02209733296843,47.41780587368108,96.42870223198884,45.54612172471167,92.56367739691717,32.10144616047445,578.5938633498845,215.06199374823532,793.6558570981198
Company_04,Year_35,59.05654600426696,74.90729219666187,35.35241702205394,35.390338918157866,88.31854722836896,76.42768879299871,43.55540508032377,86.71445625964802,35.17752223051783,53.863827054796374,660.0211421729671,434.7911231796346,1094.8122653526016
Company_04,Year_36,63.76671067699408,71.80339519174251,42.05437234839582,63.238031711792665,38.13100539866393,44.128163018933044,80.22134770870476,13.741708687892558,40.75503545304359,37.803488988219854,602.5495505546456,719.5282972148939,1322.0778477695394
Company_04,Year_37,78.07142250999213,52.001159520572315,15.075297893188651,89.86821068023163,40.66877587769682,81.79905745727542,49.22966876326528,55.877537310112764,41.66226810423201,35.6697508294674,633.7450664975269,583.5472296147875,1217.2922961123145
Company_04,Year_38,57.338375086004085,13.662394130730263,55.27252002326126,26.76115863039999,58.88486396954036,28.6720310597892,30.635500115227444,27.836008799156644,10.879535856867411,33.43690957421118,440.57123169653045,221.40091804955307,661.9721497460835
Company_04,Year_39,24.13051015606955,53.20432295443052,18.78640086907582,67.5029685576809,73.86694182333444,29.573582691066576,59.58139004047132,26.072783044293192,29.5127347612303,73.54257717774313,393.608857718378,484.50320583014945,878.1120635485274
Company_04,Year_40,96.70176889398242,20.18689735880352,88.4500411856569,48.680203741207016,96.08849245155194,17.609160974801537,28.934583220072387,85.37850036827128,42.273835368257146,14.880446838004254,671.7186588963808,794.1391482909064,1465.857807187287
Company_04,Year_41,96.34705879906592,83.79922760596811,98.66127346973968,20.70560302307797,60.894081685131326,14.145630273743162,31.980074432897275,84.61656898737857,49.58320989736397,39.37603798975717,767.4217654874891,273.29882053834905,1040.7205860258382
Company_04,Year_42,49.41854344291147,45.54620908619938,57.48803348671552,23.743813420999842,88.897963840187,35.90298998990353,45.96723432408479,58.92165202483521,58.37196092779347,34.445081309732444,478.4277477097778,685.9304906641845,1164.3582383739622
Company_04,Year_43,29.816126343277862,33.91329920934113,98.58491127410436,83.39791255876406,96.73497387078909,27.836188749841778,67.83776343144336,18.49114788017235,33.554247640377184,48.35792499432671,588.1733119411423,242.4410053862497,830.614317327392
Company_04,Year_44,20.814407240420458,95.2678157183646,34.7970466180882,97.73632612334609,83.06484350075107,29.46339536609779,94.9301649266813,62.03796294493785,66.25925286716192,51.20823042400613,566.9552811373164,243.44597274048294,810.4012538777994
Company_04,Year_45,63.60536845037952,40.458237659877845,86.64085326793378,14.112380018747501,72.53800212087077,45.568443287015974,13.42343770040871,15.281249379995339,85.20293390445723,72.22904611953837,589.3735322725892,392.81905800360346,982.1925902761926
Company_04,Year_46,51.899734747922125,63.43609714784281,12.565763686276474,36.120767089668604,32.24459361660082,66.9465011282539,84.02641532754647,23.998767273647704,28.558495262836328,74.42059633899716,449.20635535951754,249.67377858258175,698.8801339420993
Company_04,Year_47,42.883924648982685,87.63936567164903,44.10963680724069,85.4167912963036,13.533861046214973,27.900024534797424,20.194744564806946,46.79917418490954,31.451779677988444,51.52276562518994,540.1413515071039,432.6623986009637,972.8037501080676
Company_04,Year_48,26.667051864645135,52.78467795751299,40.59106051173683,15.116275976488126,81.12633482138868,65.6196013243223,86.32085014145878,32.75595698184394,82.74975900295009,85.54390360381653,471.96714542784923,214.55563627044282,686.5227816982921
Company_04,Year_49,89.53087121319807,57.26482185386833,37.8629732069757,95.1723309911077,20.83514821777835,56.76313002083299,82.58881347096718,29.871170366715077,33.27505052354409,16.55656868993023,613.8857426356806,363.9777155067386,977.8634581424192
Company_04,Year_50,26.055879272321746,67.14201634255232,50.35535906969369,67.96731535236835,32.83367553228908,53.157918465446244,50.61966277296331,50.69818185768051,99.35987583428522,24.366847856873527,473.54543988915964,749.441666820515,1222.9871067096747
Company_05,Year_01,18.305235708479007,71.40884495996964,87.57869310336864,55.91052449240643,91.59312292554097,47.00657573640309,63.33776153889067,96.32007102591699,77.95509726747228,56.63828313708023,597.968249702749,719.24653437394,1317.2147840766888
Company_05,Year_02,55.47702019497818,20.00564157757807,43.41287190260045,90.07098905210437,56.98342169389631,30.190646359452867,62.64754490015882,88.57663038286317,26.726777001428623,96.05185859232496,563.0163694808195,532.7668331811044,1095.783202661924
Company_05,Year_03,58.56012973516259,86.40599132600934,99.78607581712517,39.8232368443094,18.07178572535973,79.09546865266455,92.649722408877,46.250720122282665,96.3042915935541,22.087922384799725,695.4297103140808,508.9452175514068,1204.3749278654877
Company_05,Year_04,43.24119814280155,22.969043293977386,82.66233561574813,33.12607872635628,65.35100081065139,56.89815257508547,83.22908673994363,62.234742967849364,59.65662528170968,71.05464474677807,555.8461435978058,701.7998347839597,1257.6459783817654
Company_05,Year_05,53.59890253361124,93.09092312067202,81.73292605575428,40.92807066099313,81.84825864587509,77.1043733909355,37.85991298239552,51.40104710547204,65.577254283867,99.962644030785,704.6085425026578,648.1338587629832,1352.742401265641
Company_05,Year_06,10.783027758474672,86.68387817030009,27.70983558538896,32.24725372403108,11.614538513800584,74.95758625744446,84.03452692887373,45.06593205532167,62.29654988596579,66.32688221503915,447.33077992455736,240.1994956895801,687.5302756141375
Company_05,Year_07,28.55141186463922,16.494630840133766,63.1289570000764,79.22449063092937,66.74080463060469,46.97527105141197,29.27130030223201,13.169591429561272,31.561690304314062,68.61883207214584,468.1421581117611,276.482808238234,744.624966349995
Company_05,Year_08,56.20325393197334,78.64502886960382,62.89587905720861,83.28128493180598,38.578464991578784,10.18491129087146,94.28013616810306,32.54150957647366,59.450575664720965,24.446926736554623,623.6620831959107,256.1687574811418,879.8308406770525
Company_05,Year_09,41.900111701256705,17.877564894008525,59.65161244134932,95.2281249124071,55.084086565364615,44.82345432463633,36.23855979867788,13.257028255550853,48.55600564975527,75.25347144139708,517.6436212167233,506.18092364292505,1023.8245448596483
Company_05,Year_10,24.002915763202683,65.6591958182501,84.08988866320539,59.34103514759627,77.22597232613599,42.93907972754264,13.153533959068243,88.10195179758792,86.53871822996832,29.177801233993716,580.5920599561971,210.5520285419268,791.1440884981239
Company_05,Year_11,60.34381616417424,21.437246396765627,54.989212964220485,24.178205558383894,70.71855543770934,92.00084775765816,98.2836384324263,87.24995292257486,61.28896865310814,58.81044935072253,585.5934688222719,230.90267093800682,816.4961397602788
Company_05,Year_12,28.15200565787488,32.37513159633262,83.27797335767596,95.42315558525148,43.331767189429875,24.014495164462147,92.03946757201273,76.2940029511987,62.31913537448697,55.984787889172004,586.926195408163,278.7168260246416,865.6430214328046
Company_05,Year_13,53.94975032387323,61.942154136337265,97.02474248776012,37.60448507725194,48.42750023835551,75.93759893126082,47.743603683316216,55.74401205700916,12.165543668936175,84.8584107317671,630.7147974968159,326.8903991522617,957.6051966490776
Company_05,Year_14,82.94288461846659,30.589577230608782,39.85715380065908,71.23509231549926,44.66628180292799,79.40434586798682,85.43577022261717,26.385538032229327,90.17210037104641,68.30055559970612,603.6015305760577,210.1659487054611,813.7674792815188
Company_05,Year_15,81.42414792612567,46.10275946192174,90.53796610403893,65.53071924624027,77.30511061152644,39.36506533968968,44.47728863530537,69.16793362372049,37.2441033566834,93.69588379250375,764.2916143759817,289.4224573619807,1053.7140717379625
Company_05,Year_16,66.11168959231176,65.74568708691078,62.67399466638915,47.63625296899568,20.995185751535622,47.380505360449085,74.33858110708552,51.41344024853617,73.22702015777352,55.91205918663159,600.8857483653852,559.0463580731772,1159.9321064385624
Company_05,Year_17,65.62851730468114,65.84450370736404,60.83690709683257,44.16231637159402,68.36162702356975,73.41711444497943,93.47718582375451,29.489637844690034,12.345360989326586,63.26975614625572,648.805066099394,250.67698834504847,899.4820544444425
Company_05,Year_18,36.066670592643504,23.2647542775938,12.008775009994816,92.47318350045212,29.787682656398072,83.75246934624894,82.56400952576308,24.971431467176195,12.7426962055597,66.4756566665398,469.4663264513662,232.89381502515815,702.3601414765244
Company_05,Year_19,61.36671355901866,90.18348006760581,59.17401574098754,56.495229427171225,26.36476861492168,12.779098152563197,10.127198940697777,41.46598620702686,70.30315867381137,43.299798958994565,522.6004978302658,594.7878789963985,1117.3883768266642
Company_05,Year_20,27.917113814930513,34.36818408095013,29.00253049569313,90.2452424871636,48.334925037387464,15.981541812196522,48.678388155860674,98.67285148872492,57.40531191413391,25.26700753742674,504.73810112228256,452.2902861701386,957.0283872924211
Company_05,Year_21,79.6001931075794,90.46662133613712,86.28674429543081,88.50594940409188,92.38460325633916,35.34018154540319,29.207710970466827,23.79899464418734,48.978108979717774,62.981046154519554,795.695709435596,406.8423366818747,1202.5380461174707
Company_05,Year_22,83.55280213043474,11.866415339480323,26.406096436292717,20.454221041876863,70.58777829065356,97.75860718463414,74.1360999675329,80.5613030761848,69.64620495773977,68.66578918467897,621.4699652085951,466.3752254019696,1087.8451906105647
Company_05,Year_23,84.87476843387738,93.04245804359549,75.2906731231514,20.236570769949296,50.454664066290704,55.200418149862436,22.722674185602926,60.063195561207856,62.70038517495635,86.09919420620726,664.0212200104991,390.1235247713074,1054.1447447818064
Company_05,Year_24,28.52408472867322,41.273781164934704,49.93112353269966,43.89207535042663,60.25042855509356,30.228507239464307,54.81900447545946,69.54930882749896,61.38289064733691,29.08431798305491,466.28167280653855,212.3007984542668,678.5824712608054
Company_05,Year_25,33.99970130273909,48.10158578035623,25.171773520319647,59.62886820795648,48.86707238550429,50.693931280228576,75.1973176231229,45.023668972479136,29.390466630955807,84.77629870922972,488.89422701231,413.80001444879497,902.694241461105
Company_05,Year_26,31.90249907816109,35.2006723649516,23.516383985127433,99.58629722327491,39.27895929041429,85.60574576856257,46.09734501401163,38.47948700508612,39.02197079661146,30.01081960709138,485.6618246909328,700.0965563218392,1185.7583810127721
Company_05,Year_27,13.876834136886426,52.60109140578705,35.10630193274251,91.56903895429882,45.48862035110076,14.790381841833568,33.68247289658207,10.940950848482444,47.50940724434226,24.642365521880315,320.0991381354204,458.78024935467465,778.879387490095
Company_05,Year_28,36.79785866553995,80.08485880699419,96.62912025201152,76.49537751859822,90.89463878698645,26.456880698366938,34.3728574135701,74.36203207296812,58.01376580880143,68.44099139103774,707.6071048236727,386.07148781856574,1093.6785926422385
Company_05,Year_29,54.58945377901835,95.26934814305592,69.172392130199,23.555640056320957,51.992724489854204,96.20989871612656,20.55196487799497,71.22226808772724,68.77335262581765,11.701185191236359,642.5901755527004,371.66253372790595,1014.2527092806064
Company_05,Year_30,74.70883917485344,70.99685705509808,40.81473524150952,32.35568492031829,94.26245244543048,71.32927478098841,14.22146982481158,42.339001697404896,17.49821714846458,32.30789990583022,613.015397013575,420.9083523031079,1033.923749316683
Company_05,Year_31,45.6475739228066,41.188159671853924,96.83589933232972,73.07505519252001,53.06497854622845,26.43133282937706,94.9650800584666,92.90259694513284,73.26677455075276,67.55052384004179,640.5376443091282,574.3636107848447,1214.9012550939728
Company_05,Year_32,65.68859482749578,63.84736892736397,52.25831316162415,70.5098868267725,14.017718180242094,95.63341641166134,33.2086134068316,41.2164818397609,58.66382259611824,61.48066674102497,593.1733051753215,365.5722825411341,958.7455877164556
Company_05,Year_33,95.70021667020792,63.66223458328603,87.28981060324243,65.94533184153192,32.234848129341614,20.232901452179668,88.66789194587905,83.67590770041838,34.09923735525528,96.68422836667563,722.1334347388573,402.0920060501548,1124.225440789012
Company_05,Year_34,67.76963192031245,72.19122371521203,74.27502637934042,99.78479036632123,39.027567828119004,66.71992753362508,63.262281317883016,94.2747105335259,46.44437405636371,20.55600551043407,690.479795081094,456.9948379607905,1147.4746330418845
Company_05,Year_35,84.96562648648259,47.447949079639066,86.23471433493398,34.75015212778724,89.3595149947175,55.51096987449465,55.620238013675646,12.305241540264191,67.15956530640676,49.958109856801116,671.3897486357301,556.9405259633547,1228.330274599085
Company_05,Year_36,44.136443199314286,79.81962750882872,64.52416807839037,64.41619267161855,66.91848876770116,95.06101423039279,77.99859397066555,97.76749284324534,62.90633101119923,36.62159139615033,709.7866343482509,242.3129579692201,952.099592317471
Company_05,Year_37,21.264116928932438,81.08608014948166,60.3521074923368,27.712567174386844,26.79153819158501,63.9793944726731,78.29720094813473,95.87340701176642,58.25605551479742,35.73805236396244,501.2953885710074,262.393995332273,763.6893839032804
Company_05,Year_38,85.28016171540457,59.95732399298758,85.25963766833729,60.885115779976324,10.523005505790252,68.835797440233,20.79639974021693,35.33019923000069,12.387583720567282,47.101261453667824,693.0954902684537,406.64295399472684,1099.7384442631806
Company_05,Year_39,34.808388314827305,48.466670572523256,99.632665740781,53.37709326685185,57.853480047694354,16.136452145397893,71.40354777392955,52.70864607832444,96.85858664912296,55.501707369401196,564.0362739335469,609.9753538473956,1174.0116277809425
Company_05,Year_40,38.75275239787034,90.52134420356971,23.672328235682855,33.37347324855634,29.39090553725401,86.62240072167691,87.57278280419553,83.3222287561237,41.461172725351695,64.22228692135664,553.5523127313785,609.4399585570886,1162.9922712884672
Company_05,Year_41,84.76807644831014,36.45058343109675,87.16157742303565,58.802356265152014,70.55852731829515,26.987764367613,23.75391475156116,67.07373454684866,50.8279205767503,85.80102092147618,628.9263828321994,774.999661176937,1403.9260440091364
Company_05,Year_42,54.60748800629371,37.72038405088753,13.515100221516532,61.24983281601842,55.22843342375768,98.06208426478769,65.19921511388165,61.51271843824985,54.92849091295919,64.61674050554257,561.3626387106563,338.97308077662285,900.3357194872791
Company_05,Year_43,10.254209534007131,62.32482324812537,51.036800627288514,83.9102996005755,21.106532563752584,59.11059227150008,54.51985253029987,39.4212126253441,22.617586303482945,65.36582691927869,455.84743043656545,220.41707622989094,676.2645066664563
Company_05,Year_44,54.299325855628396,85.19520272356382,15.376864988512136,50.07729403495142,43.939428210526884,63.857444147427415,25.36411259825819,67.34124081325047,87.74561279809956,32.72654329905805,569.7461894964373,604.4052656513368,1174.151455147774
Company_05,Year_45,44.675733791343966,42.43093197605833,45.712640787244986,70.21728578036863,65.76576254978278,69.45674701554495,38.06698319049974,18.886373510297254,98.36914562282172,43.09641550844732,541.6499143788442,664.4085878993518,1206.058502278196
Company_05,Year_46,56.519826079738664,54.30595064332997,70.6931955682684,52.32681405821046,19.900029388068347,11.149301413298494,49.49578866827953,86.33947549168143,36.63233387097591,66.3965711702223,520.6219837852926,260.74389125048214,781.3658750357747
Company_05,Year_47,52.7640310815166,63.29434673890862,81.62621533660509,61.77542128603679,38.377929716272234,18.35429133566948,94.29783586145395,41.463440017980936,80.58505886987606,55.53352398553798,583.077334204472,432.0877069835129,1015.1650411879848
Company_05,Year_48,35.549985749243305,63.16684202758603,44.84321999546231,17.61624870865981,65.59864759307669,19.433576490213923,27.570978794478435,12.30820907361866,92.88590393247937,19.68268157154496,429.95642923268224,611.7580100519274,1041.7144392846096
Company_05,Year_49,28.936040102972377,10.13378144761215,30.6622821400165,48.01246942677857,58.51378215445167,77.75688204343882,59.861543314228015,94.27066639472977,34.17521590901998,55.93480147622968,417.2135101789679,384.5840274091869,801.7975375881548
Company_05,Year_50,84.2075270883159,44.36445831561669,15.292778396847005,59.33537213918248,28.513039689016523,36.38696924042071,55.41487076839173,90.11801359759362,70.96408281568442,85.48320396029405,541.8424104986976,696.7995406672853,1238.6419511659828
Company_06,Year_01,86.8067273516648,36.319830357439514,54.62715537069297,29.22014107493243,60.84821485247721,25.745964932677403,51.17284977594481,29.56603615092108,68.02956331823147,56.483010947880175,568.7504558246419,672.6155364704573,1241.3659922950992
Company_06,Year_02,35.218470974961846,70.57504454593415,58.45228953080906,54.96013369674402,16.56626952800928,30.250917343521163,55.14452598867171,34.331680980254475,40.47191895188146,45.805083639344716,485.7944993911373,246.67863002540562,732.473129416543
Company_06,Year_03,54.251322750396376,80.42571153761999,19.583625085492926,46.6732249045514,42.47285650646297,90.3928478295048,75.64509671005878,45.413029439685964,72.11199323768437,16.702939305606527,566.3946066219042,365.52689879300056,931.9215054149048
Company_06,Year_04,77.97531272392548,17.29044476849376,42.83239877663204,40.70365480416254,90.72926760724964,89.4153874389217,64.9361199238096,63.816755328379436,66.93859975111057,75.69828851225823,621.9445739048106,434.7938093977822,1056.7383833025929
Company_06,Year_05,81.54641624564056,14.106002055968046,26.034839051636435,43.85408487406553,60.57234251759521,49.40574121972376,48.21513559333173,88.46789032035548,61.2047366066394,46.04031095284531,559.0856642373554,504.8410951120554,1063.926759349411
Company_06,Year_06,65.83750469942815,69.9767195425988,90.55854544648003,58.49860868468326,82.81809023466731,63.78913343486524,68.16015822126587,29.800551900355654,33.070314246934785,23.63703684573109,763.4526724482852,567.5469837261862,1330.9996561744715
Company_06,Year_07,74.96207991591803,25.001619936978845,18.015613777750282,31.52085035400935,63.942640045544394,29.039558326631337,47.173554467938565,58.7782872938559,48.130041683306025,80.41041777200347,505.6154799139229,563.9331706803307,1069.5486505942536
Company_06,Year_08,16.978711761991946,47.31819829996924,70.88611780232651,20.587718856829266,14.90561103255855,16.45095552068865,13.488808188694467,21.195063121639894,66.626481774171,65.46647583808686,331.90859167091435,494.76459007345284,826.6731817443672
Company_06,Year_09,36.61764758675375,58.20295516932029,23.513791100702775,63.84955140989592,51.77924767201917,61.59553760038791,52.971353757557374,17.248538468653315,89.28354437382531,59.23963163944328,437.64113571759464,756.01450125954,1193.6556369771347
Company_06,Year_10,71.82888127345717,82.31723421595396,24.079414584165676,19.23883572363846,45.567751982768925,64.47208696518395,95.75657870159611,67.23285262350268,75.07926862473684,62.65498214429303,689.8387105594903,734.3401105333779,1424.1788210928682
Company_06,Year_11,80.11319182927615,46.30475780497085,88.82828450646589,55.60197891504669,88.6791209053505,78.47286427831439,16.25341396430641,75.85124102226848,24.879060275826482,26.02840721902457,683.5038252944047,657.0644187262837,1340.5682440206883
Company_06,Year_12,34.12431095945786,93.34485735027853,15.855941831477235,31.675544190839133,83.72416776592989,30.76842645957557,28.178776648998255,69.37455229448744,40.659152202577104,43.30903669038952,459.32226179161415,710.8524875540177,1170.1747493456319
Company_06,Year_13,51.020873858537065,38.23491418943332,26.09269405544607,86.90010902148964,89.35726345551404,14.879244777156543,32.519096534708964,15.744742331339518,59.815374893419495,28.86632456962694,517.4608455897853,564.6276306237382,1082.0884762135236
Company_06,Year_14,54.652968091045814,48.23794620024196,56.209147864109106,12.903877337181687,75.92179270425837,74.22150709683716,85.07153661584762,22.350140522941015,35.53809357257302,23.95165225899727,526.2510538421186,360.82003898878816,887.0710928309068
Company_06,Year_15,51.12644294749381,55.58814854801573,40.57254884726909,80.04992133456501,85.95959262316474,59.31736453193207,96.94119940894741,56.551162307710534,92.21914426052423,39.93750354723076,677.8665597023288,352.81209667010444,1030.6786563724331
Company_06,Year_16,69.34196963922446,36.91084423361802,32.587979201076834,82.6478122296261,56.699737140092196,97.95018399878155,40.17687898133762,53.398731866631685,67.52544272388882,40.0811123422787,546.4606865847677,663.8198210560984,1210.280507640866
Company_06,Year_17,10.434845160981455,10.185914229550237,61.254131542553566,95.69573127827341,37.37773410873395,95.71361747966353,99.75252053515308,27.389826701575497,81.77653749269545,14.672345545010767,504.04315858417624,378.9438737717742,882.9870323559504
Company_06,Year_18,60.14717695458424,97.81384610266272,49.5934839701549,38.80534303258128,60.451981529253075,49.09734878462229,51.27452677095663,52.252730746661186,39.03165756854439,29.203163726059344,674.3249691509693,265.3420443361023,939.6670134870716
Company_06,Year_19,96.58053990509862,55.76437541446408,74.623132237739,72.46851390757168,79.82143835467372,24.733226917876305,87.30597353567411,18.54626583444059,10.80721073052712,58.85237909123242,704.6620334450433,407.35841654452173,1112.0204499895651
Company_06,Year_20,22.980991205767676,84.97919785894919,63.722794752774995,41.59489373773387,74.6497013826543,32.97647529783604,65.75118060533327,57.79835921366491,87.80052766185382,17.090623238398564,576.0515302072116,255.13618983900216,831.1877200462138
Company_06,Year_21,27.623741934316676,23.43574703849243,28.35774867758884,31.760400659173406,74.49250654475112,71.86377707997903,55.82081543483755,69.73535396890881,31.05613322931961,13.37518514899795,339.9415788406706,677.8936918253871,1017.8352706660578
Company_06,Year_22,26.51521716692591,51.94329796119184,73.53791031791317,96.4402950592202,39.65845088388552,78.67839005056605,46.813008120738935,68.52901751489378,85.11587544199708,86.31803659924536,599.9863459436965,625.7696647352379,1225.7560106789344
Company_06,Year_23,97.08866106305949,11.388306666720357,16.686159101984185,30.42745879427409,32.03356119482946,90.35163369805926,71.8741942840356,23.96554631378543,67.00726482000033,96.9385720607816,475.2998442157261,573.7617493119817,1049.0615935277078
Company_06,Year_24,90.93544329413655,34.79020059264149,74.06845154318911,76.23633486666058,51.02971753786164,25.754662997394007,78.52860383414661,99.30246753046264,64.55942403893528,87.71619125816181,704.1611421387045,655.0969489378638,1359.2580910765682
Company_06,Year_25,55.556851502785165,71.55529787724093,35.59766852902981,18.478997446516715,10.826121774682743,89.08461711835415,24.01597511965769,63.556975550767454,53.403536079085704,62.68042153188812,514.3224850929018,743.7228921369336,1258.0453772298356
Company_06,Year_26,51.299599263428505,30.428557459500308,36.47290754177148,63.85991904182035,29.307304004056164,62.29796813962007,72.76497636814051,22.060535196496,19.905742192243316,79.80628246165666,419.4335681561829,738.6854346575957,1158.1190028137785
Company_06,Year_27,45.65574982718477,15.635561076322448,89.33884440945438,73.19554400938631,27.16490623583063,60.26043105538801,68.5635688084017,40.110433191638805,57.12076674576605,22.02104641857516,562.6466450585285,777.1712623048302,1339.8179073633587
Company_06,Year_28,98.34437420896154,58.41833611927969,14.187813341487832,68.22732087834376,32.69147651845129,35.3941934551836,14.442913271416845,26.085877019711965,93.56094722268774,53.71088559516377,527.2107157756304,661.3964502348064,1188.6071660104367
Company_06,Year_29,14.290070336094075,40.06314000306433,69.10012625700084,72.45553628239952,12.623633328273772,17.967368928063053,19.70968123377058,44.51842253707875,45.766276353936945,65.44991826778144,388.15977258057876,465.19862607384994,853.3583986544287
Company_06,Year_30,19.842574050669327,49.4743453071452,28.90520347675022,62.60586956248733,48.21619833046209,68.19195859964208,96.07754280328713,70.94639746807145,78.02637262509711,40.87367899008335,526.6509815970661,479.338733088595,1005.989714685661
Company_06,Year_31,95.73132522006888,47.25219828300521,22.393389649496655,92.57937151649048,48.29652773232525,46.822445158048886,90.81950516306296,28.000481435407647,57.61825036356053,67.19863790952424,655.7106304460332,676.7748110319428,1332.485441477976
Company_06,Year_32,44.151109663505444,41.42335972303841,17.76282986118638,32.707315441318556,83.99230562081416,98.33629455077013,64.68582099125291,13.900628074983752,15.497839683369087,38.83281332158518,539.4904743608801,200.26310404826918,739.7535784091492
Company_06,Year_33,71.6044009880871,69.85764748858446,69.31894399866671,76.17251705981717,61.56336304217681,18.917880987042782,59.019925020126195,81.70047655812056,47.17733453163911,98.84921516543476,673.081444798474,475.0506590955424,1148.1321038940164
Company_06,Year_34,37.43329557086188,71.09334735579671,42.34930686490555,47.47481689112855,89.35707442807914,62.606672797643505,11.823019133177645,61.800926321153426,26.24687609812997,30.496299210543523,577.3717553972474,240.80732118517682,818.1790765824242
Company_06,Year_35,79.81912155730454,58.740770155959446,47.19563034185963,33.03252847889842,12.62789836910532,72.18063564740507,53.451683213678606,58.507944447715836,78.16258190304255,32.38119965310236,573.3988982008885,651.8008117814725,1225.1997099823611
Company_06,Year_36,92.77372820974198,91.0411401474783,68.17861266075951,98.53663470751927,44.86522097428714,93.78538121956464,31.591055879287737,84.17703840684007,91.21626035246389,81.08124892897698,854.2923302308983,441.7619654646618,1296.05429569556
Company_06,Year_37,69.62874891082348,63.37823732983899,64.5138688631431,24.302648981514537,34.78126590355917,32.17990287858379,73.75612992536479,42.52281912162336,69.65339835887198,58.64517222562158,618.8285711340324,283.4910827132154,902.3196538472478
Company_06,Year_38,48.41288025645099,46.530760487489445,48.002591608190606,19.082242433420454,91.05875355438481,33.786879285818614,22.138611089461875,54.81176906194424,26.431640723413384,26.90764821309304,473.4922499866697,753.3997478086574,1226.8919977953271
Company_06,Year_39,33.96771520399811,93.67872152716252,67.43594069165779,47.46094346345748,34.66611012158581,87.35599738345437,72.10060608203752,72.86223390773036,92.87997928335781,95.62876253570823,657.2045471817582,259.08207007733677,916.286617259095
Company_06,Year_40,73.96847467977824,53.647651118846966,49.08757788904626,85.30908537055016,72.77607990540605,11.81631018989105,57.85327670351425,84.26582900547902,82.07716047662652,70.17757966198877,663.5152773007442,638.8867914956879,1302.402068796432
Company_06,Year_41,59.284992003473775,36.077953428026774,82.90933748669346,70.06824062275487,70.38159619913691,24.33286395923727,62.72268442555941,66.82563093159825,61.05532295425166,93.89059902510338,610.5878761073235,756.593095542127,1367.1809716494504
Company_06,Year_42,81.36814756639836,80.22324341687398,62.42020567778192,61.18486939901814,90.87338194920984,74.41030171798675,27.465879838674404,80.48876371989735,61.46368488958281,35.039459498263255,739.8134233177724,428.0140222814035,1167.827445599176
Company_06,Year_43,84.83573330957286,51.4761827812116,70.87479369262246,96.61252036400205,24.972144896304187,78.67327338847865,93.83926564173615,45.76722249988947,38.48359561625109,39.07954130719335,774.0674059822167,639.2103244183827,1413.2777304005995
Company_06,Year_44,44.59046373774321,51.46394279252199,87.16642958194055,15.64809702962036,37.93646929983571,65.06319687453004,30.271619834899322,47.193441406927434,76.81454121720425,54.21983502736721,518.8667030152984,759.4978330149022,1278.3645360302007
Company_06,Year_45,53.52911803765564,40.18692866785325,66.84827948065285,58.28256093006756,67.44146267086671,98.78503034881282,12.172117557304391,91.61329670937033,34.01574768781346,64.31472618466998,593.9942760539757,203.30135756118344,797.2956336151591
Company_06,Year_46,67.91024315922942,29.2601271502809,98.14958181764057,29.860614348863322,96.13668823427278,63.52259078751409,62.768413219075704,37.387819212221345,21.98822845532927,70.64142215228719,666.7381767389143,616.7426844887141,1283.4808612276283
Company_06,Year_47,17.95371470334438,77.23681765326289,59.64708111264035,77.3251209745144,64.72923609037318,50.320597033625745,39.69076929494915,87.41542343230691,77.95820092890733,44.23502006771595,575.2251341268865,621.425789269618,1196.6509233965044
Company_06,Year_48,43.89135800385113,98.39143105501441,38.02078733548021,28.342270391368153,71.19054594934451,27.450378282101493,78.3602051082676,80.03188885803593,88.56495721603578,33.33873722971701,584.6064549873836,731.0217824751034,1315.628237462487
Company_06,Year_49,71.85385673854722,63.97005192502752,80.87255717913823,20.072797537599058,67.22749478602428,76.02524524743237,13.145599473019246,42.251353065717524,87.86402746165176,80.09541857839257,634.2690613814149,287.1957914500439,921.4648528314588
Company_06,Year_50,18.35473791342335,99.64266539897312,77.59613595380462,53.07763453379955,56.358933587740346,41.460905446797504,23.82566891944439,87.18021325770695,45.15704407439104,33.092928744542824,593.9121397114895,653.402082105323,1247.3142218168125
Company_07,Year_01,88.30643877441273,25.620318378997048,49.79530347800651,51.93027896674629,23.543132795907965,50.26824087230899,82.07187859514721,37.937955630916235,34.361747821905226,18.40543811774908,555.5487755371491,593.2107216209886,1148.7594971581377
Company_07,Year_02,90.77332590570155,35.38778912629584,58.62150204900505,57.54241807774492,98.20262391277173,86.85774675076337,19.408126071572454,15.484820005721641,60.93632974355886,11.702911448081718,615.0920115173037,231.23381277906822,846.3258242963719
Company_07,Year_03,81.6162724561767,49.40564569445442,97.3262741218644,25.85215556771867,57.03073646522783,12.837253108680875,18.7707090124766,15.065514737597434,34.080757032171206,82.46905708855718,573.8610584587636,655.4499344692792,1229.3109929280429
Company_07,Year_04,51.99544920530492,97.98949213186559,40.43557919270606,18.095465261021282,38.379126735553236,66.82846827239904,56.5275733337468,38.05505401374974,61.707690089120824,81.28194528722248,602.5452219542336,361.07842362330695,963.6236455775406
Company_07,Year_05,90.9023086111353,34.25166061577545,79.3097697469103,27.793913598816427,20.15565260046348,57.70501803885356,97.04264282884695,42.37080528222321,50.52697098155084,99.34148886139643,700.2647520388983,541.655205240866,1241.9199572797643
Company_07,Year_06,35.52778380794288,94.7899126913932,43.44165032836169,34.13517252843455,62.972672324034015,48.683631928708074,58.338293222073055,93.83419464729536,87.59246147675886,19.7297140513678,564.6224550823842,566.4919579145903,1131.1144129969746
Company_07,Year_07,29.61516038720284,51.06863341796932,95.63056767426966,30.029082638334046,94.24818443948334,39.03094633819636,84.36053088040832,85.46429278237537,69.55740346326317,18.836036301177376,652.8665088428297,270.3912475888851,923.2577564317148
Company_07,Year_08,24.6256022436361,92.63107781211916,80.22852824054732,41.00768749360654,26.85727377397644,39.02533702097509,24.6035412794086,68.34008853056477,67.36952663919317,17.877189577073434,529.0897162201783,528.7363938192018,1057.8261100393802
Company_07,Year_09,97.23016344295006,44.30893971108888,96.60822182684335,14.900801019703394,26.417601513140962,23.884077081367536,82.44634482074875,34.42173614805077,31.13110589846982,88.26836173569427,607.5765802499533,282.14045631285325,889.7170365628065
Company_07,Year_10,36.200286670077986,50.905791477544575,28.753942268166387,22.434034825842414,35.72011982461035,54.08508325728204,40.48254074227689,14.574348294747702,51.63526766553764,55.72444409484479,364.5470118186012,770.896072834871,1135.4430846534722
Company_07,Year_11,44.708238191954415,53.39970723095923,58.5964795937017,31.579222055300708,16.61197563499571,84.85099442410325,20.336474991767204,69.00818156026932,93.98569977263098,24.959076455885608,454.34429803514496,564.3542990701644,1018.6985971053093
Company_07,Year_12,10.650692804474161,24.853345932865274,48.952777335495796,18.94026588853747,16.72314290204963,61.55328914211083,64.94337110990256,64.01913438578194,12.756906757746307,75.60004396983638,317.26102404016706,679.0538201394809,996.3148441796479
Company_07,Year_13,90.15773432852767,70.87740082855977,42.050049452517456,11.751510585297632,29.075292009971726,15.966003620283958,54.637940368156315,61.87964787460109,44.08267987593922,57.945981381384385,596.9952005139486,344.227271145586,941.2224716595346
Company_07,Year_14,65.62073445976918,80.25569949214616,92.65739498796182,83.76975690356679,99.18997182684099,40.55704458382681,83.4363531185535,84.2932283742997,98.03084815579403,27.241299015230826,874.6365362087452,351.30092114969955,1225.9374573584446
Company_07,Year_15,78.4445234746176,47.77157170682118,75.08351018691747,45.605263862811526,74.3339400316143,63.126772153055654,47.43413127551337,39.158245590078565,20.014286948437338,36.80545055876843,655.2247134657606,722.7215152000118,1377.9462286657724
Company_07,Year_16,45.95071911166421,72.05180448533194,67.4753086813829,83.7302103544469,29.159355712354678,48.12391455183054,58.11514547422646,35.3226913014027,75.99590149501229,50.55326907594319,633.3081811905762,473.9670529880647,1107.2752341786409
Company_07,Year_17,83.18268377518231,75.50788316815242,78.58698604929886,37.3534530261907,95.68957919403294,48.55139895483742,82.37740897104342,18.18297138906732,58.9411905344961,67.2216342492724,753.2806898123903,349.03525432172637,1102.3159441341168
Company_07,Year_18,58.94681004514678,61.20492721927189,49.95096894073972,89.49600814591753,12.033037180450698,92.97225375396036,59.52101307100174,72.0018069954393,73.52403530266422,12.846126901028864,626.4490719094405,541.304210882367,1167.7532827918076
Company_07,Year_19,56.758327269901315,84.5430543297979,11.7315909664439,88.85009311461373,45.18122732846846,26.453541223842006,81.14397596683169,49.196536349619365,59.23847800308395,61.3883236367668,544.8319982740893,292.9313457354436,837.7633440095328
Company_07,Year_20,82.2690468222594,74.32421978594658,40.020271492917786,64.1939104895099,22.01108097561726,65.46381750305349,69.03025839581535,92.73803191030704,38.27026475109528,79.32661764501688,651.6226282085887,495.654192220483,1147.2768204290717
Company_07,Year_21,69.82243951293667,60.427178701975286,75.50199897596895,49.67975408308922,68.6275753431494,87.95225464104638,26.282822981616036,39.12681722558426,93.76009281207007,97.98059575316317,694.5109989355981,392.7112561502719,1087.22225508587
Company_07,Year_22,44.64581685552991,87.84238434766276,14.268133191194785,98.56524281182082,66.7222467935191,39.7459193361897,37.377241700153135,73.70393075136174,42.08357822414294,48.55959988709172,543.7158436809369,643.4345739310667,1187.1504176120036
Company_07,Year_23,23.67315565084209,78.07000075603183,27.593203915661253,17.884600779065657,66.08913996979632,58.99327307369646,65.27257362107937,25.414935999514537,57.22559879209516,56.88518220031911,459.5363689953911,586.7839497067337,1046.3203187021247
Company_07,Year_24,72.80518800884204,84.41248483552023,92.69928665148217,61.833643754574446,15.547761532490137,38.72518203315821,96.22071128393705,32.83852882047755,58.79104652327266,26.007565440883006,717.9522244505952,219.01142502098793,936.963649471583
Company_07,Year_25,44.76082194636487,67.96799490968833,63.551718937905086,99.91989832433157,66.05465366977509,28.07869225717585,39.86260043430854,56.3310987202324,28.355648660612317,82.97266248931653,649.2321418002846,688.5464997090066,1337.7786415092912
Company_07,Year_26,43.40099468089075,16.21382249866497,62.35243647808175,50.26371773339403,66.0869740935787,25.565250303283232,26.237055307350268,59.45622419943258,86.63923809286025,48.48371895956999,515.6931808897141,695.3807266409625,1211.0739075306765
Company_07,Year_27,21.544043100908688,22.095516306589303,56.04297539725714,21.37850172758262,72.43759124715041,54.32588105290032,50.15633803413944,34.17468486208097,75.81370793745326,14.44170741829555,372.6928518542874,293.98854759590864,666.6813994501961
Company_07,Year_28,28.650923149819643,47.57175605969268,81.60276182291167,80.76973172644496,38.825988098881716,83.31533464655739,35.39587582167968,27.541133759825012,36.85066472044524,43.99544884060245,509.7304603466266,748.1025873395571,1257.8330476861838
Company_07,Year_29,14.769215010187352,40.64913656217631,70.40896056932533,49.25537479679685,42.123811925878904,27.80962742600953,57.93146992658151,48.800905835639135,82.53552604430656,55.67529870457106,412.468459949694,651.2885361557076,1063.7569961054016
Company_07,Year_30,83.55368504739373,10.135964714830665,80.29737371454925,11.593331151984108,50.460131021781166,68.53363689058759,36.69899207278721,28.709158452362107,15.819902801796822,59.04689943609029,541.943989597193,736.2598063530099,1278.203795950203
Company_07,Year_31,68.21160187935278,49.94401181827462,31.611144906271804,58.74771412260037,18.733753206916326,58.39852450819108,48.91711970655154,74.77379663404759,52.53338080956177,46.65604771649108,548.7964029579109,559.0230053884884,1107.8194083463993
Company_07,Year_32,19.37114988572641,23.931823274932174,61.05981900209083,66.87423400933551,34.75928684381887,89.07353220916092,67.98091902523797,66.34261292362498,65.9274591529789,44.931388395909046,448.7418260113649,670.3299777528807,1119.0718037642455
Company_07,Year_33,22.262511271510242,62.93678218934423,86.05194715894805,85.48404489941653,63.42980708023767,97.79482178098763,79.0530624309186,59.361043220544865,59.20325323915057,30.4440546960894,668.1544664326739,349.27010851408414,1017.424574946758
Company_07,Year_34,52.081233119463455,22.73684757689932,38.301247112021386,13.490448527819558,47.355726901104624,77.84204067088682,33.649982374083805,91.88021230262153,37.37865554951223,89.90580937838679,460.45186338074836,725.6667479047401,1186.1186112854884
Company_07,Year_35,94.44082932596827,41.86811537293482,88.29512602855387,31.285802374027224,54.48455334051909,61.3097983013763,96.64109412866117,36.463650615399104,27.46310484095698,68.89364501460835,688.4429324380741,633.5901926293278,1322.033125067402
Company_07,Year_36,59.86122580848807,95.75141283568081,46.65525411305654,38.02680899672752,76.89396719467625,72.59682350373747,48.61185670268032,81.53947366767693,10.123031106197104,43.43358481207703,668.9220734775201,467.3791893132538,1136.301262790774
Company_07,Year_37,50.20051689506363,95.2240386803534,98.70757217152824,68.16980080093165,36.636519244628644,75.10213611381715,78.82165216271893,63.95504862215117,84.9996394618605,96.85471377245219,767.3543021062185,525.0738078053325,1292.428109911551
Company_07,Year_38,45.00786953846523,98.70898898220085,69.02568139939788,68.27135756648062,55.90906233883347,64.54704927046198,99.96144034792668,57.57772046569545,63.88081000513104,18.38476012826693,715.7936845990303,557.1434925502643,1272.9371771492947
Company_07,Year_39,45.14493546192405,27.33400642878051,25.30916527942559,36.286664180070474,68.95517467757128,79.94419482523534,45.24191182369457,69.70674628443518,51.14085088659478,55.133496810877,485.52090571447565,203.28342276852317,688.8043284829988
Company_07,Year_40,42.73392458993659,43.10594512011721,54.258583534239754,61.26423908058048,88.50043499630752,86.04733318048892,31.917957323197182,28.593612033927393,68.98358470209703,94.2657293973448,549.107085835524,683.9437706222384,1233.0508564577624
Company_07,Year_41,49.4289233645617,77.36560784968385,73.20081226906089,96.32040183646707,37.911240952549605,17.792124550043575,18.051262792730185,51.97541148834991,39.71486471249608,54.11163455547247,634.9885564038552,231.57058557040335,866.5591419742586
Company_07,Year_42,75.14793967889821,39.771330573272635,63.10861169243499,17.834399215923824,87.39447278706785,96.14226367815222,60.96402137900374,81.97243086553728,44.73609391611727,75.3956395808807,659.140822505551,208.19541353692478,867.3362360424758
Company_07,Year_43,80.11061853624129,11.87380509195863,66.97989702031072,91.04461649213451,15.962818919125162,15.68377330864339,81.64043744285401,33.194327130681685,45.991115594617554,72.46287387917329,570.1822793478701,341.9300938986368,912.1123732465069
Company_07,Year_44,19.219454034969964,18.187050871791936,20.32995643038886,22.718493860257965,12.276638913856154,70.72612284133255,60.57357766797901,67.36262621208724,96.96352693597345,72.83776406193513,297.2127280667563,631.3162644835713,928.5289925503276
Company_07,Year_45,42.94902918159338,51.767204275741186,95.52632779953719,68.42547994938009,68.00912622688571,11.23095458727567,64.17632971484997,24.134409289035542,44.37295178862835,10.822104550826475,580.189896996981,240.87740389521656,821.0673008921976
Company_07,Year_46,24.186195468875905,62.549723327009225,19.739385149153023,43.2505217176621,56.688301332085544,93.73588992120551,38.40334141263243,25.221977965077414,34.79330505571481,21.560708534039954,479.18464145444796,762.216540764131,1241.401182218579
Company_07,Year_47,88.99320804878495,22.605057684477558,50.7329960635571,38.92238838729236,37.77446043224177,97.43094280459599,75.58849382016747,61.45306521047465,59.80364905267672,12.737660214724295,557.7448555568408,384.8443239456926,942.5891795025334
Company_07,Year_48,49.21001395981279,91.40204979820784,61.52529038407853,86.59534215757739,75.92174643956385,14.691661184216153,76.1617351507931,66.04630358621444,39.82954660859691,60.38642093239171,680.0342193857264,302.8624269394262,982.8966463251526
Company_07,Year_49,29.703063403216458,86.40779345283535,83.15923257787824,85.95190734787282,76.98499167713575,46.90760177411122,32.874879478217245,59.199297891935856,81.35902771289882,87.65627062443502,612.9180839272447,698.6120595335537,1311.5301434607984
Company_07,Year_50,24.096683996319403,33.79047034073365,51.48174101718457,69.88683923933165,91.57306276477671,18.17514282929158,87.09081733135338,85.61279887071976,11.00086308338095,81.81325994004158,482.0275486485195,302.0032820459803,784.0308306944999
Company_08,Year_01,22.022831514210218,43.40002407332675,80.5277550939765,71.58905428307045,11.73997088805881,45.11977637474146,51.4496669576691,86.5568751010463,37.07448535104012,53.36597307760337,488.4020685098879,759.3515801108038,1247.7536486206916
Company_08,Year_02,17.24317479748759,18.378573247695584,92.1542539695953,57.0671868846779,10.514337426045515,22.014464099717856,95.04310354071967,68.99821377047546,72.81461163493996,89.10429786175384,417.1571460398385,206.51671797349437,623.6738640133328
Company_08,Year_03,40.16954749713233,19.866086917143438,50.52573749977952,34.5545233129026,64.62244065164074,90.70569590251431,50.06864373968192,57.07630170898021,30.62508692659532,41.042741395414275,491.5320879514994,281.02406455290327,772.5561525044027
Company_08,Year_04,39.06498719699046,70.69680486447638,50.00365825594239,94.90513536202596,21.695911395453674,37.11781867519327,60.743397410409635,48.59981773512398,28.231683079851322,11.617982527361702,568.4757836193319,386.2116347266267,954.6874183459586
Company_08,Year_05,66.41529792485662,50.3085612051808,27.940099152595536,78.00874583794517,54.173969482086555,58.786663076236664,39.51309165841063,67.52980669348332,75.61730859700748,74.28718663329192,585.646798473366,618.0744613243908,1203.7212597977568
Company_08,Year_06,58.8451656497558,49.22407780420336,98.18735283095478,13.008249626062613,39.08990183853942,26.732550936913963,49.6742503742105,89.62873066112094,80.08627051920479,68.04729103069349,553.8590366153534,463.0347023306099,1016.8937389459633
Company_08,Year_07,15.405305602620308,21.388612871353473,60.14607151836561,73.76581562377797,41.740687093388395,38.499180511211364,43.921900986129394,21.67485771527061,70.27650203420751,71.47018603158861,380.39182992151615,682.4436851816615,1062.8355151031776
Company_08,Year_08,24.232131605319815,34.924760245443466,62.71293638287345,47.39997903393258,35.13122368697993,99.12001380183722,74.26746743054001,24.699736051427763,71.83635454181106,14.59475778564974,464.7233050752814,217.21116158892602,681.9344666642074
Company_08,Year_09,26.038918013286082,90.87217130030378,17.422814160880044,59.181665611217774,45.802578329485456,30.515135829532078,38.39218058883398,26.780695247879933,13.822281068352082,76.60240688401731,446.4324260820066,374.89959190428726,821.3320179862939
Company_08,Year_10,47.87487433639709,43.93367538694549,73.12145675494796,62.93330235992087,84.04551277379323,30.286757610917913,88.08829869360224,99.09596796976473,85.20810978725716,85.38572777022522,593.3546683583122,705.8934926672976,1299.2481610256098
Company_08,Year_11,68.14858992032256,21.663219874135486,34.668162651869295,52.03281005665057,92.16059222475803,67.75476861922434,53.70362765833745,28.526410080700224,87.18684980888202,57.38834430387893,608.4502885460519,783.4436032067492,1391.8938917528012
Company_08,Year_12,38.11916301182299,86.63497302044593,62.89924942529849,38.31290487748056,90.0635988189181,31.459798059995272,44.53775808347542,74.57843552985916,99.40358291266705,88.14945814114407,603.4215648057043,449.61390988844346,1053.0354746941478
Company_08,Year_13,63.63117058858969,43.39632214757909,99.68705072072382,13.651085367057401,94.5725281539762,10.135837677132315,98.3746397317147,32.856105792580095,58.806342940320924,34.50768667305411,652.2048440720381,735.0003843664841,1387.2052284385222
Company_08,Year_14,84.91554081764511,42.08330695378897,54.31892304837891,86.31193910961971,62.970824265920726,81.730361906416,83.39042662308324,88.6096780849101,83.4493514569896,70.50522359124662,751.9985328095223,271.1631228731535,1023.1616556826758
Company_08,Year_15,30.971423797198987,36.10653500928313,50.381108773419655,95.35615883139796,91.49022628284544,97.26328085055651,10.846604102793215,13.292746983067445,50.33765728142106,24.226382733929633,528.0712300709143,358.55410840518516,886.6253384760995
Company_08,Year_16,52.67491620833215,21.382337521809376,40.525398680691,94.55680560683932,20.117270046771857,46.32979288413246,87.87628319513148,66.47169685639479,37.46213431021902,97.28306302030337,571.3687498070541,277.9036397672357,849.2723895742897
Company_08,Year_17,34.87944565466459,48.78546670785346,36.75469892637023,43.030503375433156,63.62587803829225,49.47658879119934,56.62913160554561,43.31276838620414,91.6348832463945,84.80031547605016,427.2186895266293,648.229893766581,1075.4485832932103
Company_08,Year_18,30.58612903370562,22.940544096459558,99.13874568576641,75.61940376561607,94.15592350131904,60.681828782403805,78.75709462833923,90.79240852021827,87.46956790725694,38.59375529325182,582.6780422817842,348.9031269347075,931.5811692164916
Company_08,Year_19,25.54572442112042,98.5246651104176,78.82490607834555,85.28333218462292,70.32850790477794,62.09318953882161,17.390259280673963,97.14066962926039,37.13175630827743,98.30697661125146,679.9841186318766,553.4188438191452,1233.4029624510217
Company_08,Year_20,67.56726690817655,17.26207812002596,54.987854377412226,30.877822717797287,71.03983577256932,18.161565814507462,51.528874407588084,28.886968516986567,89.97348551447168,32.75194010557564,444.5617465988235,484.74035409923727,929.3021006980607
Company_08,Year_21,97.88672437174786,17.879413220739245,56.28018654448776,94.95698182753297,82.1349170846778,93.8465572678516,95.8971256723278,39.79827299857258,40.50427892737578,29.204069975482447,759.6633517863547,439.43488461656705,1199.0982364029219
Company_08,Year_22,16.25530909226989,33.47153378229045,51.61486013498356,56.29073977687518,19.063804735326208,98.12253322173153,48.20207863790102,15.96578206101205,42.925739794768056,23.60658323992952,389.4243555341866,476.92877372441853,866.3531292586051
Company_08,Year_23,63.33925968566013,71.7380067630282,27.677361116355076,51.1220086270598,99.27908207544138,66.46711815711816,57.68913953968196,56.636168955367914,67.5767399165549,75.21553683844658,665.6777475888472,795.369371797373,1461.0471193862202
Company_08,Year_24,93.46266989509739,93.4912490873974,65.3563484885004,25.325433264398566,36.4589185731118,10.98381621217687,39.61425642184574,10.14998373061908,49.815226876849025,82.83794237415454,620.6387338982779,514.1462112306195,1134.7849451288976
Company_08,Year_25,12.592949802146997,24.357898161269567,16.382848824748482,44.628633723995996,84.52901808974354,94.85064832973003,86.63650666153939,75.2860239230345,90.30981104870027,57.018650144385745,448.07515896195537,571.4701547424843,1019.5453137044396
Company_08,Year_26,54.24967528176756,33.88228275733702,10.450385522624085,46.75300908560644,62.91158610449241,83.19445454074054,86.45995220535053,49.38168705822154,20.097671239408385,80.21620722917578,472.9776590840104,591.308344050394,1064.2860031344044
Company_08,Year_27,68.0340133240656,29.091884668072836,70.4647987555719,36.175384513425804,23.59959011873367,66.1577059512933,55.72352185884143,41.94528511086838,56.549647607038764,79.31844478105064,516.6037396572892,324.9599754194391,841.5637150767284
Company_08,Year_28,30.264607490816022,74.68064159029436,95.96830938004763,80.74277933237938,25.19704638653845,20.992753862220837,38.92943773588952,73.08866391928922,21.334784976439,25.083112942501803,529.6980109549985,727.1955567437367,1256.8935676987353
Company_08,Year_29,45.81406359618173,34.86885543517036,67.22515600258825,58.56104782294945,66.71508632591008,95.6607550332815,51.929342374043145,83.20595641941571,97.13594791241957,19.359023591787498,566.0350748936427,778.7296303211568,1344.7647052147995
Company_08,Year_30,65.90278941004092,93.08528924226171,83.2756592180232,22.818564645391813,81.69599668159415,25.431970203737883,46.11152165962129,70.55169146730495,64.73668995535097,42.917246091266854,671.3464713756703,684.5194891630643,1355.8659605387347
Company_08,Year_31,12.836959584233597,85.45896408634017,25.383271462054005,75.57832099705617,46.157276355725514,12.760816759058772,52.21305692557167,44.33064343682694,15.895845482479487,99.10570288351335,423.08277537889563,654.4906581316623,1077.5734335105578
Company_08,Year_32,50.4864852163753,18.608849036359587,46.3209845485088,18.889661714785355,41.67197878636604,78.17821180562494,50.47050902492923,66.80136084237671,94.89735804290015,79.3358793542204,431.37131911174765,604.7089669410517,1036.0802860527992
Company_08,Year_33,35.65789050009184,64.98197796629596,89.22902033721617,72.30970382580928,46.271674803101554,21.53805234451891,71.17793442451497,82.28191725129157,68.86751777357145,29.028201694180073,619.2402954003063,518.2604629607515,1137.5007583610577
Company_08,Year_34,36.206480340207634,45.558964142731476,79.67857189187022,26.54938250693468,26.252248305214973,67.02865706689234,78.6083980853265,28.472142153804448,66.6566805258685,87.57830100146248,457.9537784575322,254.83453114391583,712.7883096014481
Company_08,Year_35,10.851310172734935,11.261967324956643,49.18949840879215,54.03180461923854,45.36898007224134,91.85754466694507,67.71144261001959,80.5408370644754,60.861904844264124,81.35680349367242,403.6106530382052,745.7826256825592,1149.3932787207646
Company_08,Year_36,77.11075385506456,48.711845201373805,78.16082945409113,65.87331268767943,34.178121535985,92.72357906676172,25.96979585891424,40.15569795631783,72.88467482855447,21.709555789678298,675.5465158792518,574.6616260740286,1250.2081419532806
Company_08,Year_37,28.482511691868442,11.111911696818883,17.757854023096172,68.62984596775283,90.19159586631562,47.70885977416818,73.08863634417872,29.487292850341333,75.63776429646174,37.71883478775776,423.8341781668425,392.2621750188665,816.096353185709
Company_08,Year_38,25.288403675397923,96.95786308891176,92.27724345781229,91.65420838637573,72.27848258025482,94.01098262535095,10.423197698576693,74.92516815302321,20.011443749274093,83.13138746677241,724.4544040728076,535.6372280740825,1260.09163214689
Company_08,Year_39,88.32940351571078,36.12537407850587,40.99554598375898,71.74265312345406,41.69120098924362,10.8363853684892,43.7301808808396,84.0153243273133,45.85922418432257,15.902520273345772,636.5882473812483,392.9352035828996,1029.5234509641477
Company_08,Year_40,83.84708276476222,62.37830351759767,75.72568135042053,42.797564043166346,57.36395707275879,43.59029441739138,16.113816192671976,31.139055955656325,13.252010270895894,30.188054248445926,600.3747053228136,259.43207484354883,859.8067801663624
Company_08,Year_41,10.61971226843588,83.77871273334186,29.322323406352993,12.19616844050757,19.82821452204783,58.71203583074419,14.711733141161567,97.5468262107689,90.25784006539742,36.625093809800006,332.6337982733605,605.595607603482,938.2294058768425
Company_08,Year_42,86.25649304787405,47.970090920532854,81.57497269506769,35.210605243800785,80.80894500187561,33.509908407965284,55.22899711895736,23.541354793277357,98.57313457478098,82.43346519807625,655.0219905835453,426.3433782375722,1081.3653688211175
Company_08,Year_43,56.99485121946104,99.13790895746341,90.69438352297101,64.71067006374531,82.1153102247421,57.19291794985579,32.92375216757674,36.093141681017364,68.86749228443986,16.305947185529867,763.9696678150547,613.3392055561862,1377.308873371241
Company_08,Year_44,98.21137702215253,83.98030218596897,75.71571682863788,58.441425461516346,10.238279842205598,68.22597319354806,13.805133161652922,49.40652214926951,52.77854328655277,22.028868486231623,719.8817495185608,362.33081874122024,1082.2125682597812
Company_08,Year_45,61.67149919944933,87.86419142551917,78.90466104822269,23.268898882527623,94.28655009997527,78.31224104758304,29.178242954552207,78.93376536783524,79.56214885852302,35.0285240258746,728.0764701060975,719.7449381128073,1447.8214082189047
Company_08,Year_46,79.54839470237651,89.62775322072685,79.38881708310377,92.43250231372814,48.105844395645846,83.31429294381915,56.15534536143361,77.29141108285816,91.99817270898426,67.39504281014365,827.6196787786552,233.37799617168025,1060.9976749503353
Company_08,Year_47,62.73504741099093,10.949293617010817,15.245675667927197,69.23409977880456,53.89791281652809,90.38845618096855,31.677951421707203,86.53726744818067,11.2508357001228,28.971560903418414,506.11637820889905,439.381719916782,945.498098125681
Company_08,Year_48,75.53143619225145,64.50645548624306,34.61348591305251,99.08929227702836,84.35763874615388,23.0478086913917,47.07162205083411,60.783733584205294,68.41818960147228,92.20721240433437,708.2918662942138,651.739204517715,1360.0310708119289
Company_08,Year_49,88.34990212517907,28.062517160723818,37.3731336296644,56.49470838211042,73.89626354845106,23.457560274307596,78.41369588891256,42.39200126913251,39.17434893319185,10.936536102196262,574.6073487305513,362.8407390677564,937.4480877983076
Company_08,Year_50,42.87757873680189,62.82292177305198,24.603180665623555,52.138411091585,97.49840183387394,99.49040217605153,71.89355660731869,93.91423839315428,26.011640578655634,62.96914363328056,603.7120427032132,470.58835070915217,1074.3003934123653
Company_09,Year_01,29.36181761826351,45.07556054388084,58.231390644191286,46.98121706250684,94.78245092010606,58.45496007850525,98.99867577431563,14.1151636362252,36.083556166260436,66.27795035013128,572.4486487812051,481.33888991704174,1053.7875386982469
Company_09,Year_02,10.639089769676731,45.972961943205206,28.8240821772554,43.47801086018697,43.56072514872659,81.77213984850394,49.43167379906527,41.93171497107125,43.354458371456204,48.53426931948932,357.1235329486769,348.9264198084291,706.049952757106
Company_09,Year_03,59.53721237060075,42.38654537235975,61.06425340200826,92.37968131397535,26.923331030326075,96.91835333699683,74.96150831279695,51.70609985503782,11.858661022742295,51.10567914805052,649.9998824992344,238.51911306862021,888.5189955678546
Company_09,Year_04,67.75335198603338,33.54230823272995,35.55886250520144,74.27022241012476,66.68546385612035,64.84697660031159,63.54797236528874,23.734244161239882,71.68319493763406,92.34117945347501,570.4246160364705,545.427711006337,1115.8523270428075
Company_09,Year_05,25.491811012723275,99.3267412899939,79.81621285256244,58.97090710947823,34.42370195448818,97.28060378441342,94.03963865471543,23.444697870335652,30.902937337492215,21.34928644889701,642.0544145394318,703.1131974248456,1345.1676119642775
Company_09,Year_06,18.94433392485137,83.75738590355267,59.191161180872264,65.71932970893195,95.33367916470455,97.10486401973841,31.23334533262309,96.48892755528493,62.095802551948296,14.441396906613383,609.0602084933694,693.6416120197898,1302.7018205131592
Company_09,Year_07,26.941376615766927,19.756289970038406,15.983318257829737,83.23046621031132,15.581773973708545,86.00969436400496,78.05409435747941,81.87590438867956,67.12603784060698,88.98163204834246,452.5795626902731,778.2163957165368,1230.7959584068099
Company_09,Year_08,84.66178110634047,70.84354447933546,98.90883293655926,20.87082546170412,21.692570510105604,59.96516245474911,65.78472865884521,39.78195232192955,39.67302626611199,90.22703040185215,643.0097198252064,252.35358387159366,895.3633036968
Company_09,Year_09,25.952543633485536,56.25213201351757,49.59327640352757,53.82073885509161,80.19916454273381,54.98250195361924,14.88792545376893,64.83126869253755,45.25297178032124,26.432258745492447,499.66631265280074,327.93160283319264,827.5979154859933
Company_09,Year_10,95.35879427110582,70.19725493872956,15.590259384976868,36.0686033398463,42.81009930413985,46.96907167544361,89.42679261097224,49.015638754295864,34.09350477086725,35.57463486108988,591.5457767851726,687.4987350544438,1279.0445118396165
Company_09,Year_11,53.49847269088849,80.47712501916885,35.83288668139409,73.73963384507954,92.14950819755182,72.06194968814623,56.75597937211779,41.77058605139611,87.432237330148,23.44056499146625,689.0161007549787,628.0474556203941,1317.0635563753726
Company_09,Year_12,61.60022237745876,15.593423094703782,32.742668733110484,65.42175428260194,18.81404696210923,38.25857327620234,56.07530461458861,91.37066145055687,28.076983167016763,32.2300890068353,502.77633818207295,290.31835548013964,793.0946936622126
Company_09,Year_13,54.79759633164963,61.197017727613954,26.079904479564366,59.50189149426948,39.88367051969394,19.037367834999728,49.92535883632137,62.37142953599698,65.77757042587149,51.22587837384549,546.3002527200716,757.935132927857,1304.2353856479285
Company_09,Year_14,69.9342682831935,86.29072407379276,89.71209027258394,29.249124444955054,70.685725709592,92.05386192134583,22.158926649974827,55.306014147644554,74.26813773171557,51.17054212246023,692.2129066380737,546.3818185730527,1238.5947252111264
Company_09,Year_15,88.37675836994246,93.18953898886677,81.61467738641085,26.585637558769296,75.21644054178098,45.78982157481845,80.75254355767375,93.04973170139668,79.75538374355193,39.28478470785474,799.0197448271304,709.239546705159,1508.2592915322894
Company_09,Year_16,37.6861706323448,14.79768327235119,20.080803445421594,70.67440202488257,88.67811600405476,74.8723949984958,42.18581187840965,46.91776797534917,88.96173535924146,40.17418391710943,476.3608153844797,706.8972388790794,1183.2580542635592
Company_09,Year_17,79.11297265037545,90.09883742680724,44.58963973278923,75.5877432837836,53.167971761842686,60.906196681825236,11.268399814005077,83.32638153587007,22.18502724174756,44.41384667010851,726.41902893148,225.5015141030484,951.9205430345285
Company_09,Year_18,79.63812015922441,47.62050492549947,52.10137311054979,64.41770054047663,55.320227364485824,68.1963517529976,26.977975152227675,91.1990399011743,62.04683514116784,73.15307792919951,684.5321525063652,249.860818914799,934.3929714211641
Company_09,Year_19,58.407326335378585,86.5772963035293,57.429409495952775,46.36210512377534,80.32956702370905,38.79601058261941,57.89190220285709,73.40624540520122,50.00192563547686,37.970500115539295,671.7651739544348,393.4720347553834,1065.237208709818
Company_09,Year_20,95.49828631928072,30.290184182756317,51.42423008587901,87.8492092747996,78.16341810973756,40.35394138679999,13.21342922618669,23.351628968505704,85.2265188652722,37.42093048382248,631.4986187416121,596.1324903420436,1227.6311090836557
Company_09,Year_21,93.78222671418064,87.54096225748435,86.42627096360296,82.95559244918283,78.57757610791003,23.557060222609216,87.58917747995727,88.76805974981988,64.83489372663182,24.553765864635636,831.3555283748329,355.02191570005857,1186.3774440748916
Company_09,Year_22,21.715058005750063,53.827481169263564,27.294801711724645,21.297628347220293,30.986989637046854,63.305577759973005,73.84799212277662,33.278325424533975,50.050458840907105,34.3550773011449,388.5248251344853,603.3209451598933,991.8457702943786
Company_09,Year_23,52.18379792426276,33.23591922295353,60.69242757041916,75.32257188907228,58.41810249745621,54.801782685404056,92.04717722226583,65.0948485472893,99.03072109503906,73.8594530692222,641.1783695906684,468.97492903042183,1110.1532986210902
Company_09,Year_24,51.357914764099526,77.50079092658218,36.996088448986356,82.25444390321638,19.44748717548965,28.711239454611007,41.209224178949825,24.063981418866277,40.78480000368972,23.821567899712402,596.3022015552001,220.38434359714472,816.6865451523448
Company_09,Year_25,29.479219678923304,11.042387049748843,55.193850533328735,89.05505938699437,12.038194101196748,55.76958423216321,15.722192937543209,68.16915905712301,77.37192712258613,10.00841442518643,428.27942170476985,644.9146126933942,1073.1940343981641
Company_09,Year_26,31.62354167378059,85.95363040030618,42.9049336407087,58.562006698508334,55.26102603348568,26.887817521926063,81.03943401632851,53.771758905177464,53.077228166303875,67.00653016060244,570.795863476679,570.632082889029,1141.427946365708
Company_09,Year_27,20.85999417256295,11.005560999490772,63.706248050052096,88.80627252436382,57.91063018473734,51.43753770589357,95.07535952248003,48.43808225319741,74.96032869142566,89.49830388096231,475.7084617157866,553.5073540765325,1029.215815792319
Company_09,Year_28,86.1240243398329,68.98804088442651,20.122947388850342,36.1492539695269,30.188949388791464,25.38232715947951,60.36261781753778,41.68804572512367,34.48122657186566,55.12992867445856,524.6115688575059,436.0114077173095,960.6229765748153
Company_09,Year_29,18.657916560180944,85.06613725143026,82.14304037842346,32.05748099597187,77.60287828234652,89.5302589648782,30.625906364913778,73.98047830614058,51.24273107145511,27.009828370206858,549.6627324995916,519.4194729106508,1069.0822054102423
Company_09,Year_30,93.50098918371545,52.817503760347115,52.014951178878796,89.41018220647189,60.857994462218095,99.5713736892321,56.032436298899896,75.21744421867919,17.514538062970885,91.84651871214594,765.5015095163478,651.6469504114696,1417.1484599278174
Company_09,Year_31,29.876959853738086,77.16275157081823,93.21113864554023,95.3526478434075,62.569279251683476,49.92612276984997,89.32574817926363,48.79473874297738,12.991857559961542,75.4139211121476,659.8963142516989,721.2690883231355,1381.1654025748344
Company_09,Year_32,71.3026700977571,87.01230866100869,56.763355264943335,36.171730501052416,85.32800577573133,23.79221476652409,51.830640754701456,49.22961387606065,74.08124358337086,89.28808725402793,653.9774693988668,273.537916067698,927.5153854665648
Company_09,Year_33,79.08876826590817,77.59870606455632,64.29786500492008,59.418643531636455,94.78642484759045,41.606236289416266,81.58203130485386,67.6540887549226,50.166964098108146,31.43347643841655,783.4638965316,499.6251037334054,1283.0890002650053
Company_09,Year_34,19.48262209739351,28.03928842419351,91.08033683891166,64.88633888374619,73.48388647971564,81.37317116576436,95.23432251716441,28.787547790513237,48.251522217211594,31.22063675103003,559.6593927772564,539.7348758110224,1099.394268588279
Company_09,Year_35,41.075094014777164,82.93228850772988,46.000163709502715,34.66889263058388,56.5083028532708,26.071034466858507,87.19794646993263,52.41655960659495,18.843430831289222,62.799101618180856,537.1170929905362,246.9250364973189,784.0421294878552
Company_09,Year_36,73.30278389934264,27.744319427150916,22.065987429899728,93.1427370866065,79.37932788907024,56.972486085805826,24.106602975622497,64.18291517400002,29.02331751335664,89.44688609144778,555.5268669163628,259.5722690014003,815.0991359177631
Company_09,Year_37,89.99237320817689,95.21639908336503,18.38306697563571,74.28279781949645,31.83576342188068,33.671542390281836,48.83492819569219,80.0869171934692,86.14586707251166,86.52068158378016,700.9676913328768,561.1623764508389,1262.1300677837157
Company_09,Year_38,16.16369578752886,11.626215307279375,52.14352408127409,77.79034085360199,99.26606854540638,94.41866252707213,15.122892041471772,13.88493595276012,31.82953835922457,40.3247151089024,410.7673493536929,546.3885424932344,957.1558918469273
Company_09,Year_39,95.57877674029687,34.36547311421448,15.736498380019182,54.07270566772433,41.33614677716491,28.593065594622797,37.88269330428511,47.687538203603204,88.71973819281905,65.94702412911442,560.7291308930593,721.6677093072932,1282.3968402003525
Company_09,Year_40,55.36076092196118,48.326797437489404,82.39742960217563,47.225623627824966,87.98009916485759,18.187459974920053,14.765455989199392,75.23225008453818,65.52510990786901,10.932012431784162,526.145368720809,603.5721103410546,1129.7174790618635
Company_09,Year_41,24.98298262257191,62.40451241224065,42.325935714165475,65.19503561757747,93.08250093562121,37.59460186340899,63.54922967798901,86.76214391052926,72.08934211543978,32.095503351011665,553.0662419724133,587.8587056183983,1140.9249475908116
Company_09,Year_42,32.78200247849428,83.78249405153336,15.074229193479542,97.57837212871802,69.59281764897796,19.93471788033347,16.60904694856073,45.98593469194149,11.082613345336943,21.14402485603133,539.3095937281716,712.020859885082,1251.3304536132537
Company_09,Year_43,15.736515789192396,25.9481875182515,87.642579459189,30.355105405271097,17.729286288759425,26.00016951702603,43.43955970742079,59.150100229668645,70.02234029657473,10.114182936109458,365.0473169237599,213.86763841084098,578.9149553346009
Company_09,Year_44,89.89696042017033,83.04739727995232,74.96901927493325,17.458582916412496,92.27159667069964,18.70236613870673,69.49012962414284,88.45677797061556,62.51922535954902,47.84028250162275,723.4599345364815,364.6285330890436,1088.088467625525
Company_09,Year_45,59.22388884848961,76.87327590362379,47.755791987482255,27.406727819471282,28.515250755601226,84.04351876250708,13.350305289172276,83.43737546960719,89.52040852070249,42.90957922589428,591.7685761269515,724.37774726804,1316.1463233949917
Company_09,Year_46,95.36207464465129,11.978444434682935,61.248110785217385,12.765818142102304,68.0433205252607,79.17182138080467,59.926403807694356,65.69129054740102,65.04887661907523,32.129227693048485,614.0631220246124,337.23484731345707,951.2979693380695
Company_09,Year_47,42.538507936417034,51.61841915528568,80.13900421715798,75.83544603226763,85.92343763764607,32.05815797182346,93.36701845745249,22.87217041891195,41.59727960173656,96.90636692056765,617.1165157521305,314.31441249357897,931.4309282457094
Company_09,Year_48,45.695773724116755,75.49572045554181,14.397165783010768,39.615233330484294,34.863962919694316,32.95740522633181,48.98441057704313,97.75452549795446,35.689082834724914,77.89771634666378,502.56300152264185,518.2791729961098,1020.8421745187516
Company_09,Year_49,62.827555448190736,96.88435507474965,95.94332081476966,17.70172256492789,19.145573759820252,83.78864930538812,81.95484980555528,11.520660236351537,53.51387785230213,71.80898125193369,682.5598000271074,243.50394081498,926.0637408420873
Company_09,Year_50,35.81673107628264,89.75174156869036,52.76076030764179,89.86714197169118,76.99697056191656,63.98922601443019,36.66803439520469,92.92392912395545,85.03175752945187,57.18929145557651,687.2906647485767,237.4723084970093,924.762973245586
Company_10,Year_01,82.01791823277378,21.582745126979244,32.827227431135015,65.7166718077601,20.767967491337828,82.52841507646323,89.80983600795074,27.6651692558432,45.89646881996629,15.218856429451778,538.2191967508987,440.47718706288094,978.6963838137797
Company_10,Year_02,90.66443524282379,74.75165977229035,58.05252140580309,13.910447736373833,14.559491184765681,45.220508672966986,13.21859768247764,79.90175442189097,19.495660946523007,23.2236837695673,591.8329127696412,435.04391191867836,1026.8768246883196
Company_10,Year_03,14.283450775388618,80.14768086124214,24.2535363546124,91.08113946849974,93.08408979725944,14.971658299197944,32.118756696573584,69.32020160737795,66.37380940703264,50.937843544756895,517.5914044704895,526.1187088615904,1043.7101133320798
Company_10,Year_04,43.027557099665586,97.30532501959638,53.72700117480388,46.34706078209631,71.10553886839207,33.625835995762145,85.87572020266371,81.15706428771183,20.597548775937064,60.3471799067337,630.9811289122551,752.4326460208155,1383.4137749330707
Company_10,Year_05,94.5802587835771,67.95606109908769,20.169899921807556,93.9439365487064,33.97028972857082,12.92133760445981,22.355469619161404,22.709775404459027,57.85726924290476,53.26347704142442,540.764212363322,537.5099501964896,1078.2741625598117
Company_10,Year_06,30.523416226810767,74.55311849931806,48.53790290827599,56.98310075943404,31.06431262096396,47.40166033181315,56.771358012425324,83.73379125610968,67.32363349667997,93.94486627387329,489.5253746844083,661.0636445013686,1150.5890191857768
Company_10,Year_07,91.60038443467451,94.36386774164527,31.670134171702735,47.083973751948605,61.370956830654436,21.217208041732256,59.49735514378526,72.06482738858776,38.52783167940324,19.834820723402526,707.3195904181291,433.80768633745186,1141.127276755581
Company_10,Year_08,86.28683048171972,88.39894137947556,56.34495960324989,85.15254559180606,71.56824830034932,60.4512732148462,31.531360262664,25.644430651140457,23.03151733818385,29.515380738789833,725.2412581358687,751.5445076269415,1476.7857657628101
Company_10,Year_09,84.21625664620927,34.52134272529287,95.58793405029793,10.866867647083797,83.68036287765183,40.24641230184285,13.828867977835095,58.635508682721316,53.51138360899171,87.19571014694863,671.6004424971518,396.41842703174746,1068.0188695288994
Company_10,Year_10,60.86342129150821,53.2803302698722,76.18322987864646,61.5070476371054,73.39231651320733,27.068985129735474,22.43715912450857,24.247210745384333,45.027156223460004,55.99463779251454,558.6488939531067,225.90021105203553,784.5491050051422
Company_10,Year_11,63.0367977470233,43.358086316032555,68.90502479911859,75.94697627090899,51.67155051890368,48.23787999133954,52.964014959567585,46.421915334443646,29.3086942636257,39.46546182254528,656.3961704239429,288.3657410055597,944.7619114295026
Company_10,Year_12,63.0400973684609,42.54353021393396,50.28072634748857,61.05602880403407,39.43332959332104,76.47542912449197,60.39773662854105,77.61169340841302,74.3933497391478,40.39431496969627,560.5979309794905,272.8155116456257,833.4134426251162
Company_10,Year_13,27.725928844265734,19.374039208297766,10.138247930555352,27.020571631537106,61.64826337917106,62.4505839350393,47.33370304897754,49.18057375550108,19.569875916060273,30.362785949414842,354.79131295816524,777.5516825806856,1132.3429955388508
Company_10,Year_14,34.3044007144707,59.316759143455556,68.09337496822891,53.47974556615097,61.4278986102421,41.64115885500976,14.02465312770739,90.38278818599157,46.76262325881657,17.917421074665825,503.10865591029227,487.04433091853355,990.1529868288258
Company_10,Year_15,81.73886950771349,58.393806925711964,37.34552439218627,61.677426771476895,42.40583357518099,77.53023604132025,32.21167643770521,44.52294515167227,65.84012997815768,58.98148149008849,599.0219906810195,730.4394589956399,1329.4614496766594
Company_10,Year_16,44.82687881434743,70.33742344418499,24.704062201640035,17.666324336059102,36.104371392056436,31.02371974909349,30.391639978522498,87.24954434781473,62.602364742887076,67.81274573569777,404.33047942122295,444.999438872544,849.3299182937669
Company_10,Year_17,39.54541971730728,76.92164147556154,49.007445225628615,28.003159520674824,54.74010714926331,21.1931946428816,18.00754905110685,67.67570367440226,72.34427569885361,33.18139227568704,540.7362639366395,399.89643678717204,940.6327007238115
Company_10,Year_18,68.25064811878543,27.53558528113997,12.40195971082942,63.627499109667475,40.43037035542876,94.09729562734564,27.78207812885707,12.572941746604833,94.25325004335647,58.67348067948084,498.4786749013415,285.08179037133743,783.5604652726789
Company_10,Year_19,31.825252278824294,23.928949087725407,69.03553014246366,43.21112005485322,31.124244459232376,18.228289013317116,43.116349496763405,78.33573887996714,83.74172634309004,33.2961371148116,450.68558309973764,285.0629807979436,735.7485638976813
Company_10,Year_20,17.33953630922278,25.11118933469125,16.153961900621674,56.471368816515984,78.26474689487988,22.174827484255484,97.66329305818694,85.39154228385885,57.73736930260644,55.31042094928564,463.001190682749,514.2148915232978,977.2160822060467
Company_10,Year_21,97.07993983559484,69.28718197791423,87.68044853123676,67.5562213092914,66.23946169167176,68.25870792329022,18.56535476033114,32.320531633058806,65.68533945212411,37.2291944706775,833.3637954836862,501.9891399509848,1335.352935434671
Company_10,Year_22,69.19964557195144,20.08532260328118,51.86819931982016,20.343586474526774,39.579673358038,36.59392696173376,16.62419858420707,91.74693724802303,99.20157463760445,84.2215533109573,467.4033115924241,449.1446965114846,916.5480081039086
Company_10,Year_23,38.377744295366,89.85908755299901,79.41852166016116,86.11198331641523,93.35171687099599,30.304837322776905,99.3916121175288,52.64399490141835,99.56207955048815,46.48556741425525,792.5755661654152,437.54579448279037,1230.1213606482056
Company_10,Year_24,73.7674591812132,98.46087737579165,78.65085136408064,65.26879927757022,15.937467307336004,75.06460434065863,71.2431046148035,20.903011880142166,44.006180563544795,87.01730811387998,724.8870743637007,298.7308235658609,1023.6178979295615
Company_10,Year_25,60.75775169213208,69.60864095458419,69.91216249249962,44.97056592571512,39.836241608443345,92.37687952569073,30.98485503482996,99.80875364754563,43.33738910015083,94.36030453688097,619.3007602539595,560.1329315213654,1179.4336917753249
Company_10,Year_26,32.98706156510271,19.79685879155135,28.192469430091514,14.922751939641524,77.94865348437433,22.20321464270218,59.31631903432813,43.10934292471549,36.71565818427289,74.27246020798967,336.6979949582542,298.1791668998842,634.8771618581384
Company_10,Year_27,78.22781390046495,25.661207290076465,13.191657675468615,42.575415635018,78.5494824480718,79.75241214869494,14.964117430418845,98.31668807537811,14.815320835352725,46.18751361692288,509.62460371073524,690.0519851733784,1199.6765888841137
Company_10,Year_28,55.07061648815835,92.66749323827423,48.68170977875702,49.79500013743832,76.04544821480081,92.42810294536203,61.44980998737431,51.23160854698844,73.44450334548691,34.351990961434275,684.5016066157102,291.17644426387375,975.6780508795839
Company_10,Year_29,35.95426815449292,87.53650425770233,33.854778036301035,95.61929549286972,15.26417808688789,85.21141736547283,24.01076322301001,59.3884546633218,72.87607020363077,64.24026253234712,512.5656360037499,617.6399235063936,1130.2055595101435
Company_10,Year_30,68.80900198581328,42.465993021945856,41.977079613838924,59.64385746587726,10.42907035760999,38.1123952631098,40.33857588635862,65.62489728376133,49.9380103686122,56.54812409606812,516.3231720285331,549.0298870583101,1065.3530590868431
Company_10,Year_31,57.776476958937124,76.34088196017093,12.45153682217682,89.31115440893667,19.495060605395864,73.59251196088661,60.05278570473135,96.11759200392784,55.22267588940594,57.51166157469708,570.8463256284355,406.441602147245,977.2879277756805
Company_10,Year_32,62.23535875984689,37.26901740049904,30.273093350890708,11.638444563082865,55.45461619111461,59.78613334449301,75.10390641806174,31.692506782142942,15.466049948436805,77.98883324365562,461.5211940925306,285.7955348730888,747.3167289656194
Company_10,Year_33,51.07924329572559,45.23954500909425,77.56803196913879,58.096960923240346,41.39379437418546,74.68007956210624,88.91398409410091,61.864284946115646,73.07808311387151,14.436848202574481,590.0435557650776,789.7922217189948,1379.8357774840724
Company_10,Year_34,26.50801419725109,33.84020425842159,26.087678061970443,25.899150091919054,36.58175521675051,96.29713437823048,46.161190551739935,85.95882568933003,78.7200123670901,26.65916557295778,424.16156689453175,591.6320594183776,1015.7936263129093
Company_10,Year_35,32.29161254029926,85.70689868087358,26.356849047899473,64.25542644816393,22.234337138417587,39.054166487353456,89.85030823149744,15.92819793518423,34.40713980648649,45.606207492747345,480.023295452524,664.4662842403886,1144.4895796929127
Company_10,Year_36,72.1854445566305,35.46822816872199,38.24947232676881,52.40171078045891,46.07305424899835,40.406997157822616,12.033468623902113,76.47427349880851,97.47800337654238,96.43196359005385,551.8846176629684,465.1856895079909,1017.0703071709593
Company_10,Year_37,62.731239188790525,17.093817633195115,22.327834122931947,10.532562712301903,96.90041240154385,89.55098748180389,87.9463318180794,65.79322494380922,25.449251993656432,16.98847839852516,500.67392729701254,364.71993273592966,865.3938600329423
Company_10,Year_38,73.82861721477451,92.22379532411638,21.33057472082872,88.43192064593498,63.815436737294114,15.591489757287142,86.73830404084156,44.396591873565164,75.56546448144351,66.41828491024893,641.9219488248955,242.31076224606466,884.2327110709601
Company_10,Year_39,88.21308832740864,90.98556257677149,35.40576034440048,62.0304391480647,80.44369064847514,25.815578044305383,16.474386226179035,89.40279110667987,55.41470119003725,43.08762997270761,693.0464800545659,680.2103347707305,1373.2568148252963
Company_10,Year_40,74.855785668561,44.700854308459796,43.97345497017928,84.57541000904881,12.671077282482955,88.72770069415478,52.73211588224253,92.41786658309792,70.14342536262917,80.67687284273364,696.9924716574914,238.97196413615188,935.9644357936432
Company_10,Year_41,27.902122875312127,29.093370267547193,80.0631251706815,17.472954555752793,74.48824472123695,48.146335257954114,95.67101107344867,87.69141786260329,83.57048104948767,30.549434837548176,472.8936136164822,293.17679250606784,766.07040612255
Company_10,Year_42,97.72798890634624,29.10165276939977,38.48531759266101,48.47520035372575,45.17461035027116,90.29563606144865,89.51383598542029,85.16615759164465,33.54367047087673,11.55109253125305,699.6286010510642,712.1595706376962,1411.7881716887605
Company_10,Year_43,37.83184138477418,79.18923704989922,60.7597677041318,17.389597102610573,30.432729148733642,57.35094138032359,59.14811506329029,69.78630938277202,63.41996211581573,55.45687681554879,558.3593083276324,574.6240677602798,1132.9833760879123
Company_10,Year_44,32.027713619305096,40.484642549537945,55.19073748153071,85.16293299076935,43.92191158606201,30.984112217381366,97.7416564744995,30.650776690277404,10.78368218439262,85.17123968709465,500.44119742828025,281.87356566353674,782.314763091817
Company_10,Year_45,52.353809524681544,71.76501443774228,45.40930405314581,54.97583837327277,82.1148968633168,40.42054548447723,28.527533177568056,61.201696200572435,61.66368968444638,79.7286205249135,589.7031389471439,793.7143739852637,1383.4175129324076
Company_10,Year_46,64.49092158583541,30.99345178517456,66.55957480017224,94.39589518314445,49.870165551774505,59.388425640121945,12.4723213710889,57.856567817557966,56.978854499276814,82.1777540530219,594.4578329861798,635.912992427943,1230.370825414123
Company_10,Year_47,65.03309937609018,95.72473235312508,59.081976033879165,26.371659082779537,39.73962661034871,30.711116031270222,34.84409751611736,46.41262584113846,54.13500280168477,49.989905032930984,591.2057895083781,553.9590293285337,1145.1648188369118
Company_10,Year_48,30.04997709543682,10.690855876956832,65.75985546700362,72.21613187746996,59.912569646791646,61.0718305665086,89.02213971370817,79.16014733566462,76.00004999671691,76.01120795244326,445.8274520824275,323.557206938558,769.3846590209855
Company_10,Year_49,26.333544658703545,89.92402404912127,44.26763075684723,82.9184575212287,21.428180566540355,23.867676399952195,21.91758067999357,10.43692939302247,59.00419736672969,40.38174223220528,483.82575059575305,210.96647507169942,694.7922256674525
Company_10,Year_50,89.95438772475694,89.63623265891641,19.286868894095996,82.26796629337963,90.63025425374518,54.95646893089695,80.22810683277402,43.61854618806542,19.442620595651125,88.20307330246693,773.3539571741399,628.4076010795012,1401.761558253641
