Company_Name,Time_Period,Digital_Enterprise_Security,Advanced_Materials_Adoption,Research_and_Dev_Budget,Semiconductor_Wafer_Output,Logistics_Freight_Volume,Component_Factory_Yield,Device_Assembly_Throughput,Workforce_Headcount_Index,Memory_Storage_Pricing,Marketing_Campaign_Spend,Net_Profit_Rs_Cr,Total_Cost_Rs_Cr,Revenue_Rs_Cr
Company_01,Year_1_Month_01,32.244443882343184,58.27619936620747,35.36988004664599,41.82941887792396,27.811112249448843,58.70706470826469,84.08726506180312,56.26196202706226,28.892911625570786,46.15601322903812,416.5793670812124,436.25911077205194,852.8384778532643
Company_01,Year_1_Month_02,78.69408555815683,31.5764641227676,33.818786630774184,69.77621267648998,83.08754877935218,14.940707100603369,45.75772908046886,71.09350883181904,22.676687484318872,11.15444045142341,603.3572511040479,338.46322075796184,941.8204718620098
Company_01,Year_1_Month_03,21.478289872057243,62.87500315272404,16.909588235640236,44.38968011699662,36.77496239400574,25.474331664712228,36.50327431256758,96.44614429469932,44.34962978930853,73.93807599953749,380.2244640473467,610.3686691026892,990.5931331500359
Company_01,Year_1_Month_04,49.45274638921832,47.104516377227135,91.57329142229662,18.382981886309974,23.487187247805736,80.9358189740193,99.72564025139619,41.5558435345648,64.42348127275542,36.83286247899673,553.6400389538804,524.9624721043788,1078.602511058259
Company_01,Year_1_Month_05,58.885800193210905,51.443560738153806,71.78492845552623,77.77139564124596,12.933901248718545,51.974375676221314,37.45182154483324,43.72687122118076,88.38969279111203,95.35535851581238,572.6393775273683,482.30716449864263,1054.946542026011
Company_01,Year_1_Month_06,85.31085629655011,59.71535715197272,54.979269452437386,20.356253154686073,50.54572619566784,42.46026933922585,81.45150429834231,48.12860960340083,34.724267050253005,43.741663439140666,600.6607682691324,571.4537848631103,1172.1145531322427
Company_01,Year_1_Month_07,20.87887563285895,91.35973289652013,34.940749078943,62.37985993287609,23.46212115440758,80.89129100002503,58.74977632900463,24.44324365996548,38.98618410033463,53.2499764881236,514.3731476795145,233.05332185382645,747.426469533341
Company_01,Year_1_Month_08,40.221228791068256,20.538107984193218,53.19416660851901,65.54602293815405,24.771468471641313,34.2611866919336,35.694273202196136,15.104536785112952,77.8048346396813,15.565338292870424,456.7330572445198,382.0239777033713,838.757034947891
Company_01,Year_1_Month_09,27.02180432576092,69.44343897295431,23.007257898205,33.28133062665186,84.56150826708635,29.931865242523685,47.68501061076242,37.00435686093356,43.44995137382298,53.21053840557074,426.8029257659671,612.5538401418613,1039.3567659078285
Company_01,Year_1_Month_10,87.52116404794762,69.05098979214591,75.16474062552716,12.588925031605953,71.87938093184377,45.49265549924325,91.84001268777901,32.998685014248935,48.21275705262974,44.88301178627587,697.6255877142685,623.7621767871526,1321.387764501421
Company_01,Year_1_Month_11,61.91461153904201,34.02836502965914,78.21537163753966,93.02930677725752,92.48708313339809,79.39547192210436,12.191167554419474,71.05916684071681,18.985701208248685,55.37113017406574,671.407839975661,647.5316623298481,1318.939502305509
Company_01,Year_1_Month_12,43.91333452569484,87.9850683599853,95.86039597969304,24.194976110799082,55.93770153347034,29.739621620206286,31.831457593531372,88.6980812748163,66.82378411721402,45.43964091944922,591.2958949392656,206.23155088751446,797.5274458267801
Company_01,Year_2_Month_01,59.04014134440732,75.04988927702419,70.39296885205023,93.13229875282227,11.756456265269659,99.97103979292389,45.32960540223647,38.945451346297546,30.732908418857534,10.982788486284473,716.0415547780667,569.1378163050042,1285.179371083071
Company_01,Year_2_Month_02,43.3898560179887,53.283067797341424,64.17259123142634,16.82509636239387,49.823074450043336,35.64789152617334,73.87936180093782,63.020174721292335,62.865680891775945,68.12521126562268,570.3366525184553,425.61445769994987,995.9511102184051
Company_01,Year_2_Month_03,57.85905224923083,74.4810561450597,61.731824065791855,41.00698742820825,38.09900887489678,87.91913404877322,70.26370459533763,78.60273038176902,29.02123256449617,81.62529153972847,611.928065224628,290.86203414966735,902.7900993742953
Company_01,Year_2_Month_04,40.96152393759493,34.394980307227016,91.98469626457943,57.629878589584315,93.88792520521076,66.353869428455,43.10694977871265,76.01976397270343,70.87596776416962,80.58164081124356,617.6357271845781,643.6540358293082,1261.2897630138864
Company_01,Year_2_Month_05,99.14976018647029,39.48798329788118,28.73469330846221,14.252008992148085,54.92694418747539,74.58546595780594,99.49280432806762,70.5302375912232,70.45280610272738,99.53174975496056,679.0161593893558,287.82002994329673,966.8361893326526
Company_01,Year_2_Month_06,48.604387401660865,88.47472670366,23.903632541556675,87.77105968267979,56.18930686159958,23.412759604285498,77.57324411154033,43.75364904363263,35.74260453396917,58.56749481591928,555.7208232391752,628.5149831286241,1184.2358063677993
Company_01,Year_2_Month_07,37.332677637273584,67.87436413636004,31.212398975000184,83.6489495777617,73.44751283386958,75.9856556679269,92.25039359924514,28.14805424897204,49.86746752235646,21.139721632575586,593.6540103258261,260.7508753497884,854.4048856756144
Company_01,Year_2_Month_08,78.27158947227382,85.88537952821002,53.5420730641876,14.556639964640572,17.7793751121184,47.070919012454766,26.697040453039502,31.478172513626532,54.46662365579781,13.254979830112742,587.5425538185918,294.2666393553011,881.8091931738929
Company_01,Year_2_Month_09,62.618322371093974,35.25326927391339,37.069400928957194,62.87392237956388,60.259863005785746,63.457436023483275,97.73312437506965,68.88911859875714,46.226552579203116,62.457183642057174,607.6542151886513,284.29932521573545,891.9535404043868
Company_01,Year_2_Month_10,12.515565456134397,31.397391923968208,14.473859681347086,13.019218474376665,92.04088099141659,87.70683145835865,98.42706524720411,95.34310506590175,91.11283327909376,42.18310201095126,412.00695006035284,785.2890425508804,1197.2959926112333
Company_01,Year_2_Month_11,38.23224453158876,28.084263265178983,88.71705827782532,25.52246583124316,94.28908979185054,46.067719058837746,25.868608677075358,20.59389431498546,51.12042413735393,48.96201762245648,514.8257819972916,664.9805259711079,1179.8063079683996
Company_01,Year_2_Month_12,13.541731692541951,17.86682121287935,34.66545368283397,26.328336431006726,63.49159773899664,38.652444316990945,36.90660798254262,16.739660587610764,85.01551215041147,63.623370756211045,315.9054002418928,484.714580028029,800.6199802699218
Company_01,Year_3_Month_01,29.58251286123404,38.25212262274325,95.19216342506577,47.17087271284031,64.83591785329034,60.1297435094437,31.442344142657205,76.95254409174501,78.47220463005115,30.745176895948305,545.166082771374,305.2156641725662,850.3817469439402
Company_01,Year_3_Month_02,64.73454496376945,26.08827972849307,53.04668160822138,28.2937729449291,13.65411535491058,51.902086688062184,16.680571395309926,18.71454495354729,83.83521083053742,68.7152779302528,420.0745365809071,615.6057712846618,1035.680307865569
Company_01,Year_3_Month_03,48.27606838178166,72.00899136306334,85.8616411804528,22.923651932369257,11.869320468923801,40.175081167487136,15.739469474881677,67.46198634818418,82.70609500054864,59.93886136710316,536.6185005379933,444.68259908062385,981.3010996186172
Company_01,Year_3_Month_04,27.284988985238424,89.93355027687565,87.83568638058232,21.052847215732513,95.49966176666688,98.77960441476841,40.082209706667925,81.00834683625311,79.8160714601139,23.859589167975173,624.8338965837424,783.168036144338,1408.0019327280804
Company_01,Year_3_Month_05,62.345323122626965,90.65912802709124,48.05939155443066,87.50422954573693,42.873248935923634,49.78170044765141,35.08607593818771,97.83812742448625,89.26373368130557,79.12109261807755,716.6390854344912,660.6919508223094,1377.3310362568006
Company_01,Year_3_Month_06,98.04937823592202,28.54826149420046,89.17098465202302,25.70365148836442,90.25895365235057,78.14679030278315,39.598491613317506,58.05200982196048,66.35206326529841,35.614660704029646,690.400693218416,608.7349051557785,1299.1355983741946
Company_01,Year_3_Month_07,26.76038706569454,72.80342985436467,73.71158100277736,79.3983640526423,48.64736854865302,86.86504585765381,60.421277718052536,26.163595305631492,17.29418607172869,33.85265291021234,559.0063129576737,662.4628531671586,1221.4691661248323
Company_01,Year_3_Month_08,49.58952731852741,77.08546106233337,59.64534031947942,23.54844906931419,66.56307547308639,56.66143591980111,89.12942494597357,16.161836807046512,96.84055214331688,58.21704126375196,596.2351720819585,293.87007972410584,890.1052518060643
Company_01,Year_3_Month_09,24.046693866442215,64.36881525531032,88.4464408674453,28.470915015839346,60.52393842645343,78.21565362219066,17.64787355959241,18.611361871746738,46.21419615880332,41.99202550373526,504.8121681338527,472.62926059174214,977.4414287255948
Company_01,Year_3_Month_10,60.65787550178962,97.97846940099609,26.877864842064564,82.81029324901085,68.41775874657193,90.65443093575041,45.76921164218764,72.06210733358141,95.4989736263127,61.666581081461004,722.8750279795033,539.9312200766808,1262.8062480561841
Company_01,Year_3_Month_11,17.3802294522465,70.40543131602615,77.63543040488841,12.171140627401108,37.06282070365896,14.941611287459496,97.77802603592929,74.18770110549664,55.617309999982886,93.65365817801144,507.87000812848123,211.4872386130724,719.3572467415536
Company_01,Year_3_Month_12,73.3709867065842,48.79762526132345,77.23217010751944,31.52924343798855,61.43670186129467,85.89522604841262,17.977040215090398,40.18933881002289,90.17970255244617,73.32957867938224,655.6564014573754,496.4434427511638,1152.0998442085393
Company_01,Year_4_Month_01,66.82507935247969,59.10835735569471,31.686624802422063,62.31813450049984,42.51242445407963,94.93721831628196,70.64074014500125,95.88952758293586,69.4467884195993,49.7767182294949,625.7219253457231,411.0744064297848,1036.796331775508
Company_01,Year_4_Month_02,89.07331660847679,58.557183665430266,68.17931747722264,34.19030006250505,64.2921939903975,12.492390906726847,49.683500621841354,77.28388141172502,36.906906481641336,31.90123909433662,669.7562415920554,541.050321616129,1210.8065632081843
Company_01,Year_4_Month_03,75.09382607645652,72.58993930026936,38.67289160551262,49.99953162980654,92.8989895380472,18.68890140505808,15.98966765307903,55.95472639362189,48.64452863384,72.47545731931353,617.4507969164401,386.8253127183772,1004.2761096348173
Company_01,Year_4_Month_04,32.67824880390233,29.12580835627265,66.25544088624031,95.65205270354872,79.75106759752303,58.3488501926022,53.826256059322375,58.67733768825256,81.68089320628722,53.082252242606195,609.0414150123869,384.00189325548786,993.0433082678747
Company_01,Year_4_Month_05,46.40774466524256,88.9966831400415,49.92377462285679,92.26409270491193,79.67037607800852,10.23188315070817,76.57211446519463,85.14717370401505,23.08512134121346,41.05468221489284,636.9309806661751,620.2388788907805,1257.1698595569555
Company_01,Year_4_Month_06,91.6593060522836,72.34642194436825,20.49855268309652,72.75432238351738,64.18329067365305,92.5524388472605,62.278119829168915,59.55906713220209,42.70716095602432,86.76079416038876,771.6750046183821,468.78771811685016,1240.4627227352323
Company_01,Year_4_Month_07,71.23551618916503,44.62818365776265,84.73942498487509,17.721652527750965,29.722720677725942,92.07262835334234,44.46964457445199,44.77707486818144,49.61093971105573,78.68935805067184,532.6370087307289,452.1042615186608,984.7412702493897
Company_01,Year_4_Month_08,72.04946842029366,94.80537177123149,37.960329501245866,12.123269086139889,92.8422091120199,98.64255146810227,88.43422414555273,67.38931324380674,95.94964147294898,12.830321311160063,754.1615745052503,767.6663050452441,1521.8278795504943
Company_01,Year_4_Month_09,24.86603430872467,32.4277654161443,86.32611419937301,24.16512091421671,74.18153901566576,93.82304510889576,86.67335075809032,13.578108125563592,34.97658532436179,95.18373069387437,578.9339503418247,397.8642078240722,976.7981581658969
Company_01,Year_4_Month_10,82.88915837351085,76.12835510517247,39.47523158471719,91.13799620462581,78.66641309657909,20.699427068751213,71.40418043517091,70.95746383023202,86.71576276776383,90.74438333834289,726.3458954932893,670.6972309853805,1397.0431264786698
Company_01,Year_4_Month_11,96.89015385934556,24.916029980515454,67.41426639917276,80.35118452676029,57.86001044603273,67.09360417354875,93.61345196359271,42.85058359467206,66.95016818390778,42.01238245975248,693.4797493625589,720.1998561578114,1413.6796055203704
Company_01,Year_4_Month_12,48.75966048476671,20.577766390264628,69.9583330952446,50.969089309749734,57.06242145058096,23.881600226814243,75.91635637075152,84.2502621267523,53.032965771242225,37.33109820708863,504.24491163357726,230.94373537813692,735.1886470117142
Company_01,Year_5_Month_01,74.9025770050341,77.95488343060248,99.673394239671,11.550536826566711,10.79577429634728,34.07603495818503,34.995615864457804,87.41616706386144,74.08314212004657,68.02187034697482,605.5917069500466,595.6972593511391,1201.2889663011856
Company_01,Year_5_Month_02,64.0253148476618,11.471411548415322,62.34700853757143,10.845161368260284,46.62704520395179,78.56052217328939,30.64157143587465,98.7755389774314,39.46813373260628,60.86335285403463,421.1695164351532,536.6897554778606,957.8592719130138
Company_01,Year_5_Month_03,90.6648727856607,24.754686834795763,84.3022836875106,14.464490522185049,85.6850852136156,88.7393050603302,21.483391976185885,86.48819928833348,47.087238471774356,90.81339298505215,657.6418128225213,747.5393644543684,1405.1811772768897
Company_01,Year_5_Month_04,62.122414413008215,66.42332207436624,56.37505715695773,40.88470215313227,34.521002868318355,17.37618444720223,58.217832336648065,32.93877230928558,72.63112812518088,94.65607887901254,616.5632954134078,202.0564544383212,818.619749851729
Company_01,Year_5_Month_05,51.25311799673536,33.314301977958436,42.818762785421924,77.64319436031921,14.153183305177846,60.57268889949668,34.995749017296816,23.22787902433827,77.28321610291472,95.8568371398168,529.5722234172256,566.3031545171608,1095.8753779343865
Company_01,Year_5_Month_06,67.7556051377143,42.2643061612295,59.5950992469768,82.09360725789078,39.37355121827683,47.59064860209825,49.6969133119716,84.15159698447688,39.33645502657683,80.39955994079168,641.7339911705232,400.06696521877245,1041.8009563892956
Company_01,Year_5_Month_07,15.547784629554506,64.92636010208949,92.503353508228,87.6949455191426,80.6245114661763,59.63852472385555,88.79024265462263,99.74725262939069,31.917235616966426,29.243758693098552,617.9969691359568,536.6186255532573,1154.615594689214
Company_01,Year_5_Month_08,18.27255800829851,95.68178444288382,76.53500833100259,56.43542133338376,17.789053251367275,68.98530026143192,22.060132907248498,77.33893449580596,28.446054967150182,66.92541878052374,595.8116931949173,795.8092508465074,1391.6209440414248
Company_01,Year_5_Month_09,94.08219343146672,80.84258503214758,34.227282085400134,90.95762641783443,55.40630245833661,39.0368205080882,62.68351650366776,49.18234293935397,28.509834859297268,26.002260289244045,693.1217114073974,338.27600308283246,1031.3977144902299
Company_01,Year_5_Month_10,51.32537845821246,94.12653027415348,35.84263264903786,74.63278836594738,86.45512653286042,32.29481513296086,90.31405858548474,73.06214535207215,46.738775434142916,60.041124021472456,694.2598721098034,411.3762212831814,1105.6360933929848
Company_01,Year_5_Month_11,11.122484361990992,62.57505590380361,94.534746487038,98.61755956105465,58.704404818423555,90.5386054695381,29.545711835926628,12.514787827831576,23.946330888645917,40.12733760994446,562.5600723049907,637.1729615968761,1199.7330339018667
Company_01,Year_5_Month_12,65.74172074548817,89.02444893368238,64.07751636469436,29.164648338047666,70.87291041362647,62.11944507442442,74.9452241963464,86.40099758562907,58.40194382831431,41.10779199865723,701.8958591458336,538.9248687858956,1240.8207279317292
Company_02,Year_1_Month_01,29.66631923969141,19.75189160703983,70.33866317831342,80.41003834946446,40.49362249482868,83.56085081659566,14.854417959521708,46.70396192735582,63.678659052791176,11.880342936261993,525.7234608837027,227.1924773740198,752.9159382577225
Company_02,Year_1_Month_02,37.42534683776222,91.60735000867756,36.963014798475626,85.3027028467111,12.365639602214898,19.80976646155868,89.72521659884853,62.86288266525877,25.800312603955092,69.86927390138257,568.8455279078267,633.9470088173997,1202.7925367252265
Company_02,Year_1_Month_03,83.96536948206474,18.698510206426917,61.38535694722582,19.057587477943464,20.658513893992897,81.85957384039754,93.56707305735776,42.555199119476775,90.88522736204742,37.82632457567607,620.1153783152663,267.82903914442494,887.9444174596913
Company_02,Year_1_Month_04,86.37569174370873,22.886370561608913,75.63663547127442,32.82830217869074,77.81142458627207,96.03154912445925,21.694238881895366,46.02410349557669,49.23522713900738,24.137622975000063,580.4762552926086,634.8838435338337,1215.3600988264423
Company_02,Year_1_Month_05,72.04963498546033,49.33200562650771,13.581162724521885,57.919854322071274,58.33864818897837,50.732297803561465,92.92833145852855,77.78496284717454,34.85376779846847,12.362488417898762,631.4760347857464,783.110927750731,1414.5869625364774
Company_02,Year_1_Month_06,83.80750099117127,99.09917397195154,34.10488163434771,43.58973784717116,10.972510275202245,96.45293166637583,82.38549243771162,80.99744161973162,10.62500765331523,59.08399296732942,660.3401737514826,374.54026939941974,1034.8804431509022
Company_02,Year_1_Month_07,35.7662207279792,40.99299208003648,54.79328626140589,43.573637318152045,14.608174732543027,13.134635198578794,53.62198715332866,33.371126364302725,92.5030399603292,62.91120371020236,435.09561007461224,788.8249436711505,1223.9205537457628
Company_02,Year_1_Month_08,69.53010519320384,63.337754369288625,41.93238168509055,78.1687936991653,44.167759770528825,81.45845360899726,87.43996148677104,54.2358664186284,56.33751725455603,15.95720451655347,661.6200393097945,265.77128075125074,927.3913200610452
Company_02,Year_1_Month_09,14.814764776224543,87.79894711161178,42.31465054129265,90.0413737312698,97.95761356632241,67.25204180880468,53.79616430506523,73.41883940397292,87.95979480515993,55.67222411500244,682.0477049548043,366.3884973996089,1048.4362023544131
Company_02,Year_1_Month_10,81.65944026100756,84.48221143267958,10.251264656192966,44.50711437998071,92.44604675063262,37.67438667439296,34.41350011723204,32.69691988593905,31.75354044952141,18.89515284348075,594.2992890254093,687.091834373641,1281.3911233990502
Company_02,Year_1_Month_11,24.586265128503456,25.174933591808898,70.56706061272962,66.67860286414893,46.31959794306489,52.972698442439636,77.17541136455316,39.97869622486288,83.84495142773766,55.74390872669397,501.07483835983885,523.8594302806532,1024.934268640492
Company_02,Year_1_Month_12,20.67270159060915,60.433702251967546,85.6004638818335,84.70644977230215,81.01861995852721,10.795191584529803,90.82528227120767,19.403167406124673,53.34385786980726,30.23842571045009,546.4641190618238,387.70341032795693,934.1675293897807
Company_02,Year_2_Month_01,21.785229578672862,64.28332134701665,41.62767394605874,34.456573053263114,91.26144149802789,26.78240905570565,65.47950515338354,52.623833071335284,94.29219385464532,76.96473677523801,536.5834055614665,383.78918476680576,920.3725903282723
Company_02,Year_2_Month_02,56.370114205907875,35.932147478899445,50.05122467311223,23.862440945550908,44.328280529640686,12.510158115663879,64.91393038950116,81.38805498817727,88.03019241667599,21.856769330289907,422.11645920498415,577.3728021870854,999.4892613920696
Company_02,Year_2_Month_03,59.394858517508304,86.60783227837624,71.6372206044567,43.427348978658685,38.060911328782055,48.99635205827613,80.24517885873831,32.26086563685035,40.98317574480283,62.415701279298055,622.564678536811,347.93779169953615,970.5024702363471
Company_02,Year_2_Month_04,38.46506420525583,41.75832629669776,21.23427384617491,98.26301860970494,50.825130389275174,39.503670042343025,73.29865469879691,44.41276320449837,18.542988136342615,13.063591831596483,467.6535256645773,435.53568354066573,903.1892092052431
Company_02,Year_2_Month_05,36.95955428766548,82.60283637663557,81.7208044807166,39.9063617624948,40.31247043339661,51.64012823186201,14.185591168270374,67.38801228545518,33.33170344440555,44.86907698545141,514.9462074129635,213.60973925008898,728.5559466630525
Company_02,Year_2_Month_06,12.996646017806492,93.94425746915235,77.74078754925712,99.69657177131901,23.641608329084104,23.806914500638605,64.5166261297592,88.76945822367279,85.77677862685879,13.733209017589692,550.5824745176102,481.9206251746992,1032.5030996923094
Company_02,Year_2_Month_07,67.32495317337087,53.426177619243774,53.28796733313569,28.51120271491226,56.357137359172704,77.86604623731343,21.993030460124814,14.795544612411776,35.3115189437423,58.18685026256647,577.993955703859,272.47326776730955,850.4672234711686
Company_02,Year_2_Month_08,23.91152298904573,15.280331467171528,80.91900496538472,55.151495858265456,83.7161651124834,83.03704400960382,79.46487962886481,32.312400021593334,19.362661454760705,26.54872882584754,553.0208851376648,778.9168832417078,1331.9377683793725
Company_02,Year_2_Month_09,19.96838144700249,23.47098976017731,46.32617129119108,50.292504461307686,94.4615463133203,47.99128264051506,47.494912854983724,44.91236326103438,82.58327686784553,92.50744612745846,408.813283568458,677.2738709474713,1086.0871545159293
Company_02,Year_2_Month_10,49.13348678944396,62.26519750271132,98.33148920762764,34.45538727329367,51.05531454622673,59.27739030609036,56.16483777426129,12.222715791908634,24.912361049326904,90.07674887117456,570.4428853872448,789.0492895023752,1359.49217488962
Company_02,Year_2_Month_11,39.449620088057124,91.5586617749104,67.60866180522694,12.895639076080826,84.85861343228076,95.9533823168628,89.06117102373626,97.20168804735175,71.74296386054968,96.67567125945956,665.9728332101951,529.627109611541,1195.599942821736
Company_02,Year_2_Month_12,40.424164492806014,80.15184529252217,12.495557034323376,68.981944560325,61.38099203686561,56.48555396292501,80.74566702880774,83.45708426773028,73.7399213905289,36.77316652901543,600.4626389351336,776.7213263364445,1377.183965271578
Company_02,Year_3_Month_01,79.57867798672767,85.57324378915963,69.78976074021573,48.372034742586074,47.90872733529221,66.01318476492153,50.964412133336985,91.36289101442271,94.55912836767224,68.33642175029892,735.6801661530305,659.6616034596027,1395.3417696126332
Company_02,Year_3_Month_02,39.601356170931744,20.249203389114797,93.64135377738519,96.81458138911763,87.38973777515986,14.597037059415765,69.06998213328997,80.23440301733824,54.540791074443895,14.170403784609288,602.3255003368754,357.9454534354661,960.2709537723415
Company_02,Year_3_Month_03,87.43016551856996,53.77501571479235,44.58013821708587,71.16176846420453,44.671138270694755,96.59218095898876,60.25585225632341,96.80343271222598,51.361106841426185,35.78063220721606,698.2858718589863,453.0049360959505,1151.2908079549368
Company_02,Year_3_Month_04,45.66031434616655,25.052543109785873,93.11801509240732,70.27775793595731,10.327706780472662,66.30465089978443,57.41564549313045,87.05274941472018,87.79790333065195,96.85287342806072,613.8613222232581,727.6428624751043,1341.5041846983622
Company_02,Year_3_Month_05,23.890494372675477,81.94417442831764,98.15283104547343,22.331327508455814,13.464406960337241,73.91270654177809,17.14981216221863,46.70116619253597,47.3636312199597,87.6180621295527,479.2891754602068,732.0460126583267,1211.3351881185336
Company_02,Year_3_Month_06,99.1151721187566,26.639868338379372,95.09800992581425,68.00556408778087,98.99510358371984,89.91995136875946,60.67492575071333,57.933275401061564,36.62762578307297,87.05018683590141,765.6146973542476,597.1804007948674,1362.795098149115
Company_02,Year_3_Month_07,15.001751319637274,47.10583404706309,81.72304177555846,22.35930767292224,95.06477144433622,90.95181613776191,62.63889201378576,75.95387769491666,34.61475640931074,46.2973864397245,538.3760482719375,329.8342394591457,868.2102877310832
Company_02,Year_3_Month_08,15.185855829675443,71.89907990895243,23.820340875970622,60.718305983962985,12.727035880954098,69.16685969200111,83.26836496803612,88.04326984387079,75.30403885775385,88.68565983169752,464.29169253378666,684.9575945092179,1149.2492870430046
Company_02,Year_3_Month_09,12.463146650989401,95.91824277618898,48.62208877319787,94.09310364284788,60.338981911491814,96.44414189903536,37.05930032712441,23.686420400561076,91.41175484094802,57.1570815254758,615.0786892875592,474.3904234741968,1089.469112761756
Company_02,Year_3_Month_10,36.25658598853782,53.258299773947094,20.754225983513358,80.37136723584435,19.896010202760387,49.31205563856663,43.210253136286134,18.17756312741286,45.08940521496098,32.40536719334814,427.0028084266859,369.4051565280591,796.407964954745
Company_02,Year_3_Month_11,37.74706200867783,24.731365156131375,14.23812271859653,45.429424286110645,82.63116265319368,30.037086197758743,48.62584230132198,99.87937129389573,26.528430936668524,20.591231597338705,445.545513561055,743.5739170444374,1189.1194306054924
Company_02,Year_3_Month_12,73.62688459055242,60.52534078905476,84.91565734863299,82.03472581476531,26.694996921790043,25.8894251959712,99.36534024163608,92.66783840491728,29.208162140556418,27.659160279317977,729.6120898256944,227.3494736041963,956.9615634298907
Company_02,Year_4_Month_01,77.32984075892826,59.70733651052514,77.19388862300218,84.70792046015451,47.12608613966072,74.15171288973437,62.516265854910486,34.3265866671951,92.32123047636486,83.55744454342354,722.8198193465032,254.05494386653987,976.874763213043
Company_02,Year_4_Month_02,67.4160753607179,64.22146805146532,90.7645785552485,16.87840862439092,59.04548941610732,60.712628461135864,95.41851526652987,49.49539731777324,83.88219668627062,80.0184725433134,682.8221635722791,474.0441505766325,1156.8663141489117
Company_02,Year_4_Month_03,77.34871669920962,10.09543666146213,29.029695358385176,37.63312660322978,20.203832965280725,96.97578164856596,97.71443401077099,93.76237182006335,36.010204511679426,99.17107867125672,594.1230941911199,343.05076180020046,937.1738559913204
Company_02,Year_4_Month_04,83.4510205970489,27.376280337694613,32.50913893130296,28.414783206489844,94.86554362612873,25.926947150953204,85.72619469147736,83.82708969995475,44.991900799918355,28.00187096544309,575.0549894826829,276.272095580472,851.327085063155
Company_02,Year_4_Month_05,98.34309533271453,65.25178539093969,43.74769162683541,69.28271881187678,36.32806812897421,98.85569133975181,91.08116611886871,49.36028433751724,63.64448702385311,82.71299505894292,693.290464767161,495.85773628526965,1189.1482010524305
Company_02,Year_4_Month_06,69.43882477053151,71.0214508288121,43.78335464398208,21.46793262487488,15.874181125562181,55.83792501815774,40.87117309668224,74.9564559675317,10.979288519301349,20.155269697086112,577.0151793334506,244.29609126066333,821.3112705941139
Company_02,Year_4_Month_07,86.41770045353728,28.842268353506153,11.970882153431699,72.66139916005764,18.11938012461354,21.712513331906862,22.788562786823068,65.62892938366707,32.64766594889225,69.2921833531303,501.1771212724576,414.1960672349189,915.3731885073765
Company_02,Year_4_Month_08,67.66384454675163,41.2656763856681,57.455811918437966,53.132686462680994,71.5985508551004,77.11511136542622,66.5561952140583,28.803172715837754,70.86112459350824,27.230921114084563,623.9782886405278,640.5469609864762,1264.525249627004
Company_02,Year_4_Month_09,84.2534768182763,60.9556202059904,52.72984421806783,33.8201986310189,72.54161737729713,45.645962119282984,19.458240785956114,90.17829062112892,25.548516003199968,51.10192956315284,653.6658915751682,485.6116391077835,1139.2775306829517
Company_02,Year_4_Month_10,13.132357672423923,60.062921415405576,65.13148530419379,67.97325084534391,19.576367277190556,44.69995654947596,48.66615032942196,33.9137681016014,22.801468055380155,88.84233301102834,462.4925794477799,745.9239832930814,1208.4165627408613
Company_02,Year_4_Month_11,10.07718656276654,96.25606948462121,61.843751579755256,45.04261496901002,28.645177057962236,40.52204414283625,71.78598588474011,48.32655515475535,93.11835662208794,50.91930866427155,475.9163114175665,379.67087326556043,855.5871846831269
Company_02,Year_4_Month_12,77.9380814923405,68.17372943706044,99.39862760310636,58.74699005227995,85.96133608807328,73.71281574098916,10.790925968459469,50.234695849450276,45.64280672246783,87.18293923391666,675.4024062065489,232.40067633886875,907.8030825454176
Company_02,Year_5_Month_01,89.5888266632724,61.48057307203359,24.013422061199176,57.610344190396326,66.63203932415442,43.680355846987645,89.01186421865785,39.35878982880681,61.89987085586186,49.15903911048877,712.4420791782823,739.6901117137799,1452.1321908920622
Company_02,Year_5_Month_02,34.349903644916594,87.86657812476776,87.88786574961262,36.83135903005288,63.26415258190397,16.294207757154595,27.635138732029347,25.78099796006185,14.79563925609008,76.68535394285405,538.5102651554911,617.8337538453864,1156.3440190008773
Company_02,Year_5_Month_03,20.451618956339594,69.27838112870774,20.764802047365087,76.17307805213869,23.019122901061998,36.63313772537704,56.51732906462032,88.48095583301016,20.52111566708313,89.26809947237517,429.7093747615301,749.60226624275,1179.31164100428
Company_02,Year_5_Month_04,26.69023037624171,29.85491849434853,59.14941370710892,85.19475725400926,45.17482967871093,66.87122103919226,50.87411461917472,38.19723884564796,93.21461184392726,90.49732517760998,505.09200671899663,455.51756139854353,960.6095681175402
Company_02,Year_5_Month_05,75.51276810429357,13.712241016213284,45.33099959367218,81.07782391977183,65.53171782110675,41.94113542012066,92.19762603609097,25.891139029442527,25.86956399939719,13.728058289843105,552.9798113492506,371.3449643189149,924.3247756681654
Company_02,Year_5_Month_06,82.25717163341176,32.65134854448045,55.11316596656591,54.1733976520986,87.73330954556867,31.82199187888856,34.426917377236734,99.22303852732504,56.359142369828774,46.13919274731293,633.6495650017602,420.1245404819117,1053.774105483672
Company_02,Year_5_Month_07,26.178014408535784,60.323779421783016,78.33899463529416,60.73742251295232,36.17967090047709,32.2072631212035,41.53090841828473,52.8241212807839,73.23716988467075,63.71232771106314,508.5483053690608,340.3432354915285,848.8915408605893
Company_02,Year_5_Month_08,62.30035578799352,62.55228140308292,68.96452608648282,83.90143765759504,10.717139518144378,81.82979860075186,74.72714821886298,34.33130036020801,11.163720667057575,95.84855970032699,591.0628947610418,479.9207199420394,1070.9836147030812
Company_02,Year_5_Month_09,87.48121181173586,75.17337877083756,85.58826486900865,20.70242150045093,49.0407829082762,32.43663171698513,57.842838178680765,72.28416986472435,16.21203236511092,80.1041681832508,697.612076910709,475.71010648997816,1173.3221834006872
Company_02,Year_5_Month_10,74.3378999230455,31.78388231785017,50.73141390706134,60.167983954764615,94.95360161737062,56.776279322582155,34.01411407771675,36.20262948401056,42.54886718630326,52.143725273878296,610.8771244675817,727.4643844021883,1338.34150886977
Company_02,Year_5_Month_11,78.3526999007392,16.30727587459102,77.21203759435473,69.1396667284744,79.76744744554406,59.88349155007356,19.275674632913983,41.53216737583405,55.59299729301672,47.20052814444619,592.9834196761932,554.8312722861483,1147.8146919623414
Company_02,Year_5_Month_12,47.295512167772266,37.30361707997639,89.05901921061624,91.79442234512196,15.488013391115949,40.17458176833579,40.13490434762135,42.559241573692994,58.12412383144265,38.05648904161109,573.1814668808775,276.8029497595786,849.9844166404561
Company_03,Year_1_Month_01,85.30894358536608,60.399519928200114,74.5292579960263,32.45455671889707,41.956998361635385,95.59104391229569,35.70002299642539,24.73144101953958,46.595856275593675,47.47766390662561,633.5914064492902,783.13229848908,1416.7237049383702
Company_03,Year_1_Month_02,23.44279779830709,66.7061591684037,94.60183804941899,85.93276468080349,67.47909214537451,95.65740178668422,99.72035509566342,55.4092131011203,28.591809422942152,46.0211156275517,682.3199410122025,539.1343649037663,1221.4543059159687
Company_03,Year_1_Month_03,98.55879882127032,67.43938755911239,97.58641251907531,12.554847538885358,46.17346017332405,54.933815466037274,20.98121288005618,92.06478058813771,28.789719142825657,32.25389235678042,724.1796980706487,460.44188236359247,1184.6215804342412
Company_03,Year_1_Month_04,19.843413288938386,97.30124412175799,96.45042596768262,92.274399658713,94.20013224366915,40.58300178436761,92.0756340984846,79.37063677584504,49.31650214548901,20.596324709855075,727.3562850459633,572.9893559559389,1300.345641001902
Company_03,Year_1_Month_05,29.38135833847985,21.58051484048267,10.285172749719457,11.246092942064914,80.84835995393306,17.18374136436938,39.56135229854597,82.08612407663493,78.26349543083735,26.31626144040386,341.69727740064405,276.7324223368186,618.4296997374627
Company_03,Year_1_Month_06,74.11540057910996,53.40739027711783,73.73181274980752,72.12654912537225,81.31498003520673,90.21705674891953,27.5678869633554,34.84828495406351,56.10339938661983,12.045656448163575,668.089999406898,507.0064404761238,1175.0964398830217
Company_03,Year_1_Month_07,26.46902040718508,85.60698495422346,55.78603756263829,31.534401790102933,38.577680553115215,77.6561830018131,17.07730966912704,40.751696277683685,13.898658338930439,42.796456055308866,460.1161754423705,658.3429706530942,1118.4591460954648
Company_03,Year_1_Month_08,93.1017891848828,22.94790290121533,53.683176304352855,90.29175463323055,36.63374672585809,78.66398415410653,19.971365083199636,30.22644339029613,29.70258437221831,86.52160435969105,600.1451287134723,675.7861246296031,1275.9312533430755
Company_03,Year_1_Month_09,98.4261952167323,41.1466311379323,35.68160328583987,50.409261980414755,10.43363378483766,47.944627974364494,58.540124256350786,53.02191555171832,94.3382676327847,42.05735344063967,664.5170344432306,786.969465970545,1451.4865004137755
Company_03,Year_1_Month_10,18.738129007691228,90.88338092828971,34.98008467441997,14.033348715332323,73.1137113904031,54.61794130622291,86.21590164599176,78.40470723079325,22.041931931962097,57.161985167761806,547.4859562736387,393.95029039472723,941.436246668366
Company_03,Year_1_Month_11,39.36376321981919,33.07932819938486,69.6590262941169,92.20179411622651,68.41149523482164,70.62934044045119,47.9437132712505,19.85203682512777,64.80195587058702,81.23165895949161,584.2372056192146,446.05888281557884,1030.2960884347935
Company_03,Year_1_Month_12,23.5826333254918,12.913136570020281,95.18632049232869,59.06889296606846,22.46688648512697,20.038798610077883,68.94317751195237,70.36765430011194,78.77502276905344,56.58492808571811,447.81592076241634,219.62292043789267,667.4388412003091
Company_03,Year_2_Month_01,51.70557934822365,49.13783116104699,26.330171069061983,31.790078184440016,31.60462341046051,92.83222659829595,67.0109275944962,69.9550095295794,50.58986451909612,25.495023687417188,536.1711406645038,545.7606593829966,1081.9318000475005
Company_03,Year_2_Month_02,16.54881594419421,28.05314560052473,90.83955733870606,23.56472148704205,44.75648137689582,57.9422714300462,52.50087021426076,82.6761512725059,79.48356487484605,82.2362370906859,413.49247116534946,560.6119751543695,974.1044463197189
Company_03,Year_2_Month_03,66.53892599540562,81.8607182350627,79.94805282777088,77.1718623966705,16.16211713107586,38.92238106404044,73.49761801672236,23.472846436597862,77.05095390792508,49.91913143659918,712.6776588164073,508.30547639146124,1220.9831352078686
Company_03,Year_2_Month_04,75.89262674966761,48.1040416729441,26.23606638769807,34.81688091824161,29.133833729544577,33.850534777874444,78.63804675636733,44.55266378691334,11.616976861872567,58.182993204925005,532.1681824448204,277.0282351534709,809.1964175982914
Company_03,Year_2_Month_05,94.37378611618449,87.5983091890825,50.697209796770146,42.043173494413246,66.57590335576609,68.54779531822706,76.62295719409975,92.00793361015864,97.63748702485461,78.49301943372427,820.2264899448963,782.0675493650796,1602.294039309976
Company_03,Year_2_Month_06,80.56346234806173,88.60422502918759,15.953091038279835,46.33084651688367,90.97690839178586,76.9023398292583,32.886014388917715,16.63733450929105,12.556923851152517,25.587488173152497,642.7603615211831,693.4453089444982,1336.2056704656811
Company_03,Year_2_Month_07,99.39615936688091,72.36680069049166,54.927188337586266,41.05951837468456,97.46004212500554,70.43367497909668,25.026719059685263,88.08284525065218,10.769065201665668,55.8039838615918,815.8319001245902,422.1678420425438,1237.999742167134
Company_03,Year_2_Month_08,79.37503899547944,91.52858727133702,59.25318160933199,78.8590495277216,69.98190608396925,93.84808307427257,45.52663047408857,60.433899743804574,66.1770128015087,62.10513664909728,793.8042287509722,476.29641204649545,1270.1006407974678
Company_03,Year_2_Month_09,10.53860494223684,63.27311051236266,54.73285626767256,10.046462434215732,89.46962616022911,47.80045516540772,22.359091796207306,76.26563777000827,18.486594752269163,71.58530454757911,417.6037429767864,731.1377239835871,1148.7414669603736
Company_03,Year_2_Month_10,28.03735758134924,68.29930926248261,44.536582458828605,89.79913033060043,46.45066068688274,97.86875404500395,52.72658753580525,82.82324055640093,45.27924546047933,92.99614294465131,611.6398398839273,311.3703970818695,923.0102369657968
Company_03,Year_2_Month_11,14.88255392955912,81.27690176052526,58.133116566089065,87.2671584540994,74.8961323002854,87.70385014537115,59.53761776218356,98.78943732047573,65.00190293559967,27.919307177359464,648.0028793294927,590.0401716479511,1238.0430509774437
Company_03,Year_2_Month_12,93.58614858961099,78.01146766008146,40.27847808152384,52.20023805598032,86.4255938915877,38.75961578754034,89.86307819325015,85.9181109623548,37.68019462949158,99.86826013639046,757.5160922918292,311.1690139997894,1068.6851062916185
Company_03,Year_3_Month_01,52.971389023955986,27.40779447415714,68.50118999372822,27.137491809497455,92.80900620028665,23.180732424960684,80.9386547665765,87.83449151720924,35.525524061821685,43.803944634180034,476.5571960083951,484.6751585693721,961.2323545777672
Company_03,Year_3_Month_02,98.44553096874702,21.73979770668786,66.3114859843121,68.01375255280792,15.348525351013405,69.19898668270241,47.88548273409667,68.10187776024793,43.08206374934447,35.78058783814616,657.2591549165702,296.62484887153573,953.8840037881059
Company_03,Year_3_Month_03,95.34801622644638,61.469257451236174,36.085857596350095,81.47905900641014,71.32980212604886,44.74839207097923,12.037713175578379,10.726015558603875,72.24943345211315,77.42926904382179,642.5975809568325,302.17860527991905,944.7761862367515
Company_03,Year_3_Month_04,45.88603911476015,63.70490148569604,33.943915018188264,43.63706087692333,20.946398177563637,41.90442940886503,87.18957023377881,36.629036867088075,49.88093385670213,39.2780125748022,546.2342839996063,718.7289157637842,1264.9631997633905
Company_03,Year_3_Month_05,80.8560690052225,94.62529442327782,37.41686659642042,76.26971406883278,44.92232334744219,36.12219440136066,63.592046304519855,73.4424306328437,95.27386253335837,59.92422658623483,728.9353619198534,379.11660707823887,1108.0519689980924
Company_03,Year_3_Month_06,78.86686180918672,89.61973416090468,75.23800054858674,26.875994048122337,39.659137926222016,95.16479543367414,51.52294559317144,91.46089851370965,44.11680912344988,21.5163505592448,718.8149103078468,542.60359403904,1261.418504346887
Company_03,Year_3_Month_07,35.271967128074394,60.197469140418825,50.39197332941927,40.20297656866682,12.298127021925035,34.02179600756698,88.92520743778796,32.93212192510232,31.605212554344067,89.3014243853568,482.47311089783585,533.4550579796132,1015.928168877449
Company_03,Year_3_Month_08,23.761045443624177,93.3523643088469,20.11255470050098,70.89453962929909,30.50758036584054,45.67517415590242,80.28072376514201,97.95341164549143,97.63951450252608,19.61481625209217,637.7322520720622,784.1430941230932,1421.8753461951555
Company_03,Year_3_Month_09,76.5254943051719,17.288543398530386,45.1074910398353,80.6026182388886,19.55627065187143,14.210204515364726,78.20643311299514,44.95456035493962,71.88581077353788,83.66638437909086,539.9343241904379,526.0109019822348,1065.9452261726728
Company_03,Year_3_Month_10,78.81484710398233,91.78782229405756,66.97203833545203,48.74844647562215,33.663292372399894,65.71962738675268,55.611260604123274,16.709443548752702,59.12570398566227,32.753374745294714,659.0413822233241,491.96323795838515,1151.0046201817092
Company_03,Year_3_Month_11,37.71702771022509,40.89694094380544,18.637996832424204,64.54617350742816,83.09665830418923,95.25884168391198,22.05127678980013,51.617419247384646,48.50361846150722,89.39155742444555,444.4278294592157,266.2049463153662,710.6327757745819
Company_03,Year_3_Month_12,44.22529867324197,33.095510356544835,98.1408777403626,51.10657498323472,36.897517633259795,68.36631520910757,96.87335206525944,11.004080027147662,60.407638293589294,51.94834950039018,526.0769937780668,368.8278559543834,894.9048497324502
Company_03,Year_4_Month_01,63.88469127032744,97.15874312445561,63.87689311308331,11.363758241740442,31.096074699144406,15.755516054644929,24.691891809566407,57.763708681781004,47.730843829429844,93.77095663435854,571.4782394994896,704.4453405253623,1275.923580024852
Company_03,Year_4_Month_02,10.537811510969563,17.748798773584046,10.356834173743065,98.57515611761585,98.23359051824538,21.611881925306093,49.34724669471023,70.88582989176786,39.16621865104452,19.97637138293244,396.30045336306193,623.6389998513607,1019.9394532144227
Company_03,Year_4_Month_03,10.034296925383224,53.04788944333464,27.609065315437782,30.588035232821056,93.19953987825754,18.121963042916086,51.18193111969383,70.5986841725804,31.88976521769669,60.33392614721903,405.3512124319437,780.1236734485543,1185.474885880498
Company_03,Year_4_Month_04,34.07440815584647,56.19002195238604,13.436415772962857,36.275836525325744,57.323424905164,88.73646998852365,11.279145452366496,17.83763833612724,11.60810058553998,65.61420316165655,400.21422709070424,279.73033588912347,679.9445629798277
Company_03,Year_4_Month_05,95.86966982621581,82.14425102595804,46.68589713023801,88.85824742831659,93.40231025724115,67.23843109608345,62.116212119568026,72.10109662648321,31.498624375100142,69.8518017674427,838.6363951008093,572.6091095973203,1411.2455046981295
Company_03,Year_4_Month_06,38.206719722133954,32.67846161521561,49.41085085772844,54.47352144360259,74.5734967865078,71.31060690909011,39.73196287668738,71.97162169593696,32.15862354713312,73.56425914553643,539.9765346475261,223.66386533215402,763.6403999796802
Company_03,Year_4_Month_07,79.62806143450509,33.35885911070307,66.93783421718533,96.00865931267451,72.2377493705574,78.78857976272103,91.19252408020714,44.149147495896464,17.59254092098723,98.31359674265069,734.7953988652397,495.5251290796905,1230.3205279449303
Company_03,Year_4_Month_08,28.97030949931688,10.422818845237863,75.23279101288307,17.019670335714107,31.95777890447172,48.23895492725376,11.218277075448391,22.6379617068665,27.22594107086846,14.491413206404268,364.4427665447602,713.5551983438626,1077.9979648886228
Company_03,Year_4_Month_09,60.3798638464127,55.924528427558435,87.6643351528129,71.26960625414392,67.99483729076078,34.534748747662775,42.20092340381298,60.170318057451965,67.33228125335685,15.646204722896913,674.4258186379818,404.67746224126336,1079.1032808792452
Company_03,Year_4_Month_10,13.52677917112231,72.92953480093524,98.00024968507448,69.39860290469537,95.69271388360775,65.84096369193972,71.14655012737218,45.1017934501072,51.05868506186848,77.42395629992212,591.6901141281521,785.1281068896485,1376.8182210178006
Company_03,Year_4_Month_11,59.18682698747676,52.25387310057099,61.869853852971765,31.618863651711674,87.05064912252918,43.307917938213336,95.22333694592753,85.85411194775423,52.18601238489891,76.00213544433205,678.4893426842546,493.68471285012447,1172.174055534379
Company_03,Year_4_Month_12,50.520050836267416,25.58718132516003,42.282958732111034,14.700270005507598,41.80714446660063,80.29967367185351,18.81217416647171,55.25982574421169,22.4346855589107,33.30455358452176,455.21886227405076,216.19931384183454,671.4181761158853
Company_03,Year_5_Month_01,73.72756861652313,43.08692666110856,13.512638101376844,66.68477433867045,73.89348585682012,52.291646228405384,70.06427038069961,37.026074807354206,32.87487573687818,92.10660381418329,551.3349457451934,759.8656778841549,1311.2006236293482
Company_03,Year_5_Month_02,39.293239848882976,11.666270059237217,78.04810549160773,77.2659641560495,59.19067802893302,57.727853976172604,82.13339414272819,65.07166330626492,10.170243532586401,20.445892166657075,517.2177130592044,248.57405736645933,765.7917704256637
Company_03,Year_5_Month_03,79.6526363603033,67.93992996454219,20.931018098604355,60.72900543806553,23.84178548617728,74.3368867091799,21.769123711265294,53.50793547277667,77.76128899250372,36.85157337253865,608.5147454472243,756.0897165436988,1364.604461990923
Company_03,Year_5_Month_04,41.07789463778525,80.40699860432979,36.99547843272146,37.06476246546437,67.08524212401383,79.21467294161762,90.89703587324996,99.04575885407476,75.22224364989566,34.781352004637725,636.684358915809,457.14006241149684,1093.8244213273058
Company_03,Year_5_Month_05,30.819246903820478,15.694082365531578,99.09319705960314,15.874968153909174,56.58370296859673,96.02078573218009,91.79945556534757,45.34204695823556,48.64807312154164,96.68097522996761,519.604372311987,463.64294485034344,983.2473171623305
Company_03,Year_5_Month_06,46.04167905032292,88.09847340183273,10.044054903470588,91.53830556959849,34.49045303403942,85.09434097517928,75.55132412315017,22.193271648434568,65.01372156104996,68.61062427995425,560.4886409153461,515.423519897869,1075.912160813215
Company_03,Year_5_Month_07,18.257491208992118,74.56435903524364,61.26261106655356,68.86172359090284,72.76497192179602,58.00768846999079,78.38071789831046,39.48126921045446,68.87904142428815,60.237672808001015,561.6289863816793,687.7980352165989,1249.4270215982783
Company_03,Year_5_Month_08,97.75356295426626,32.669081815548466,25.428816949036523,40.45167174733085,91.0175571086455,28.88957742506123,13.02143743523881,76.07503440357583,84.45293752997024,52.5292375506563,563.4790043584386,301.90471301459957,865.3837173730382
Company_03,Year_5_Month_09,63.707690676415915,90.83895238348636,45.41379150070141,50.70927024197323,85.86678010182594,14.993832131210114,24.45206528737264,36.7873906122054,71.77927106015994,85.61755363942375,636.1664409628852,759.7330651605499,1395.899506123435
Company_03,Year_5_Month_10,95.18114926643992,84.64288012911928,78.726085943166,83.55901233355132,17.360079817912343,72.43643570221755,44.196039578706944,23.257407279994478,16.897350274170268,60.71679613731995,725.5589886690861,278.8648698791336,1004.4238585482198
Company_03,Year_5_Month_11,27.842540271632384,31.61556621639473,25.9608438729079,42.884199120729185,64.0061376459537,85.47082294351492,13.529447799402146,16.31139239512523,73.81833955000442,26.17612335950365,428.6410191670035,494.09203854486094,922.7330577118644
Company_03,Year_5_Month_12,68.03828445576401,14.459627294907783,21.856092487782817,62.2660143031027,93.47651355414274,81.0006669716295,67.53087067636595,60.15057605622811,59.72144129597934,43.532954476000036,572.2901637298444,292.0948147543617,864.3849784842062
Company_04,Year_1_Month_01,90.87691761185184,35.291828288924464,34.52133771436415,88.23068886078497,11.044955003784708,13.641810963189673,39.42323500964707,24.297044249133513,42.563132103453086,33.004859963214585,583.3123695879503,374.9748439738852,958.2872135618355
Company_04,Year_1_Month_02,83.44139818164078,57.832640566053456,75.08533110686712,42.78802023422867,27.212281920897755,41.67461635247955,12.415062293150472,12.191687325156915,47.94271212321847,50.70854297547788,643.0293603124132,495.2855014920977,1138.3148618045109
Company_04,Year_1_Month_03,98.55627126971261,98.43095115998717,83.3690611249008,93.52998340512451,12.36938610755649,72.19280251948294,61.98124882359112,78.32986433580528,77.73083158825665,57.81308085856283,909.8540825980461,300.4945466246755,1210.3486292227217
Company_04,Year_1_Month_04,92.0689647597917,46.590031345536296,52.93945781162367,33.28719988260838,49.285313581072145,45.365735068281204,56.42938350277844,18.59003436574409,44.34591464131653,34.12851250911237,608.118239514596,740.1791975884686,1348.2974371030646
Company_04,Year_1_Month_05,84.73247285703627,30.5625602892594,50.027654964186624,21.80793243106637,94.97558114408733,68.61697926434414,28.965706666506705,81.08333510728636,35.5908676129328,62.74501107852172,582.4939511948224,602.1858890918254,1184.679840286648
Company_04,Year_1_Month_06,73.22545973615001,52.23504663564978,69.01553924417117,38.965817836419404,56.82863091376989,39.816396835718,98.18623726686246,21.164526059105484,59.02517257786581,53.902096438274384,588.472307082275,767.9486699703557,1356.4209770526309
Company_04,Year_1_Month_07,30.815680621860455,53.5673365834007,28.2367115869075,69.45083517308714,63.26568750186849,75.16939433013385,47.69056925841588,94.12707143149012,15.085008634541731,92.40641094624586,487.4381454453567,680.4764461453112,1167.914591590668
Company_04,Year_1_Month_08,57.58281575088914,18.66077310355779,48.51942257131706,33.04115926781829,15.1211867953811,69.90627041872082,29.333043702333896,51.362326754552605,94.33434801001657,52.54024809235205,399.94330381952057,719.9830741606197,1119.9263779801404
Company_04,Year_1_Month_09,19.632091628639856,13.850059075098105,92.29113991583637,90.62525097109071,11.660016943411348,65.65709601179063,28.77042030198568,86.92586201986761,37.056298060714624,85.61381334965124,464.1291629365215,332.61799716939606,796.7471601059176
Company_04,Year_1_Month_10,60.36227004340403,63.93414353913051,14.277587155090949,88.68094279585648,58.40942035515937,10.338767092399056,28.891457587664657,94.98666245542665,56.95018752434001,67.3958019992609,583.0618457496811,344.2366796764059,927.298525426087
Company_04,Year_1_Month_11,55.40900333078482,63.71113403643573,64.16794079923285,25.123369637243687,83.84868077926322,11.75157650368518,74.1928070278056,28.704252574996968,22.902204683906046,85.0232170128436,606.96618847958,732.6165853460774,1339.5827738256573
Company_04,Year_1_Month_12,27.21288521236029,22.867422047556992,97.40448043865459,58.80383419972876,43.799253146172035,96.73765310515633,19.99804522714503,47.52948839703687,76.42394169542898,52.27845926664521,492.94702301700875,407.8555815023626,900.8026045193714
Company_04,Year_2_Month_01,58.38644453352276,27.291907770026786,62.645266103169824,74.03040496481168,37.63081098528746,24.377026066114418,65.87824301706038,10.478831102842731,96.69231166263009,18.8095806949277,552.0039451379253,305.11593296295194,857.1198781008773
Company_04,Year_2_Month_02,59.27152708016706,21.493828101799966,23.400039420732874,75.73677466601845,61.906053908851135,77.05695196571652,97.5001382848847,39.585175367529416,45.56537465340998,46.93948973440646,497.277965506178,405.23402980282526,902.5119953090033
Company_04,Year_2_Month_03,44.329172295371286,28.523027309217742,60.08401976571869,98.28134775405249,28.9346038756932,63.440197724563276,90.32915769296672,52.75488378897821,21.174248797124676,34.86700307607441,583.2399266852154,337.7725620489099,921.0124887341253
Company_04,Year_2_Month_04,64.16050415939097,59.17645626632449,15.39422324126587,32.53363694538263,65.82533825976728,13.305046213084019,63.19970942451829,36.42135170484165,46.81129373289312,89.23268007687504,425.915085904772,395.51747973482486,821.4325656395969
Company_04,Year_2_Month_05,96.23168666130772,61.1612577058701,98.02916495449936,27.332967310996178,47.871411517179105,96.68032636610215,39.914353778360045,38.73239548955869,93.58720939027894,44.97501213826332,755.0742541665552,244.94968686183432,1000.0239410283896
Company_04,Year_2_Month_06,60.893006109083316,79.07020021192876,33.25806549017996,30.46824774801547,92.8826587426269,58.23847321223964,52.20908137521451,80.12667997460542,92.95067713492101,53.131535314574016,647.8736756866201,659.9684807735412,1307.8421564601613
Company_04,Year_2_Month_07,96.97790873080989,64.9459678714049,50.44917359514831,38.54053999281682,51.6450532431869,39.88292459772735,86.01055400118062,62.124328916921854,11.055324508752317,46.78666642888408,654.0887948908655,768.2300208068792,1422.3188156977449
Company_04,Year_2_Month_08,71.74419241667314,93.20363756179098,92.45610018319877,85.8063203603021,64.49363876616792,87.53003877105024,44.6525572683767,33.632797033348844,40.81195169601981,39.54938185180313,794.8429702455077,665.0893767839755,1459.932347029483
Company_04,Year_2_Month_09,96.71979927437332,94.87063722215784,74.05297577996612,67.86943955137608,23.43427705175371,99.74600774255445,18.833267414780444,17.84225203278501,84.2127495838484,63.53952311178337,806.9950514315351,236.9921478007936,1043.9871992323287
Company_04,Year_2_Month_10,93.81681855761879,71.76012230699384,76.78527001630394,72.32502655782727,53.0715037786964,13.446314362051803,51.75827711756203,99.91989111326788,29.333330830334944,84.28999883910045,792.748437105221,493.73052695784503,1286.478964063066
Company_04,Year_2_Month_11,17.208662930537514,17.533641837581214,21.98525850352611,18.05947478092655,65.45843938132214,30.792570997460775,84.26181458658706,87.48561909406963,96.30240778252542,83.9056441730935,325.7329361582328,491.7309421907097,817.4638783489424
Company_04,Year_2_Month_12,79.21787078106675,86.89942902651791,57.88149472064641,78.72172624902382,74.0941678583362,55.19844990704112,65.55253727944537,58.61219418447959,15.530585812927015,17.349142743249114,777.7609445110974,619.7322350110863,1397.4931795221837
Company_04,Year_3_Month_01,72.11223258799288,84.06432695603992,72.76023624209938,10.458357267018052,11.335118045864647,35.909677988858796,15.02896190532194,94.03480611370541,48.606594406190574,76.87898258606714,617.3132821148197,745.731453673282,1363.0447357881017
Company_04,Year_3_Month_02,69.3485094079868,25.012174513076268,80.03379126105987,10.688806201185981,68.4456059765665,45.860470391351384,84.63319999818565,32.37440274396525,43.85432716423745,58.640775352408326,540.3829401489218,257.8720456013386,798.2549857502604
Company_04,Year_3_Month_03,66.08097167558384,78.16963406691461,40.89811223641837,20.20545348451349,94.52407413350369,48.600558271389986,33.64136692400344,80.45040661471592,27.196696059797453,39.04340260631477,598.8170935273702,461.36503088551297,1060.1821244128832
Company_04,Year_3_Month_04,75.53940804137525,26.609945289114272,18.054757363815558,48.25168458415613,68.56851903137915,13.747884625794324,37.60403764489783,12.488611303036343,79.6508256523116,56.03584164991739,517.8515636291645,327.93563063319164,845.7871942623561
Company_04,Year_3_Month_05,98.63923559909391,39.58384656354792,26.392737574842474,69.55504385900815,27.379931699745327,99.80818319225764,82.28610495912835,85.67876423257867,81.57096225709483,51.35670358702667,687.7939230398322,609.6953292908202,1297.4892523306523
Company_04,Year_3_Month_06,69.30906910306032,62.04217298481713,71.87682838125056,89.13294433568491,89.86197277491875,31.925633942800076,74.26210703281026,93.70727736560308,73.75912166370254,94.951663395886,777.2205647374694,519.569209908716,1296.7897746461854
Company_04,Year_3_Month_07,82.87328175541045,37.605820204176986,57.7630857294334,76.61794900923091,67.87953678191525,92.5790610263626,95.32343640873114,93.43762855003595,50.658837878839535,30.647980562588536,738.9269884679459,394.6376756140504,1133.5646640819964
Company_04,Year_3_Month_08,95.62868075807586,78.83555783762506,88.95478271720047,18.461220230220725,53.993888505766336,92.32070984144019,67.59646686722272,76.57592613233945,61.184986985171896,53.63644059749969,835.6524071926564,461.76441318397616,1297.4168203766326
Company_04,Year_3_Month_09,36.5188635773458,36.55865358642781,37.777439783915895,83.28108742513916,97.79365433477099,93.34505218011687,57.01446496780125,51.68433451784209,13.770602238405242,73.96615293305288,567.830798494591,750.0423774966943,1317.8731759912853
Company_04,Year_3_Month_10,79.82707775945016,81.23502064642565,81.25364266832749,22.47070279921651,36.8449906541868,96.92208173406992,40.594025770084144,82.045695111164,41.049722764576316,11.176853705426023,689.7731170576228,739.7389693949692,1429.512086452592
Company_04,Year_3_Month_11,54.17891019369045,37.766025983017244,30.615856914520343,40.60072113152684,36.55897006195311,88.07378743233973,25.812693134728903,72.45383745922715,79.5034871964957,48.42222364938808,480.53020487422253,278.3271396738689,758.8573445480914
Company_04,Year_3_Month_12,72.35230471491356,43.03174293833197,38.228887835544796,66.52666850088227,40.506771949157326,20.351882007018137,39.26546369476588,69.70233788704175,35.53060050997179,62.26910764153435,556.277751024916,423.9516533884603,980.2294044133763
Company_04,Year_4_Month_01,21.25016759543711,43.492834637861236,70.38383253872236,53.93361811076172,35.38661966742991,91.6130233306927,21.614331626422292,32.09094093304784,91.8498045414611,41.79564717308708,486.28042324922393,507.341422831773,993.6218460809969
Company_04,Year_4_Month_02,61.5278254155581,18.988482529689662,26.556406075637664,65.17149773014532,25.848527874252216,37.8210471201803,28.203347256984735,51.18693394515562,78.4933807194737,88.51643221604084,367.4731174810127,595.774654445975,963.2477719269878
Company_04,Year_4_Month_03,88.48434832231426,22.98596575375989,93.91794243877133,17.30722053977349,89.39683514942948,68.63291426770078,51.42477077536295,54.0827630293318,76.94833237853038,99.20658591518858,729.1474128741336,388.53639355738005,1117.6838064315136
Company_04,Year_4_Month_04,96.28294097986596,50.424324403259305,85.09723356640926,92.39367860747221,27.929204358022126,50.45456024325223,73.48854831994655,99.38598232977581,21.23596632209838,11.257387147679646,769.0354397987375,427.2128770518722,1196.2483168506096
Company_04,Year_4_Month_05,68.96626902149995,62.865583551741366,36.93788854807405,92.89507900571493,66.84938166662212,42.953814566086464,68.44346330798533,50.22363135680137,83.17702091848318,72.57887106433078,610.5921712768932,548.0775471393226,1158.6697184162158
Company_04,Year_4_Month_06,46.7148251817667,77.29401089233313,79.44589717679202,35.386965655686424,47.63495476010242,50.37457508438322,69.25815211998471,34.713589876410886,32.350242998221134,94.20195158611233,597.2412281412545,598.0632072469434,1195.3044353881978
Company_04,Year_4_Month_07,47.66860546905618,98.15242288711603,30.813519131325467,81.9116639383677,76.2393987832286,13.729902804074118,36.88618652549083,37.756134126102374,48.2148844900939,38.9978623352203,657.7357113577236,728.9858318159243,1386.721543173648
Company_04,Year_4_Month_08,59.24864867930777,41.433194320148104,31.063320540734622,37.998803974042445,87.91021976971845,88.10288481021938,71.15346609275838,50.98730462803921,81.38438828986544,92.01501971883204,586.5532113359701,717.9119056948704,1304.4651170308405
Company_04,Year_4_Month_09,82.87802253978779,95.21790270886873,65.21939981007702,92.6169182832331,78.59580721634141,21.986789617742296,46.31985315576656,72.27171948335311,68.7726897564086,47.35847238624138,786.7488691761735,460.70686883756974,1247.4557380137433
Company_04,Year_4_Month_10,97.61669779140867,84.21263509311495,17.219420765696537,20.626381254376128,16.30277765316874,10.573853458142185,94.21117960476387,47.27369736612503,47.866378534585316,91.3003893109489,577.6367621440054,746.6772186505319,1324.3139807945372
Company_04,Year_4_Month_11,70.39684264701873,50.10825853068139,27.71167333444374,83.68323778907727,75.05861022441589,55.59408020493274,44.63763705138846,41.06266535360814,32.46234520319321,63.31072695435679,585.9455908221533,634.2007976776225,1220.1463884997759
Company_04,Year_4_Month_12,47.02125634988479,70.17833143583267,88.63198816391092,34.701146036313745,17.741278521714385,45.40243927454412,31.71334337907903,43.54799874361821,31.69996967066878,67.67134546319923,583.4822464553827,727.8400527655012,1311.322299220884
Company_04,Year_5_Month_01,49.74773453469518,28.225400151110147,78.54828068675809,39.306125882738144,93.38155004717825,99.84653289373868,92.42441696283431,17.803847253232334,31.011049159499297,19.150392632960155,604.6540044836634,224.06353989867208,828.7175443823354
Company_04,Year_5_Month_02,52.63184705683189,99.37047895348555,30.301861499817356,58.341073192008366,99.44773021693874,80.2768895573965,77.00108127337397,13.933172670466842,22.432945131543576,88.20733321744083,682.6513041094238,501.82136308298243,1184.4726671924063
Company_04,Year_5_Month_03,13.166715874712567,51.63606236968572,61.83270991963643,49.979299226552705,76.61994426686695,11.82046341813396,76.99549134587882,24.918333240959107,28.28064333415262,17.042619462874967,422.62753220428044,728.8152053660615,1151.442737570342
Company_04,Year_5_Month_04,12.16219198394144,27.18095787952171,86.5887235481384,16.045966127089414,58.18286183677497,97.81449829714461,38.341449185510584,55.773182183203524,27.066228184803286,32.17399732059138,427.6738299245882,727.8162751024857,1155.490105027074
Company_04,Year_5_Month_05,37.26670566763104,88.00105875905211,87.15008322834223,89.91526135778795,32.276635775901205,38.766862295387625,10.731256645721867,92.36976450178655,55.707918109592455,75.83414798976163,673.8331257823286,712.3166668176206,1386.1497925999493
Company_04,Year_5_Month_06,67.46238483195057,73.609068048916,38.41224990299703,75.80378757644876,79.50102689273886,37.10530968272899,97.01451511025064,81.02027801401974,98.70387151665572,76.69661423653157,677.9093835912502,700.6349551797027,1378.544338770953
Company_04,Year_5_Month_07,61.002482573183514,90.41581464752471,70.32186918464029,35.36371159446807,48.41965104716273,21.319233116617973,81.90449309512435,70.624126212168,17.257646895469193,12.474974799941048,672.6434085653061,734.982826943541,1407.626235508847
Company_04,Year_5_Month_08,34.42394978398141,32.775774842200185,27.794431703192767,99.09223281009557,14.284055263259535,66.49457644021396,75.6752486683212,71.89762608678456,82.01691688143457,91.01850909706606,517.1202228462123,665.6053375776468,1182.725560423859
Company_04,Year_5_Month_09,96.36820322933079,45.463671630786536,68.33314770143681,81.42905055236608,21.004499854692583,26.794094482107667,56.509769677942856,78.08557958697698,32.50465597653512,18.11497006079514,637.9977405601804,644.5751952062149,1282.5729357663954
Company_04,Year_5_Month_10,37.57664202879056,78.6052185706947,55.96865605827791,30.505891476160294,14.93263459369421,84.18971769731768,73.2240033956207,38.79254519509965,39.53355335320359,29.004967176291483,565.8875959938059,361.53272606395467,927.4203220577606
Company_04,Year_5_Month_11,59.12064765550175,83.46525651879028,37.030390903987865,76.06311715228155,66.8037847164374,13.140941043043426,38.14592022865649,66.96132775478131,45.33007504584285,76.48758322561282,594.3637933328604,644.2240428952671,1238.5878362281273
Company_04,Year_5_Month_12,58.36539196499371,90.16987088032546,92.53740440430639,51.553263927385224,81.66208192795222,59.52671350410838,15.227119420858113,21.574396317664792,61.1380244858092,13.475039818568117,710.3064215831492,337.83870359148966,1048.145125174639
Company_05,Year_1_Month_01,68.97755652556751,80.60394823953374,86.0217425767013,87.13682037630316,19.871794630405944,74.95905948130755,56.836070603312436,74.66521605490303,80.38678906116473,43.371114433222715,718.468641867308,485.49090125273875,1203.9595431200466
Company_05,Year_1_Month_02,10.62354540230811,55.81031770427332,19.67245351456858,14.619502648689355,34.36854841354213,74.48930878983298,37.24351693546434,91.58349493612019,23.537378507882252,13.124378704487551,358.08147109100713,768.4013535612049,1126.482824652212
Company_05,Year_1_Month_03,37.734904000100656,29.742412272089126,23.883657855119033,76.18553641969372,53.333753620635235,73.26965228599511,22.92503767216525,15.604298640349652,66.47693279166812,43.27089485852874,421.8140528911982,752.9116889567019,1174.7257418479
Company_05,Year_1_Month_04,26.988712670873497,16.14803724930246,31.55762671683081,59.6516366532925,91.35740297899406,68.15745931399995,92.8123902851786,59.95041952555392,12.139504956663867,71.18731612969495,445.5844567719897,641.0020218631744,1086.586478635164
Company_05,Year_1_Month_05,52.661994951882335,82.2027301915518,59.04605137477779,43.56833036152772,12.43273949716168,99.7433550077669,42.11523153194029,99.79311260938478,72.81981620795932,26.781673631225743,657.6015340289313,419.2680971058557,1076.869631134787
Company_05,Year_1_Month_06,90.91716712797647,65.08756823110674,98.06708655397213,39.67833673586533,53.50647028972087,88.91556512058315,26.33128641506466,59.973088759486714,43.341233202034374,49.2816005435083,728.581462375968,663.8090070921461,1392.3904694681141
Company_05,Year_1_Month_07,68.71596323303731,71.78908490537299,70.1067042582554,77.61996142727843,12.550328035110784,89.07384045175141,46.44342950749274,91.62763417696011,50.852702518669034,23.959907378453746,662.1239170270126,202.79606817512993,864.9199852021425
Company_05,Year_1_Month_08,77.16184726264984,54.703713662553966,34.545057696575526,59.60394580864532,15.95842750597946,23.741282891282893,50.48744943321095,56.57957634144594,68.70183307366668,33.16248019265153,580.3471032903377,232.006885424354,812.3539887146917
Company_05,Year_1_Month_09,29.194695056143605,92.66772072707828,87.20692785022966,13.979554046802795,49.86563610956736,89.57754391661787,99.52373911521873,59.28130877813487,14.465668380729188,28.99505998654976,610.0263438476755,657.5591986493221,1267.5855424969977
Company_05,Year_1_Month_10,19.094671470337936,73.16727174693526,28.08156066993237,51.06637028688341,46.37031142756689,49.99940468850307,76.33467545734251,86.0072434661438,67.72643248747775,57.49912385717686,471.4254674920393,369.31913765447007,840.7446051465093
Company_05,Year_1_Month_11,45.645810450486785,20.565733099984378,93.71823295339593,22.2328254062344,79.98402288658512,10.239462183519073,68.62736509790251,53.73331739748047,86.42061196955044,27.890751487684135,577.3952288025434,425.7741833100257,1003.1694121125691
Company_05,Year_1_Month_12,13.37788021066013,41.885216484633744,45.729440496360134,39.1121619941531,82.9314636394592,27.915733840811047,24.941429882236978,98.5531891694702,99.41405743254927,68.09896612163104,446.82406602818537,571.3571965410382,1018.1812625692236
Company_05,Year_2_Month_01,92.8719669114829,27.414411859032892,99.01087811299928,97.36860961235132,31.23710988674513,22.194192825310147,76.96822909733797,98.23144560531851,36.76180237640675,21.89138286744887,752.3619335799929,406.58678892154103,1158.948722501534
Company_05,Year_2_Month_02,36.08291570135143,48.95904491489441,37.216441168103984,13.720909284363085,74.4725939622103,42.98513432266463,66.98269109332193,98.23943630492835,52.01940453392993,61.95975240772608,472.2233536112285,548.1899280712737,1020.4132816825022
Company_05,Year_2_Month_03,65.17259206521496,89.8449194974997,61.68770019480725,11.50014969715108,63.52753422844177,92.80798540140687,82.71321022605642,71.56606056200334,83.55976400912884,98.98930834797723,739.2082125292021,473.2812097225522,1212.4894222517544
Company_05,Year_2_Month_04,87.39177170064124,14.382669249878415,17.425569494881394,86.70708653287276,12.896121453353281,96.08759390862053,13.580896682168929,51.8038556083044,75.51439892302714,26.26152551453628,527.0458675993226,549.7309234856762,1076.7767910849989
Company_05,Year_2_Month_05,14.288294088542253,86.56130434979545,80.82402375877216,80.3697848070703,24.003958982320775,96.56538037172044,81.73424531208543,63.27438012605834,48.79199048180765,91.56932336430755,609.8788746331163,356.9135117445693,966.7923863776856
Company_05,Year_2_Month_06,48.48580300613581,87.86620145913466,47.38048113871504,98.29791289090093,85.34885413939722,33.708253246683356,55.97801452065972,58.99880592077901,11.62934024000608,87.61860735818654,740.8157353840477,605.2707510286559,1346.0864864127036
Company_05,Year_2_Month_07,56.59950768554023,88.43797564054925,83.36652589872836,77.80001489658534,16.324951164615534,99.42899936513945,75.80820974357835,17.858187367643552,45.32610726880896,71.71298524059047,702.7838790055706,504.1319325301271,1206.9158115356977
Company_05,Year_2_Month_08,95.50475793447295,87.54731441816018,88.89734512162693,27.60212089071772,48.801700811629445,45.68891905897162,20.592576418366413,51.45112441474005,32.906573240838114,28.201580469331034,714.7303922998514,569.9651194144194,1284.6955117142707
Company_05,Year_2_Month_09,74.83452741829386,10.767303967849081,33.92812172766672,48.44247755624849,58.610597630901744,24.58166637572812,78.05201977307149,73.71859702850088,47.622406739053204,74.37277255576949,509.41851092378124,273.328534212303,782.7470451360842
Company_05,Year_2_Month_10,34.896305434805,86.02162821796087,32.08907123902584,48.23052854398358,65.56554323187122,79.92932788651824,32.83804980521319,45.6825593240231,19.773741575520017,14.183930780658383,534.1280198016402,619.4574081112073,1153.5854279128475
Company_05,Year_2_Month_11,79.57537778850339,57.2956130628742,58.49030121827221,25.475238735829866,71.01473441984876,67.31984283663476,69.77015947921805,91.56329217034745,61.777660586782055,33.293940026545314,687.7367316012251,248.24126683871268,935.9779984399378
Company_05,Year_2_Month_12,60.587109945378245,95.66775245553234,80.49044599487763,78.67621220253173,24.437886539909847,65.19586022239166,92.50394360099766,85.41666544463618,24.388780753665454,99.84773740692206,740.7779916317029,371.98780833313276,1112.7657999648357
Company_05,Year_3_Month_01,90.62927862923964,56.20073834876299,68.03726072695935,23.201839991782823,43.05072264985184,40.2310920749717,76.41538047491584,47.839433360989325,26.421982539957696,62.34320043771179,627.2697224132309,416.7469642181371,1044.016686631368
Company_05,Year_3_Month_02,59.789811225548306,91.49208806139626,85.17106673137476,71.7017694493854,29.660960714610866,78.75901660208878,22.907050886245862,92.47895730166823,72.34158314153493,33.86544558153372,765.0111184328571,287.28873584885457,1052.2998542817118
Company_05,Year_3_Month_03,10.686352568338283,18.5732795427191,15.263709854477415,68.27127931990591,71.93779803173753,34.17624759441706,53.75460127037657,72.61948229820642,69.15932336891717,55.960301626034564,357.1681183212741,493.7201887534412,850.8883070747154
Company_05,Year_3_Month_04,37.85360137987234,45.29357059599928,88.30800979488325,79.18739637987142,58.10758171495114,87.6808265166657,85.03979914077182,54.417208966334925,31.952125415284726,26.353370302017176,686.0953346241267,232.0637150475567,918.1590496716834
Company_05,Year_3_Month_05,36.969755718368866,64.1750638574348,63.827992557162816,98.90625461351696,55.66617921349989,20.435494290036857,70.37258877155284,60.41216687175975,13.613376009215681,36.62149981245122,580.9180244477715,492.5862682858917,1073.504292733663
Company_05,Year_3_Month_06,42.30373483679972,84.81583852138428,88.98016654721725,15.954439054477533,52.62588605507109,98.15426503456318,18.42202283690277,39.82060205444746,36.98633288511611,48.9437068507283,628.4310396112461,249.02376187583238,877.4548014870785
Company_05,Year_3_Month_07,25.785959082730187,62.70492728347123,50.22865026083059,91.53364975292304,19.94158543983212,52.36477921988199,66.35992917518246,25.19976433660367,27.561851916201622,62.095921373049144,488.00632803729314,784.6642409127242,1272.6705689500172
Company_05,Year_3_Month_08,65.23660515290777,92.7474257124745,64.4699377252142,82.29085804182016,17.655069460082714,49.436378141696224,45.35646409646017,47.335203322343794,52.390877996947616,38.57982193791794,644.1196710332816,499.5223033622323,1143.641974395514
Company_05,Year_3_Month_09,78.44353470581414,61.46214460446382,62.26299836685437,51.12177168574902,79.6977986860496,77.91081896402238,61.1661031858283,10.619930516856277,83.3095287551502,85.7614154439571,688.3867050306578,533.4803824823003,1221.8670875129583
Company_05,Year_3_Month_10,79.31178871598173,57.16008025026424,68.42350055162132,34.81183667295647,74.85970145116151,14.467472095845094,72.31469683868161,88.00623426765213,23.420220512815636,90.19871383099493,646.45074322673,371.5778476741208,1018.0285909008508
Company_05,Year_3_Month_11,89.1382532271588,59.24399681640932,70.88296079360438,85.26561256840615,94.30243595045536,57.27917433211579,57.5837099524113,98.5012246671875,98.98079799839437,21.451512813506866,798.4736276627285,753.175533638646,1551.6491613013745
Company_05,Year_3_Month_12,77.78074152734759,25.296732594033095,96.34023841707003,56.91714307222839,25.90863704217738,74.38862651451625,42.77724904569153,42.714026569479195,91.3687050212183,99.24727981859486,626.2939819487863,464.02409491667373,1090.31807686546
Company_05,Year_4_Month_01,87.59803328599665,38.56943021194344,69.47377316780826,59.650015654390394,35.45368449894103,86.03435964491827,60.67560099935757,58.511718812872424,21.35699483100498,11.312314558569085,633.5895920696277,263.43694540308195,897.0265374727096
Company_05,Year_4_Month_02,13.934539933046736,16.023408027817794,22.544889541298765,40.776596166648005,38.259408278794055,67.5900671134774,97.58801881009998,32.72690787275694,98.2136683586515,10.556314555862564,347.58879470659934,229.97914553032263,577.5679402369219
Company_05,Year_4_Month_03,59.75308492236497,26.83298265864598,24.411146298816973,10.247922276330275,48.63943197515356,54.387189072942824,58.379303568658045,31.319535589755894,23.47757453361004,93.43010916008886,434.46881027237396,690.786494560439,1125.255304832813
Company_05,Year_4_Month_04,19.247352742468163,88.72238045265605,94.36170913861389,39.811287182300894,45.77750429995771,62.288931041337996,83.06082372681159,96.0112854603703,37.07104337848732,80.68620240024592,608.4848774845547,241.35867642394703,849.8435539085017
Company_05,Year_4_Month_05,48.109407297631094,13.495170667293003,22.65890521363235,80.53752134666925,61.89871221407336,27.954306863748585,33.434654858645594,36.97415846685948,69.42320870305144,34.62523468859849,423.63146364588613,748.7196447681533,1172.3511084140396
Company_05,Year_4_Month_06,31.092521955519395,16.073909782194058,97.03765514260293,17.075772496309117,71.80526960374053,75.1226603116686,16.567636493635995,17.478326535469623,13.073597917830025,35.180819528489444,489.5311472362191,241.2434217194182,730.7745689556373
Company_05,Year_4_Month_07,26.89271278566619,84.85773431083884,63.930986965648785,56.54079367091895,56.43226653083645,26.838717800660216,33.23139571032066,26.26053139739988,80.78432420831888,75.1071457058392,495.44775647487864,788.3281936028226,1283.7759500777013
Company_05,Year_4_Month_08,93.90546640247565,24.53333503683094,88.84580571436216,23.855841278939792,88.24186449377582,71.74332061329287,18.09844243877592,34.30701788197983,31.802355371095874,31.56960413552725,563.7981855769436,585.9102695864037,1149.7084551633475
Company_05,Year_4_Month_09,11.183775319836219,96.37817446522142,85.037634201812,99.63097556056098,88.40613162393922,96.21147989164747,23.562266698347393,35.474556269600185,90.6049424323991,74.60727313322523,680.1281162255459,486.3786281467752,1166.506744372321
Company_05,Year_4_Month_10,27.0441490935298,63.0604217759251,23.44365571423162,18.513118983219282,63.90973224356203,81.00720415077485,31.4877045374983,38.413227505115934,61.18590023405191,80.89574190638191,430.13314179911237,641.9025668308218,1072.035708629934
Company_05,Year_4_Month_11,26.31088739269833,94.59473021403218,62.672320364435144,34.65729149975185,67.33848995067282,29.02394760215067,16.17091027151389,93.27974547175981,25.04873686087189,94.84824858684705,522.1628548908071,397.91939904728383,920.082253938091
Company_05,Year_4_Month_12,89.73029326555111,38.51998830886696,29.329616966501057,26.60777481806524,25.405330389413052,79.45949582579426,24.057413708357558,92.51268346589703,95.08697673114355,38.228263709970264,563.1225420167593,300.9427424543925,864.0652844711518
Company_05,Year_5_Month_01,66.25166161306927,64.76172454804339,89.3560769383821,42.93469421134705,77.05212678501793,82.80369042500605,54.51650318415295,75.56295897900117,69.68638534970965,95.38999329094169,719.0440376060054,557.2667839123205,1276.310821518326
Company_05,Year_5_Month_02,77.54279961823853,57.167755487565806,30.38982416441788,65.81504480453742,18.626265127608036,71.64617786569409,61.17131271374848,71.84962871777954,23.990920284192196,13.323537842903262,641.5480923385098,631.0320613546207,1272.5801536931306
Company_05,Year_5_Month_03,43.39249799184913,84.89709795090273,36.062860904114956,70.84323204430902,42.9095490057969,46.967750013943856,64.17645723965596,72.79274743388643,83.15209146469644,78.42013827879623,598.7020362279527,498.7801139622297,1097.4821501901824
Company_05,Year_5_Month_04,49.48473450985881,41.47792273890581,30.5878727225345,78.49588021915936,11.833645640237082,91.10988372760372,48.637648437141436,45.854265385028334,33.93678986764294,79.32673414854192,501.6431831648302,481.10040001370606,982.7435831785363
Company_05,Year_5_Month_05,15.151471360734657,29.84167638334574,74.19042665328749,31.51354965161564,69.57154733844203,63.674103030403266,31.59987731590335,18.264126242513377,42.01514755722233,70.0075922681833,419.780243015584,228.45357039085644,648.2338134064405
Company_05,Year_5_Month_06,43.38040092520574,49.50860544318013,38.41487396024716,82.65303913696195,33.847879834015735,40.05210901317133,68.92878417016871,88.9748183497363,22.676229007635783,30.930226622869878,524.8926576144095,772.7676996842891,1297.6603572986987
Company_05,Year_5_Month_07,31.374056869027104,86.91816435132996,40.43905124570858,21.966651437887528,81.01827500059643,46.10978586684839,58.457152055551546,20.59973632951969,65.47038655239407,34.97967157129878,521.4431598805701,312.8932960391242,834.3364559196943
Company_05,Year_5_Month_08,63.55552056081783,39.348343484845905,23.347236891201113,87.50736473503461,22.679004981223642,84.21695345769768,24.570913926713125,80.5259110566227,27.03184337613489,50.299344638913105,551.3790783401334,718.1898064631152,1269.5688848032487
Company_05,Year_5_Month_09,78.74091772689069,15.6959824857809,13.053666055046413,53.08483630461067,91.8395493142236,40.981811294114976,71.98931300941587,83.67961363379531,98.82928048421644,27.906083375514733,596.0316842138938,550.182037097534,1146.213721311428
Company_05,Year_5_Month_10,26.721157042678872,65.04254298374157,30.098303937402548,15.434614673580603,48.21546125905825,83.25541683118936,96.27570654711418,86.27763153301765,76.67900082811218,40.67518867316434,505.9896646256869,365.83310946878373,871.8227740944706
Company_05,Year_5_Month_11,80.75846216032947,87.42992045127333,95.18987758885365,97.89007633235192,88.48902373035206,67.03914297542337,48.15969236486747,94.56515292632493,68.20566220011312,66.41336807207873,876.1616615304139,743.3844329508102,1619.546094481224
Company_05,Year_5_Month_12,74.85408706734205,39.51183240955049,91.72744553882175,11.14793639802562,49.05565530695823,25.50135995488253,84.6062235398658,34.53806424585987,24.942222842655244,54.96489889710283,526.7255731184282,608.1236458882688,1134.849219006697
Company_06,Year_1_Month_01,56.66134731346796,16.32534688983091,87.37447139166385,17.32402368345176,34.937430670078754,69.31394648576187,11.00632745412762,34.34629053924372,96.17965290284184,96.57381380385954,503.194394596289,530.9546897820212,1034.1490843783101
Company_06,Year_1_Month_02,55.104993970079676,82.44118040227421,60.381407138435485,64.77615740733165,59.65068496615874,76.31274423326965,32.80343510257964,12.117551249812877,31.482166361448872,63.30832236072047,620.0544228406169,461.48116331614654,1081.5355861567634
Company_06,Year_1_Month_03,28.444793200700218,45.08209952456173,40.64978032720453,64.12950098158488,71.31287848449622,78.84451483587821,39.14320151847183,55.889100876705385,47.12161286366586,43.572830626807296,509.2140312202616,573.102671026993,1082.3167022472546
Company_06,Year_1_Month_04,54.35521434616181,72.84527766563443,55.51383573723723,15.344189822749875,81.38240842156905,53.693653906949756,61.34603710166738,66.46058693695332,42.22464024806284,95.9879122500306,627.0783811571984,396.86907722267574,1023.9474583798741
Company_06,Year_1_Month_05,10.380708681627492,90.99885317729392,49.658039977158516,60.60981591025729,83.79302000292796,75.31373380157231,43.778188391320604,22.410506925502553,36.49615150729406,67.67667324620439,557.1285907584661,635.9809587703232,1193.1095495287893
Company_06,Year_1_Month_06,46.670279551031655,86.88769948661971,44.963924877979224,46.728273884777224,87.96385077966639,53.499741742304444,13.81455493957461,74.82667980032676,88.56289884684453,34.480703484938566,597.1660455260019,328.0952354655201,925.261280991522
Company_06,Year_1_Month_07,95.03844055978827,60.57725446670234,52.33306827992414,28.803451191060635,67.34490607998815,72.89477027090246,59.735460979730384,18.192595347004175,86.51391348111841,85.04749850856986,731.2830244414446,568.6214510779496,1299.904475519394
Company_06,Year_1_Month_08,60.53740559159681,35.586654497345094,19.427336165511967,20.563938085802842,88.75051275773201,48.62633778075502,35.618702509123,93.25219954470502,52.62267126737996,66.21903030235458,471.0180327692083,739.6766500722337,1210.694682841442
Company_06,Year_1_Month_09,81.9823666237064,70.39806325357313,64.07175904956121,31.55325930414185,72.41400748892269,38.238609457048085,64.44937289944548,71.30275495943383,25.47753408819561,53.1782922697202,672.9077404297334,677.026670825358,1349.9344112550914
Company_06,Year_1_Month_10,44.39877265125839,64.4007560146726,52.44906525749794,71.03670611062776,63.22670401918644,85.33146611476757,70.26950596804329,80.54180588347367,54.793889943949246,92.61971045622394,629.0831250005014,398.1461983168166,1027.229323317318
Company_06,Year_1_Month_11,62.36093083093279,23.782355207761753,61.142962212583214,37.46888086899391,43.23856994055817,28.565036735359396,51.2244358515294,87.51513755921356,49.85513784903053,64.12617947174836,519.615077157265,542.7466264352533,1062.3617035925183
Company_06,Year_1_Month_12,94.27366733437982,97.38766119981044,72.89707449897006,38.01957425790084,23.335757016416363,27.440227563762576,90.52286774748862,99.9251951961476,16.895205223296063,77.24675242270807,778.8722879648379,494.82112082920713,1273.6934087940451
Company_06,Year_2_Month_01,98.6839111003103,27.384822380467313,17.853873357466604,13.894730686240115,43.62519109683354,22.893730971329866,59.94590130786056,97.47351580225275,75.75018686733175,56.481815213057786,570.892422569164,689.89639133743,1260.788813906594
Company_06,Year_2_Month_02,50.8801091054142,13.532118295762483,39.47308382978953,97.5812519585685,55.76679707033979,72.49401679814471,82.90964945166995,35.28974647167075,84.5694989586095,70.28709489336556,547.0213974228366,577.0600340432807,1124.0814314661172
Company_06,Year_2_Month_03,59.37359406707692,46.75557296762163,30.49839255433986,60.45004999541679,90.65931074629296,58.02193442304244,39.53523309622943,94.81760108766457,64.17725251698133,22.877962063675643,611.9458815479651,653.3888569397344,1265.3347384876995
Company_06,Year_2_Month_04,31.136051423502245,43.82527598685189,27.658543633707733,24.446240233486307,30.97440607696633,94.94041580986124,23.70992403487154,67.93284804458935,88.86570497654651,82.78720462278197,386.9334208554747,651.7989920927798,1038.7324129482545
Company_06,Year_2_Month_05,18.18585046147167,48.0983896160041,43.09132167789344,50.95392840361459,74.77988433684499,73.92047985738097,94.87021980625963,34.99798975217162,20.423441531107265,29.340591503680546,447.6801185975637,440.91893489018526,888.599053487749
Company_06,Year_2_Month_06,82.8203640218911,33.86840669529683,86.96296061283918,63.7412383305421,68.45640975745603,81.21951982628214,54.94173473161763,64.83894195209047,69.02899051386468,60.32268424403205,732.1861641448425,324.3524087203564,1056.5385728651988
Company_06,Year_2_Month_07,47.589330206743305,31.860447098728073,54.20148578801639,91.20474778747489,69.18252407983954,90.61509638871227,55.71302358640571,36.86662564213205,49.165396213086424,55.63741125957312,586.4392387180744,544.4421713076036,1130.8814100256782
Company_06,Year_2_Month_08,77.6107180611918,60.890660035348475,34.35954641575785,53.189610590535466,26.593837533908786,19.418953438469774,30.653536249487566,72.00596012637544,20.953945972936406,50.64732426208772,504.2839562829897,600.3196856401264,1104.6036419231161
Company_06,Year_2_Month_09,34.713866139107054,26.547841959482472,17.73693091051773,72.93700349474875,39.574898142283274,76.37079234710947,30.600456823853218,19.890759389503643,62.26624579861029,99.09692067172993,426.4960874923532,609.0154347043949,1035.511522196748
Company_06,Year_2_Month_10,17.90899217682177,25.91435168607536,24.640874400557347,77.46777970192632,30.17487543826427,13.677937653158684,14.802467156826825,55.0016497616384,27.98315430965222,91.63376531015894,273.3721560211584,689.5660372881258,962.9381933092842
Company_06,Year_2_Month_11,73.60155498697992,25.083566095966415,54.185633688032624,35.14797744269113,48.17794045956496,60.789106785129675,53.071279802958614,76.10008362962981,20.319179207863904,25.184383980444935,516.2579773563176,242.92423785084205,759.1822152071596
Company_06,Year_2_Month_12,72.15566213443546,53.743906253141446,47.54387103914262,56.062105466461695,39.68258758000642,28.22442117930127,22.107979811764075,93.16446458405703,44.35470474634508,87.16278007236087,626.3968974978613,499.37697180682636,1125.7738693046877
Company_06,Year_3_Month_01,18.83034565363229,48.358041893097706,44.672288954166326,12.41331687531369,73.49463201859223,41.215716757022236,92.47620348574873,15.78206377132586,44.23491880856125,95.99485362629056,359.90891252455083,205.21927078857698,565.1281833131278
Company_06,Year_3_Month_02,79.18424747848138,21.33445705533793,28.764349934110225,96.757161250627,92.80144725948911,15.147817975175808,52.52886306341402,42.965861473552906,71.88973630148527,37.79684687919318,567.5932283446348,503.2908389716782,1070.8840673163131
Company_06,Year_3_Month_03,31.79754791575121,46.37888114636929,42.0541525649905,23.42410987776708,35.348877448160394,99.00346002044776,81.55292669364862,96.56288516638635,30.087478573791735,11.09019947733152,520.4829563612558,481.65786838360555,1002.1408247448613
Company_06,Year_3_Month_04,26.432792773334445,14.97092697090694,25.162360143669236,24.58555657714265,58.66718498750097,24.13030418072825,39.86495209937365,40.710466007522015,84.83742562873452,42.98186049499972,282.32862732490656,790.4358176098473,1072.7644449347538
Company_06,Year_3_Month_05,46.09163335736888,53.94886446112544,20.513885307767254,95.17974797606676,14.208155986019001,68.45448086709797,53.11395000417991,61.05399916808685,14.237452185766461,62.07456702382761,564.8565713835163,635.4174401659916,1200.274011549508
Company_06,Year_3_Month_06,78.88051025587106,26.937267239737864,89.62867766459176,16.868504012725644,15.893187442455284,73.98534130157881,54.83310109129377,66.57169532476925,54.64254074136001,27.135973445833077,561.3376663209405,272.6614204788467,833.9990867997872
Company_06,Year_3_Month_07,84.5834998734068,17.11416825303235,86.34775067638105,93.00240820632519,63.565409636551145,98.09826715797843,47.9504005587755,29.598900049175473,50.1053730198186,97.94482693342512,715.2995907717084,408.39398169320975,1123.6935724649181
Company_06,Year_3_Month_08,68.19370588928848,84.2520651130973,42.63914223548333,18.095431163981313,34.208578026909045,68.7774641086715,96.3049284286189,62.32015710961602,95.40937179917488,41.784220338502706,616.176139517541,632.5247612543872,1248.700900771928
Company_06,Year_3_Month_09,97.24560690101887,81.4917643790998,87.50274591348402,79.67736702025769,39.6074465766977,69.99838177518149,59.51481217599493,11.786728271332699,83.61581998857451,99.42989239615346,803.7770936708174,791.0198807092385,1594.7969743800559
Company_06,Year_3_Month_10,61.96559915436285,46.74514526705636,28.90716770812657,42.98107215691339,73.10847816409287,28.58626784249676,22.60083307319513,75.85378289118732,30.14718340519053,27.664209566425285,513.5588587174722,234.40166163966882,747.9605203571409
Company_06,Year_3_Month_11,33.38228845698322,82.72780337565224,40.155893729015176,69.32191575130827,28.825985633132476,84.53661876082383,39.156730529695196,78.77478799332471,34.474304621795426,88.91862200173915,586.8963087847518,330.10296663919536,916.9992754239472
Company_06,Year_3_Month_12,95.40551817498479,85.14638390913868,18.91472886608131,16.128898613726086,12.954308308134639,67.60734541328745,68.13981865785429,80.23951409957552,44.74106810736219,16.686988612652257,573.1603366986361,497.9099923951519,1071.0703290937881
Company_06,Year_4_Month_01,74.1014628911932,45.331516826223705,78.98280801246663,73.9579153470998,47.14832780739365,35.95248130522991,97.59242744138069,40.93731879760975,90.05355990262841,72.53141976485813,669.5551613669396,359.58759147835326,1029.1427528452928
Company_06,Year_4_Month_02,26.612954329604136,28.46174453716033,94.39925410765433,63.547033326163984,28.21132842764411,55.18824900470965,61.26982517505472,64.95935736066042,11.423410783889983,21.895575377787615,472.05974732085235,632.46083501824,1104.5205823390925
Company_06,Year_4_Month_03,16.320118251315876,73.00787403492991,75.69709908521482,61.54075301948647,74.46248336495697,56.83314402117345,77.16469946030831,26.727451523641616,71.66670211464984,75.46970542133506,567.490454650911,555.5849908160719,1123.075445466983
Company_06,Year_4_Month_04,21.83271644052592,45.74992801771658,38.92663293691435,15.374233829656031,24.60583556215742,42.124061117956046,34.43747991800962,82.99942321433039,80.09212868640006,83.96999578699345,307.6032842046061,629.7999600225124,937.4032442271185
Company_06,Year_4_Month_05,40.45327472908434,13.334974837080148,58.658714782760875,58.299155371288585,14.464263750937159,54.96151634783589,98.29996662377557,42.809184648591,40.00849671431206,92.6182957954057,477.9182718000734,387.52862808618613,865.4468998862595
Company_06,Year_4_Month_06,72.24792062581818,65.84565701850894,10.82720373060302,42.51824663852328,26.49830546275172,21.112412199957035,93.05719506126859,10.259654130337024,29.685306075314656,20.129915688075805,511.34938965128435,367.6083528978273,878.9577425491116
Company_06,Year_4_Month_07,27.25378848062213,47.4986215911819,37.13529745496515,95.18958210573268,74.32208957828972,10.252685527952986,56.55034991357016,95.04165342574798,27.738303339562428,51.60712368122528,571.7040826753508,496.0872589182075,1067.7913415935584
Company_06,Year_4_Month_08,75.0420042834175,39.8813378747398,89.84737596360276,46.597382501428264,69.23142464861637,44.3259259718056,88.3129334261363,68.04986017643476,81.92270062706017,86.53666198095036,630.1833742851487,368.7434068729305,998.9267811580792
Company_06,Year_4_Month_09,62.875807257557575,99.3314735691432,87.16190126132958,23.789235103322085,82.09110442932118,46.11164908224764,13.773118862548081,54.34660134239181,89.03525427077477,49.84936192383925,640.793191188309,432.8646349835299,1073.657826171839
Company_06,Year_4_Month_10,34.694588778954824,89.41284528042911,99.2373353960169,51.827899549225336,93.10376051140783,81.00646387054697,18.02215709163147,16.224644433329306,20.343348015903807,17.614605962160738,679.2458942506822,535.3424240366157,1214.588318287298
Company_06,Year_4_Month_11,80.10675121923612,39.28399831883926,50.153533637120624,21.10716704050673,62.52544501872233,93.29153526346987,21.249998488863113,85.78764145558897,21.18494613908757,47.72990322601986,565.7096020254314,339.1622165813793,904.8718186068107
Company_06,Year_4_Month_12,24.278132341408664,29.433756920181246,28.322370730536278,68.82097513827146,47.939848860950384,14.639758661199368,52.70942771943743,54.86143504957905,15.260895003213099,47.753468868404994,442.6426377883435,516.0303038104889,958.6729415988325
Company_06,Year_5_Month_01,76.97559200748923,33.556164002269384,86.57259150037943,72.37542785925552,88.61270188266963,75.26616418686349,24.65752440540131,68.61668824095648,95.7009649024059,39.92899068127963,683.8194761510961,327.5627588246452,1011.3822349757413
Company_06,Year_5_Month_02,38.26700176365685,88.18628219564444,45.520676601209985,35.79308168379677,41.42981112904656,42.27030822921896,41.907738917609585,52.861544938921114,76.70096807796975,34.49796531601956,568.418520575025,386.9421485396209,955.3606691146459
Company_06,Year_5_Month_03,52.86111952796497,90.63545210399379,87.9129316552782,81.2257625191669,80.64530054971974,97.63752668853283,65.15812672113407,29.971723537569908,21.8422337914018,21.040564659454205,751.4543372672523,699.8838844195152,1451.3382216867676
Company_06,Year_5_Month_04,45.0913969478525,72.05080823079246,32.03689991465623,97.26251716481829,57.21652853871341,70.05433036948097,57.51355663860473,16.945146349575072,83.14062411164544,13.172071507265406,571.6284853110132,742.0302697803094,1313.6587550913225
Company_06,Year_5_Month_05,38.15493564267477,68.44848994198185,17.022523300109633,83.31796855505405,28.477752018463544,87.19344345494135,81.49527874399034,39.39487643682375,16.970522985687595,77.94302696382614,551.1572144049316,728.2750472313226,1279.4322616362542
Company_06,Year_5_Month_06,17.77520983495113,13.188298805271028,42.09794618614299,98.04078455365502,48.64374147477241,97.00927482477292,98.04030470561979,55.32408776053005,61.278105766566604,38.61575778814065,536.8911863697888,536.957206239662,1073.848392609451
Company_06,Year_5_Month_07,71.8440966534991,56.07460943739699,39.394219526347186,51.49057292589257,88.19088676670327,97.79080303538785,68.2206786759509,61.41740970793316,84.24943303740476,43.29297415476184,665.9805031946196,409.94331147474304,1075.9238146693626
Company_06,Year_5_Month_08,34.075232297668265,10.476941923462348,11.922517546849738,44.97511201239232,61.978123733877794,80.41003052840134,62.855957810324966,55.453343909981996,20.330907739960367,35.53697188235053,335.92393330622434,774.1484962418796,1110.0724295481039
Company_06,Year_5_Month_09,55.93180955315867,97.07929721446811,19.58666161161888,78.58338658164793,77.26530555985745,10.98234416074659,17.078757899213635,81.43992270605021,20.28689675568228,67.8120493509291,576.2767233161984,297.3738538202625,873.6505771364609
Company_06,Year_5_Month_10,97.18576997937598,18.239205401906332,64.87576630846004,21.84033839362081,45.98186001992527,69.85604752441375,13.442007674117539,27.482420756734562,96.11427727172455,67.40621228930374,595.2178133947338,612.2526447254189,1207.4704581201527
Company_06,Year_5_Month_11,63.30845805639668,96.4956058681535,66.83460904391546,94.996133493309,87.53815113803094,21.084242308759688,90.71761591880363,34.86594762183201,18.76799236303177,75.57395782538816,808.9463495794862,366.8981179446509,1175.8444675241371
Company_06,Year_5_Month_12,83.45197073258618,20.068725577808664,52.60463218258258,90.39119285199162,38.77969604523844,27.47789386506647,20.924048910586976,80.2274115575856,26.30582557434247,75.57583669348536,619.2935412874058,737.6612342994225,1356.9547755868284
Company_07,Year_1_Month_01,81.64354514416183,89.86826767223243,54.467694750608906,31.571869849755096,56.25473358882198,80.6660577884937,29.245958734271262,10.096355178441627,83.06520721429716,29.656454949480892,692.43251344831,234.91534128929607,927.3478547376061
Company_07,Year_1_Month_02,63.06503481367546,21.975147789015267,66.88611314765613,28.74984442086521,96.71557688223288,94.21619003614248,90.61791120949535,92.6919927130204,20.51374144837942,26.531222963978333,724.1692763823628,700.7196564758258,1424.8889328581886
Company_07,Year_1_Month_03,41.243762835572895,81.7114865596385,70.57935205469178,96.7316048991916,30.257155171663303,18.65213636100805,98.29431713507618,11.032076188037456,54.04362624733324,65.45924172475435,618.6191358151866,710.5073036531403,1329.126439468327
Company_07,Year_1_Month_04,14.397006286169773,32.64617050986503,89.38394898825503,31.016035437598827,75.73197781430993,42.5118756608996,58.02417942967073,80.38197584302252,73.71879541414513,17.855609218115355,454.7048927794944,353.45805590199654,808.1629486814909
Company_07,Year_1_Month_05,30.214019411314826,37.03783942183708,94.95897311596372,20.202869457436705,53.963029615958554,83.48133023180179,53.30452470353669,99.78277297854947,87.33964898947922,72.69048639163253,546.3894640245106,291.6877299770732,838.0771940015838
Company_07,Year_1_Month_06,50.37813170260403,10.471082950318113,49.823445679248394,20.80026306287796,95.62736223329829,91.38706289888542,92.64126155898339,48.056256087587236,95.57002543321023,29.050480703417144,570.3323579269842,503.6605860924386,1073.9929440194228
Company_07,Year_1_Month_07,51.84866763012596,70.88262118554623,35.688525999726586,37.15520028635405,57.00088030623973,37.06670905070554,14.899811890114378,32.67720534943278,37.85869176254452,31.93766087441789,539.2592360531098,730.7568342758818,1270.0160703289916
Company_07,Year_1_Month_08,79.93842544145593,43.30650497257159,68.60118620022632,69.18965064533326,61.76491587334853,61.17544728268564,92.81122237562569,17.523424475883076,12.593049939876394,26.60183751370796,650.7392684749296,432.09986257059234,1082.839131045522
Company_07,Year_1_Month_09,62.86593843005815,31.536873482001837,31.561318897632155,27.977743264200043,31.906414385804037,64.11110738686929,94.58436698225157,76.46521848683462,43.905121974600824,23.330741339095148,489.0226620294497,426.61922392242343,915.6418859518731
Company_07,Year_1_Month_10,33.30197633999649,37.27688431119728,21.81909091159943,69.31325854776917,90.65580053492874,20.384799327710702,10.83649439407656,49.635888024837776,18.41517561249443,46.653274971874154,405.39557879425587,304.4100157441029,709.8055945383587
Company_07,Year_1_Month_11,65.83712855135924,60.811753652660606,33.59698627956374,87.51270189868566,28.50217791177427,73.76372467430052,53.047899301660415,22.45176662321852,42.581715899762195,27.996026944994284,637.2954965337036,673.0344237328837,1310.3299202665874
Company_07,Year_1_Month_12,65.87831606515547,65.38361796993789,17.223370090809404,65.33509216603395,97.38790190322447,21.4082694332484,45.827495603303696,14.69651362301353,52.808246520369416,87.31424634368628,568.2790218215873,204.01177130213986,772.2907931237272
Company_07,Year_2_Month_01,52.00358543893405,91.82070805286325,56.2826209439293,27.821433495970194,38.71353296813909,19.015456141763416,80.59343951111808,72.37189254981405,68.69359035307528,55.96301933558821,609.778899084633,787.1030271810386,1396.8819262656716
Company_07,Year_2_Month_02,24.172037059786657,11.177985832670185,98.5675689516641,62.66227424856916,67.27027721659263,22.41739567223531,70.79228748695058,30.356721873364616,65.3499774505383,40.96429188425221,465.36319797714486,459.6386618976342,925.001859874779
Company_07,Year_2_Month_03,61.72730881695927,17.699982297629205,48.57741614506897,26.730095745277897,85.6339659955836,41.122032192633824,60.72338078857425,23.029774327099965,36.50516380598667,83.65903943080365,495.34109916773895,355.3674746684536,850.7085738361925
Company_07,Year_2_Month_04,23.00665732191994,96.5604912184372,34.037289131235866,26.62809391660804,94.54588024089894,17.432060991312948,85.76362056508667,55.96213113624436,40.4745174329649,47.67336711461832,510.97823115217557,281.901711849872,792.8799430020476
Company_07,Year_2_Month_05,18.325127028768314,14.484289698054074,17.655917070981182,13.903453041287724,69.52745739366777,72.98770133612157,91.2140258902065,39.01021431344491,24.75175968689358,18.36476206782789,321.1450486309895,516.2179197563596,837.3629683873492
Company_07,Year_2_Month_06,94.55988328724945,49.19723761899731,46.85218936241103,67.17468037266472,68.6491250100722,59.176456787962636,48.832417519533706,11.417234930262035,65.85278107418083,63.376661227456665,646.783315600501,218.13768765279423,864.9210032532953
Company_07,Year_2_Month_07,98.63360723139878,81.3503675714571,93.11916154477815,97.14799166138398,83.01068039909315,21.044504487747155,46.72828940676053,82.56718917227967,77.78838239799903,20.36649639058281,827.0854650987935,533.4166166053521,1360.5020817041457
Company_07,Year_2_Month_08,24.6592338046784,78.01191971334285,25.58951098088808,96.0128688963257,16.83908652674435,95.86429567069924,48.12442064617359,11.203040002034982,58.98696349583171,35.78180110247628,520.6841699358484,389.63443737396847,910.3186073098169
Company_07,Year_2_Month_09,84.95989199611107,10.281001602111736,24.61429116599576,43.59864043787042,43.78385978611902,33.584872639573604,74.85845523847905,44.05344086406473,65.65076113486637,28.679714105191238,544.423312212547,215.8421302589636,760.2654424715106
Company_07,Year_2_Month_10,65.8197295917438,81.92554832618218,21.549668777542998,22.453167063598343,29.437087058489954,22.05550380320389,21.701395310031526,86.34084542544853,51.375216813927594,36.77046848797566,502.658125765582,261.6628089734148,764.3209347389968
Company_07,Year_2_Month_11,35.79614338651597,14.004067200669692,93.22461897548769,92.41141962024716,75.39042448996675,34.845639369736304,28.603021736182853,26.442239434956782,86.73570154767066,76.5278130928181,508.93296244774695,278.3512041998963,787.2841666476432
Company_07,Year_2_Month_12,54.44036931619739,53.80998321882335,47.06454982559513,98.08387005259395,69.96411776829336,60.87613763703489,31.243892060812367,63.231414235780726,56.639226621256796,75.05132966353665,672.612503054304,298.85871763599806,971.4712206903021
Company_07,Year_3_Month_01,89.46903155248019,62.21322762898844,14.492861574941113,36.374087272876444,85.75338326830206,77.29801325535887,99.47091560628857,51.50548336415792,24.938657448345595,39.52501930688467,680.0059824573526,588.728069551388,1268.7340520087405
Company_07,Year_3_Month_02,56.23455645734116,13.993010281748333,88.66570982646948,31.697113458298453,40.27889998795719,27.363633710747877,60.34655399769326,58.40049075865477,57.871384889674125,61.774405167834985,493.1382622622605,559.5337545660487,1052.6720168283093
Company_07,Year_3_Month_03,76.09559190568751,32.89729449853572,61.04756908121007,29.492495848978823,84.72807014974791,55.3028684005417,97.35107919988373,41.932298338562205,28.746818863991003,49.07302310929744,675.8231041757027,667.0067607781211,1342.8298649538237
Company_07,Year_3_Month_04,62.329127637504016,95.11634484182628,34.438864878166996,71.13769018318112,46.2139305953611,73.78693435371792,13.444092191059017,22.254692918980577,53.18446901740936,69.71255661927356,638.378540890491,239.25390723440256,877.6324481248935
Company_07,Year_3_Month_05,55.437810818825746,20.957348436658087,42.14334491899375,10.238391826938516,63.83073940336023,83.80532924631581,41.813261766203624,28.042315785879797,54.20020932305402,78.00923940961596,499.8595046452137,563.2035275734535,1063.063032218667
Company_07,Year_3_Month_06,47.27848722247673,84.11217575326259,62.03172551250448,96.05269300635206,55.089402779991445,21.43659475991428,32.46414470628969,58.98115024867637,45.28324127146664,90.57059447655766,594.3754404214021,314.64660047526047,909.0220408966626
Company_07,Year_3_Month_07,75.29277475335657,85.23368077160549,17.81355542029862,87.38522851865105,97.20325880815564,34.45736845563607,28.01467793939179,13.507692509642084,28.411790424087254,55.21955849235286,678.0683555107547,648.4890260558445,1326.5573815665994
Company_07,Year_3_Month_08,34.93848909199055,27.05376988359503,32.95101683688408,26.774832706220973,28.478732371697596,13.34914683110838,39.44473566784392,80.93207326101992,47.3837080920524,34.4309387482199,340.1282819518805,310.9118436528985,651.040125604779
Company_07,Year_3_Month_09,90.05016588422563,10.9509413089445,69.12197777926143,29.365470056743025,72.635639786162,52.281517718990834,57.91676428002697,98.33450888099951,76.06807120241962,40.22598186488022,608.1754367160329,570.016917030249,1178.192353746282
Company_07,Year_3_Month_10,57.31900360937942,46.76173517002987,33.556248696734144,76.29545785305349,32.38415202354328,23.253557581173705,30.014743491579402,21.0306741279988,18.46287708462748,85.38274328281865,399.6187885245774,740.0675248358539,1139.6863133604313
Company_07,Year_3_Month_11,14.106912264112044,67.14963084488593,26.239498546079428,64.5731465541893,76.6983534408108,44.90315688916109,10.996131412980748,62.04601836189599,92.10828063613553,30.267848889097007,435.6511102223915,283.6834476594076,719.3345578817991
Company_07,Year_3_Month_12,71.55841726149191,12.989643943667136,36.50224876822961,82.56120479893607,90.66094247115076,83.94052026116275,98.26533106987893,99.36423535278387,45.33759064752331,44.90743140361442,639.655337221298,671.7574474810651,1311.4127847023633
Company_07,Year_4_Month_01,60.51201516640751,53.70665890989396,40.81051801880423,83.64292219100366,96.65333249402536,55.43176448207503,11.366223354621974,81.97982196085836,16.245667936836355,84.459696596235,587.8805913498844,382.71344391989703,970.5940352697814
Company_07,Year_4_Month_02,14.312365296959223,61.390150070511204,62.47097041038939,49.453046539783536,86.98242810353221,68.19982233805749,14.313276557953017,56.97587197874192,51.40929234372073,95.1602439716842,476.37787120945603,581.7632303730036,1058.1411015824597
Company_07,Year_4_Month_03,40.019382564837336,68.90631291755781,30.634101855855345,16.69134445766339,70.99627488277018,69.63902208028901,84.95711641782884,91.62320951977362,58.491015865993326,63.256420742329695,570.4629702656719,507.09202435288523,1077.554994618557
Company_07,Year_4_Month_04,13.357445433717091,20.247185610900512,69.5136001271594,50.588978752320436,27.858050218875782,64.49815202248178,31.073733873809864,56.38839636019317,47.197743663767476,67.15894429851292,409.3700870492023,692.3830092819103,1101.7530963311126
Company_07,Year_4_Month_05,43.57836718532976,95.87177603598843,62.58548278385191,27.841396258367112,23.960821088357754,99.908651653591,73.42250244202683,61.089863976335565,19.47856431641452,55.87529606482279,602.7911905189127,529.2847737386745,1132.0759642575872
Company_07,Year_4_Month_06,13.759622781900935,63.57361174363102,25.74767636571557,33.244104115630286,10.251556226150065,85.79031274896352,87.64464096201318,91.30230426441462,65.08080831746977,37.79228586000734,487.71986724445867,693.5500568089665,1181.2699240534253
Company_07,Year_4_Month_07,82.89526099608564,89.68590691151974,74.36132963945235,20.281516365909447,76.7924636480211,39.026216012282674,49.40609844007412,82.5582317238904,88.38213658516773,56.98424075733305,727.7922818893957,487.5326535041087,1215.3249353935043
Company_07,Year_4_Month_08,33.254127113533016,14.930277641849155,12.822051800622603,25.221778600532424,93.66731999710025,97.67868862794018,26.866198025596372,13.133158756075638,47.05895105196737,50.50742466555671,393.36136977602575,372.67143634502213,766.0328061210479
Company_07,Year_4_Month_09,83.29877451401866,75.43587790217519,67.24824895042556,57.7885272160959,81.01638562167349,90.78070263867954,60.23789588686716,28.29403843039716,87.30787296682381,15.156166304038575,744.6043173700575,718.0168813814354,1462.621198751493
Company_07,Year_4_Month_10,80.32520207885582,66.44675828997129,54.654161324319055,92.30571232873145,23.658373471418237,31.844827782973525,42.08764946800087,41.443992463260884,13.481409993063822,79.51215872162615,607.8296636386237,648.502152903786,1256.3318165424098
Company_07,Year_4_Month_11,24.27653378562971,62.91325781245944,38.800374243627616,33.99366910700374,28.399563897727095,15.924548293451412,17.519292895781607,47.77332485096513,33.94515380193529,59.444931994387915,372.5954918684736,242.8564924987218,615.4519843671953
Company_07,Year_4_Month_12,62.72728837558822,74.26829982685868,98.21875292141502,77.4724651632841,63.84923808845426,56.191645598238836,49.17849770646167,40.86467424936957,27.394692672893125,54.443845625390246,683.4389044470806,222.7750075175872,906.2139119646679
Company_07,Year_5_Month_01,39.462851515845,31.852686864655045,65.38211562588579,49.84697477034168,48.31804813445354,69.58018537635687,96.00969800624857,12.75203204658288,69.15710091774352,61.386190016514185,507.9655642622693,768.824508196974,1276.7900724592432
Company_07,Year_5_Month_02,38.33139671629215,58.80742784891042,60.71185053960455,47.25530453115449,51.414396711051246,46.52208552198198,70.134692514494,29.769135992660885,65.40168604823296,22.80153238915728,538.2625089947344,243.70804924617437,781.9705582409088
Company_07,Year_5_Month_03,21.60479216863687,35.819902509304896,59.98919147664642,73.58699795582507,78.50402506162744,97.31231360875262,95.27465008914272,91.16093092295971,49.57035306335443,33.88697861823856,576.0078601391639,783.5598737380136,1359.5677338771775
Company_07,Year_5_Month_04,99.16279153346956,70.44970924697077,76.62780710406662,28.44272404216432,76.85994315254499,82.25368752903024,71.31471303448322,29.342822160102322,93.39352360035286,99.39008520939863,731.0786117298513,723.8190136640101,1454.8976253938613
Company_07,Year_5_Month_05,75.1323739132377,24.365778467787358,86.7349632888992,92.42926870893228,81.00393631736912,44.03410177237767,93.73772850387833,90.60856283666574,87.28702126016219,95.17528131210301,738.9108678709277,505.465065748269,1244.3759336191968
Company_07,Year_5_Month_06,50.69467872609784,98.6285061019004,88.55078621599488,97.53350728056127,84.14013169207111,66.05073359334503,79.1418665967909,16.683332050509986,52.87525166832133,11.019206730594584,765.9320866368413,233.40421781084504,999.3363044476863
Company_07,Year_5_Month_07,77.25184501223394,63.11798872395762,89.09613379210866,68.2408035403723,21.327458746523074,30.065430656705463,47.28669641018419,75.28981515689205,58.00665688983664,84.76169356894756,676.8280782550653,544.0270547125127,1220.855132967578
Company_07,Year_5_Month_08,41.645220851087544,63.92951392427537,17.35461156409734,88.46578255089783,24.22204865094549,58.26141233111562,23.829666346062197,56.523714017066595,47.44532851672165,65.09851948350207,434.2151034623509,592.3915542266433,1026.6066576889941
Company_07,Year_5_Month_09,47.31831785532831,75.53458506458092,90.78313052732017,18.162594575167283,45.626439032698116,57.84434500909931,26.391553907822956,26.815608126933828,68.05600850689993,15.181032331979992,547.4950506839609,459.14243422004915,1006.6374849040101
Company_07,Year_5_Month_10,30.310078032534797,71.94592759094972,21.76164956486097,86.15480513918602,72.90030457495084,14.247878802584648,68.23164844063407,98.91848138046286,70.21339948985602,25.615696780947808,534.8092808089445,413.3170011502365,948.126281959181
Company_07,Year_5_Month_11,57.20885930549253,21.96929539952941,30.464860629581512,13.247737792268879,13.99532467787304,47.217151864640066,33.350693478431324,93.97122400800241,83.81356936781762,76.0007374994328,400.7058107086017,663.3183910014808,1064.0242017100825
Company_07,Year_5_Month_12,59.14965592288552,92.46478254064172,27.68139845577375,85.67620276560143,40.236021497869345,43.162697013448536,47.302592793423855,42.141328120634554,46.61031241228292,23.576120467139834,630.5448279468962,733.2565593838088,1363.801387330705
Company_08,Year_1_Month_01,65.78089618769438,92.49868892607769,51.0248332636268,79.56543107756873,62.25062219457651,68.82054914200802,38.80407361108274,15.808583440435823,75.07159840859018,19.808056958423272,655.3593386268617,435.43704146675486,1090.7963800936166
Company_08,Year_1_Month_02,60.4480900367285,16.00097521816544,55.900977970888775,33.99026657633691,95.64033006897493,17.610105004683632,91.771280007315,82.50508023677453,47.59846579747645,17.732808155398516,551.8204096761202,445.6624523491031,997.4828620252233
Company_08,Year_1_Month_03,99.43484265948801,54.13226989715955,17.165844857111047,80.42891603992163,92.64765207121246,42.72318067003258,31.85211693725784,75.43018662692343,38.932892994449396,71.02978034498128,729.6393188703632,421.68431810829463,1151.3236369786578
Company_08,Year_1_Month_04,87.04107376056433,98.2414753588357,19.445405190801445,44.600774094551895,23.73561268507145,76.72239033967838,48.71408891693411,64.79573911048993,67.77875838066004,17.97815977438764,690.4112139043034,737.5987127527717,1428.009926657075
Company_08,Year_1_Month_05,16.357537729428735,16.401477938733077,97.25806305291587,34.5017390450774,36.64392677399594,26.254735349410893,25.613403120513397,43.67394780574664,38.63552945718652,45.6733176993126,295.1544613645895,776.451722640449,1071.6061840050386
Company_08,Year_1_Month_06,51.488929527041805,96.12533734969031,88.91263600129476,29.376111851278228,73.31772313786553,99.09537331911385,77.51328077025427,26.948578362819664,58.144599285041686,28.013315842636967,658.2090850468634,604.6444785495406,1262.853563596404
Company_08,Year_1_Month_07,43.76515011818603,99.5623436281297,38.205814492750235,40.325233395510736,55.41405784900758,36.05365429444615,68.24805097879593,58.7593292213459,52.61952999789619,85.9431944397082,540.2305639559522,524.218233867706,1064.4487978236582
Company_08,Year_1_Month_08,32.16804900598393,89.90151893502562,89.54892936396352,64.25839027848579,67.3031137452733,69.11703132079327,10.811062097694654,78.5737573933563,24.099154824643776,17.247589793357726,630.0639975310933,204.9874362557543,835.0514337868476
Company_08,Year_1_Month_09,88.15716881051937,43.99330652293099,53.256833570691825,98.20157206329338,75.03160197739275,78.47070485029823,88.18377299985009,71.01511809129605,51.33973665680682,24.855445065543496,768.7329558314175,703.6820514393128,1472.4150072707303
Company_08,Year_1_Month_10,67.82897453310724,39.784213815672295,28.743272979760224,11.240875546369276,96.36279762660769,76.43618403003248,71.43775016750243,23.828342583317486,42.821654016109555,47.80202876835036,586.9450632101483,791.5740198633758,1378.5190830735241
Company_08,Year_1_Month_11,30.577687733466867,50.71387136680941,45.6708620668823,26.06774951626036,89.57916491196094,47.63781650671429,53.82080379535923,35.06238525544771,60.636237613140615,85.03986712207775,454.09895907263325,644.0037823373597,1098.1027414099929
Company_08,Year_1_Month_12,56.4927517259624,15.980388254854123,48.86177838524621,27.23627153215132,32.29985813289352,98.46934770090309,64.07697260387941,49.86277331590923,57.35026639252658,11.62124254636393,529.0623754006276,594.9950251745995,1124.0574005752271
Company_08,Year_2_Month_01,68.17698592055095,52.39874313417383,62.33784680195623,91.42679085881387,86.54965717017463,79.69380205200416,44.79299428623779,97.48497527655368,80.92992536415736,80.18230733028948,709.7002941140644,702.0422731256726,1411.7425672397371
Company_08,Year_2_Month_02,25.91374367045367,70.83239134211883,68.93674888908456,57.82940815719561,88.49820040010803,93.554362537102,49.69559158570466,88.24657135608236,64.14304463054931,31.9689636215861,631.9501186331074,534.6640234716102,1166.6141421047178
Company_08,Year_2_Month_03,31.030476098750775,67.1591444368384,52.36572398411916,78.6139059684328,82.28484513217504,99.76980426151917,24.95483789871005,83.40172207540796,12.774204312742391,14.817106516568288,531.2163628754821,552.3594903523078,1083.57585322779
Company_08,Year_2_Month_04,58.724075521827565,28.576115253216084,79.53325316535846,95.38555856385658,79.89824090210274,33.51857799658647,97.20129227145996,31.500692516606943,66.75806719635634,29.645904224080972,656.6338904704007,656.4061866232705,1313.0400770936712
Company_08,Year_2_Month_05,82.07636207348446,26.316651990113144,14.32275573565842,14.986488845095474,59.847132973362314,20.58847513664626,13.594868663726313,26.21000772412513,29.95585918893409,20.95291189067303,409.1907105716315,543.4908822708692,952.6815928425007
Company_08,Year_2_Month_06,10.277026420785765,22.43823876261095,93.94150850806656,21.94910880610419,85.14160495980572,17.222957033626237,60.57270061477322,79.72262831642759,68.47454606584971,91.2738498876487,427.3933569642931,306.2090159220272,733.6023728863204
Company_08,Year_2_Month_07,61.53800661727991,96.4109087032026,25.357424280727898,76.56295238376939,70.2626845802684,39.55283500263434,92.0027123640723,28.80098810480446,62.762782574572036,21.815320857252104,681.7643598528618,739.2800719675415,1421.0444318204034
Company_08,Year_2_Month_08,60.13377486860303,96.41547594011607,38.01664519597939,62.576317861797584,71.59326163126221,39.298392879635,75.66767815375604,35.922451924822056,77.15314371998412,61.68406648601374,675.3726438831267,538.1309907094567,1213.5036345925832
Company_08,Year_2_Month_09,43.21372867093633,14.011946497635625,82.27103746610695,62.17738853808471,20.887706881345927,82.28495978772419,97.57521521819274,94.83050667424928,72.17751506541745,91.34354736450996,566.253844436272,726.0984538330401,1292.352298269312
Company_08,Year_2_Month_10,64.4103881227525,81.21778616024925,96.35913026857332,98.42848824353125,77.02378684433708,13.27452956062157,34.14831386930686,61.99847465600163,43.260287370465214,28.35502663376142,700.7946696156172,262.3164044588128,963.11107407443
Company_08,Year_2_Month_11,75.64653897542611,54.022376860108956,96.81716263572088,17.23701563367534,25.234812229864467,79.62508843895485,88.87683761367597,63.84585087844471,48.142376608049524,72.74812297563645,653.6054460611444,384.24847508413893,1037.8539211452835
Company_08,Year_2_Month_12,23.063632750806576,53.817930072880664,97.57698721392121,92.223897921681,60.767481833410514,98.95958610588237,20.5242126640396,91.9494283416291,85.28156522142788,29.271426020037577,679.0796876929774,612.9212947605638,1292.0009824535412
Company_08,Year_3_Month_01,93.37775202961222,62.3852907983652,27.02085076611242,79.89769929410406,51.88923877284482,90.74585384580982,54.234005295029085,62.986418103745244,85.54086064484557,72.73829944320582,706.2737923419749,205.18768300453155,911.4614753465064
Company_08,Year_3_Month_02,30.923955863492218,32.85474634178638,21.94528972072089,59.82859378705854,47.66564356515181,22.25775899793856,43.13691355336099,63.28228756276761,99.14469083254731,14.819105719910592,386.7913560882542,364.96815732923415,751.7595134174883
Company_08,Year_3_Month_03,58.58170755363661,35.3584912888973,40.85012225343283,32.308355634954445,30.163078773181773,27.89659492745893,50.40480947193126,53.0044862789809,73.697969016319,64.57621338384956,496.78498479812947,203.35242612030515,700.1374109184346
Company_08,Year_3_Month_04,41.83045860149349,39.56451455124245,89.37204201731521,26.59298574970057,13.473971264467194,35.3458613412534,70.68019787449694,28.626851246369064,54.63046998996586,87.33711199422204,485.3578413718129,415.9747565524965,901.3325979243094
Company_08,Year_3_Month_05,32.30018735270255,51.064090341488,84.78986186273998,52.59116085988705,71.07892309350652,61.38374545282863,11.46029551275459,89.16286515306697,32.47597358167149,42.0535412695714,552.8233503938993,264.32686648136036,817.1502168752597
Company_08,Year_3_Month_06,16.12849871466704,74.83029333388058,59.721514550971115,10.814320251680162,13.034537531089093,76.7883041961986,15.857534165160745,26.275627281416295,50.53851363932858,53.02131852041132,428.3728271875464,344.2075646409407,772.5803918284871
Company_08,Year_3_Month_07,78.49445144939608,95.3501493140565,45.42627505954542,26.072870872421543,46.265736587660165,55.84963693642862,86.26187915193917,28.002403118718377,94.71477350563747,79.88327044182051,707.6096277858373,523.3740944909961,1230.9837222768333
Company_08,Year_3_Month_08,92.36278435969709,46.86102673452118,83.59719971941875,48.462121978152084,75.80835598660622,16.55193187806139,48.57318964330418,79.04163733278217,18.762948735427678,59.949719029857164,681.7269166340684,335.0470290124267,1016.7739456464951
Company_08,Year_3_Month_09,81.08170352987469,73.42856845373919,52.970729898357426,99.00199003578985,30.764421898753522,53.658685658012395,37.45427855724424,52.49110373629795,50.501613944022225,31.790313878100946,702.8004895090651,653.1405522853788,1355.941041794444
Company_08,Year_3_Month_10,37.025352122537676,94.60368686669791,27.607452840692563,69.92531341077623,81.91783328369152,69.22452383590539,69.07202076814336,21.76312741067787,45.85525047962192,67.79078343726842,607.443850421221,566.8183882955772,1174.262238716798
Company_08,Year_3_Month_11,34.270770006265934,57.621507782707,20.820598997315578,65.19694471931598,74.79735449276957,27.812405769018827,22.35995648193281,51.81568909075922,17.14173477609118,76.5135551570327,484.22557746939196,399.20409003925636,883.4296675086483
Company_08,Year_3_Month_12,53.02378142899293,45.33241354363763,36.87505009396741,68.30198839637688,63.78783744640672,62.56037684017546,19.744327128348505,97.48849640896746,88.74149925848965,89.10061914906078,533.4636604126631,251.42110543444218,784.8847658471053
Company_08,Year_4_Month_01,23.1287009590691,75.87713979138888,15.41683872931548,40.738441784064605,43.417642644852,21.91956257531369,54.307523333522816,98.78689301797492,20.6531550887832,73.4572766506648,383.5947597205661,333.686453624219,717.2812133447851
Company_08,Year_4_Month_02,22.065853020696203,72.99765732134608,74.27822412129642,88.08304766102302,26.50739214407375,72.76991002876363,91.62286550008663,84.67290719534962,52.41808072368136,22.745635314726897,558.62863205035,298.710204641883,857.338836692233
Company_08,Year_4_Month_03,79.82075718770537,99.30347566677439,65.51737402378056,77.624399442547,39.71828032022955,67.42260826963692,40.49183053124603,70.59443474879336,72.79344285021836,65.68054110391883,780.3144795094073,623.9383801718204,1404.2528596812276
Company_08,Year_4_Month_04,34.55841025475134,57.781233325447616,44.348822736555164,51.60948791648835,14.86018786421234,11.75141406594689,61.631024687408754,35.67315393292286,76.23013161859497,17.39395445668298,395.9095248031263,311.17148764398553,707.0810124471118
Company_08,Year_4_Month_05,62.88864857955081,51.93788431743179,55.04846908141994,16.29028111964562,23.41532873014289,66.26101382440953,94.01507104518683,46.70797716925523,87.69345756120714,91.4222024460533,548.0370004345334,300.05394249802436,848.0909429325577
Company_08,Year_4_Month_06,97.50548498686007,97.82220910530137,18.71574543838114,53.141933942738824,27.197218437442984,72.72422865461459,99.84160375335601,14.662965506534428,35.21813252547695,93.7126719188383,679.4411560174943,517.4916626811241,1196.9328186986186
Company_08,Year_4_Month_07,57.879447600764315,88.37974116477758,13.100167945419827,81.10999594252509,29.838141716226442,86.94814173257903,12.826512541257424,76.04824424286834,63.77069377646239,23.20488384842175,609.4613857813475,725.2093538595834,1334.670739640931
Company_08,Year_4_Month_08,17.525203598787627,75.3655183328514,37.094063856210695,99.13903378186743,80.08490613561804,18.25081893607013,55.01289645357009,39.1653960083228,85.3647141183587,50.48041590160903,532.5317421494635,528.333446538302,1060.8651886877656
Company_08,Year_4_Month_09,68.21117734511867,78.91107232698066,17.750380473404363,43.22785576405379,71.9706081781496,41.91836726281283,39.394204471058956,53.591103943043,66.44676762935951,31.16408363974837,583.3537542668906,739.6030983129876,1322.9568525798782
Company_08,Year_4_Month_10,57.153619551496725,65.48447734510543,75.21116883634981,53.15128637454949,74.78521726543892,41.138471873647646,85.86235348305972,73.84141775945848,67.16596799241665,67.03179516311604,657.6656188405032,494.09357310732076,1151.7591919478239
Company_08,Year_4_Month_11,95.13477460572564,72.43129201634122,13.759734686962952,75.33018078996552,44.431834432507735,52.850966926099105,73.17915579453019,99.68315001840605,13.629074984710435,14.221374565130107,759.2113635931411,704.2105479735396,1463.4219115666806
Company_08,Year_4_Month_12,37.96452491583445,95.98966447770526,32.82590556474509,57.88956009927556,20.05599387794311,74.03531963831476,22.237541167121176,33.79906371716499,73.25200412933947,63.499208043231924,536.3181374114054,231.15608462451786,767.4742220359233
Company_08,Year_5_Month_01,52.77583943502474,51.47564851874683,74.06812550747931,69.83589149842035,26.35894702703782,16.65992508701789,43.191711551266124,31.943511590580805,66.35350251267464,20.26399600215698,546.7587777585798,593.9252466558139,1140.6840244143937
Company_08,Year_5_Month_02,81.6081612127595,89.49334392084246,97.9107430075751,13.576728387109403,69.93492162545496,73.07267637518223,97.45759117616029,69.07445776550651,23.82520518786766,57.24706138671963,782.8709061003059,387.04290553049293,1169.9138116307988
Company_08,Year_5_Month_03,96.67984309089861,46.54814442149598,63.22178093012489,29.315322323037087,83.38187328190423,79.26243735426692,15.32567735146618,43.772368538887264,18.94715239292878,82.53804737206121,673.618516289858,658.9415924195068,1332.5601087093648
Company_08,Year_5_Month_04,62.78510020207675,40.97011397255383,66.84155429633911,56.45617005876738,25.081592125310863,66.10215794248286,52.840397342834635,91.546077973155,78.76243062648116,55.46142849480878,565.4491234393565,272.0115309245768,837.4606543639334
Company_08,Year_5_Month_05,17.974181452641954,61.38814407723882,79.49576828650014,17.384962259743148,84.25268795980581,26.17641848271482,43.37497241560751,69.00288143894,67.64463322299935,33.1124165711293,474.9516290060431,263.7602267905733,738.7118557966164
Company_08,Year_5_Month_06,43.49861984696767,68.48417568427408,62.80969484619096,21.525082213907083,66.62736198040282,99.88758793981468,62.487529140872965,15.833430111596144,69.717009541656,65.88766019237227,564.614910928851,261.729529467949,826.3444403968001
Company_08,Year_5_Month_07,76.79726083263432,25.942475508412837,36.31324764086445,46.40854579281051,35.146035289876764,85.20507438812407,93.25611716114369,79.49187706354697,19.801186988773203,58.946428941417786,562.0337277220502,411.09446598244915,973.1281937044994
Company_08,Year_5_Month_08,71.47397167356243,37.610941706579794,59.93844128923886,13.0059125621734,84.87353454801631,15.476596488840663,80.10580063314079,25.443787165820225,60.23208120767737,87.09684132229052,544.9349608888531,330.53970858451817,875.4746694733713
Company_08,Year_5_Month_09,52.238802745288794,53.803794128809784,81.37031818237496,78.50751818878801,94.64141670366683,40.41955569433114,76.4690073337634,15.748293633775221,47.51901375575176,62.62374137128588,658.9479994754068,479.92563896786476,1138.8736384432716
Company_08,Year_5_Month_10,94.61470686794435,49.7553298454096,58.26144914059871,52.696569419666275,51.04422752421496,25.824040241068218,74.22726232347385,13.986320032364244,95.33638282671,69.93046842651299,643.2820941322735,523.7366843653929,1167.0187784976665
Company_08,Year_5_Month_11,70.119256178174,36.23938775901135,25.608479123371808,84.9371103470661,18.39139426466635,14.626064423409037,26.540987886177614,82.07418513343892,87.56354885462457,14.947805451911833,511.48801365036263,559.0186891908016,1070.5067028411643
Company_08,Year_5_Month_12,63.88043244222468,74.1895745713754,10.667846646855317,29.06721847171466,28.974247353420637,41.14927095091839,42.978945040101564,86.70141481519637,86.46595603633914,26.002996727187952,571.1755478304034,502.2742761195137,1073.4498239499171
Company_09,Year_1_Month_01,73.87959272607034,11.658385707110162,14.200836668467465,75.87461923853608,96.32167039777127,99.0489438248187,82.41763101182416,30.087335442916824,74.518489997374,78.28939910422808,609.2867507703486,653.1573898706249,1262.4441406409735
Company_09,Year_1_Month_02,33.64359611814484,93.4631142067977,52.99996922143657,13.154478522953571,62.55475255420459,84.0817631386529,40.18582385997787,21.749426693032518,30.998018208278218,10.35239215509917,542.7922970311017,690.8871042511792,1233.6794012822809
Company_09,Year_1_Month_03,24.02598698586661,18.414145070166747,77.47048393318931,68.88663580094257,71.36803918779151,82.64923816130849,70.17374028478548,23.405847056806977,28.765990210342054,29.121019626179567,588.2192157106023,470.57746069124397,1058.7966764018463
Company_09,Year_1_Month_04,25.70021674730671,30.04193116435337,86.87234593686216,23.660959580353605,60.33274994051341,32.733735790554846,36.221526322144086,54.39257120349464,42.30092116328265,77.28548672835545,446.45337959474483,472.2296162788777,918.6829958736225
Company_09,Year_1_Month_05,61.3136580612579,57.53206003274903,74.67895287871025,41.59670656859939,27.88885757934226,88.23503878805779,35.6295537023691,11.61576972054588,91.31165899169766,82.99894982559574,620.6129630584733,350.2315766576977,970.844539716171
Company_09,Year_1_Month_06,45.5697786967292,74.08246072676297,17.88773942246295,81.86214204808999,48.292990219509036,51.45311108402832,42.0787338945528,58.6129066724169,52.51754268334504,87.22726053661907,518.783578938213,308.0550820120211,826.8386609502342
Company_09,Year_1_Month_07,33.73516655319753,58.49402210462377,32.11068404919773,96.07178781349629,26.312664069016765,18.195302720601894,93.10078172503262,27.021701289219173,93.69937569768173,25.763775616912667,470.22867211318294,650.9789137268731,1121.207585840056
Company_09,Year_1_Month_08,37.956088505808,96.16616391455068,44.98096922365639,12.463392657574854,94.54406381856091,58.95763072175359,49.80933328022875,40.48961588035658,37.723812688203736,17.705099372339674,543.3710211060699,577.5453351615722,1120.9163562676422
Company_09,Year_1_Month_09,87.18515687172518,63.72527330036898,98.76347269543116,42.17463958041739,23.85560788493346,18.668289687961,52.56093838170919,63.07089145635386,58.45215736489564,55.44624738689986,674.9045842284524,534.4953513993219,1209.3999356277743
Company_09,Year_1_Month_10,47.058547825425514,13.094955209760155,84.27898871562232,83.32678650123981,48.26239936324395,15.593368062131633,29.93284992013834,13.67846160733693,32.25813919017054,98.53767475956549,418.5135208142031,685.0581063427112,1103.5716271569142
Company_09,Year_1_Month_11,26.47087775753474,19.075346864683084,59.82223034092681,77.25750364720854,31.527816967054708,80.03168581337603,13.285866415563731,41.9238789493545,89.88952450907009,51.73658542919515,480.1831722774089,468.18727204281817,948.3704443202271
Company_09,Year_1_Month_12,60.446197987596086,46.70243506775399,72.97982263691159,42.57131975723376,40.43019077363555,65.88592239561007,30.65727471740213,41.130449104692644,26.272312150851235,83.04772506998438,541.0203655373541,377.10799335753006,918.1283588948842
Company_09,Year_2_Month_01,60.48632250931156,66.49120532561774,81.92428860007614,69.6569852332972,68.54593527749756,98.01026505277838,65.54357501942386,38.59127828283534,31.038630064152585,95.76496417045497,692.2007042762402,313.47728211121967,1005.6779863874599
Company_09,Year_2_Month_02,43.45939368074906,38.17863274798593,23.96920771628119,96.43169954630999,99.70447054780861,94.14804726661464,12.162525376289208,37.394924595812185,59.20724067141764,61.04939717182342,588.5801291646023,738.2011510193234,1326.781280183926
Company_09,Year_2_Month_03,67.15891072282736,96.18556369085626,54.01390626048977,40.05514814978705,44.366582639599535,58.82904268391029,68.83915518246418,12.813930155823776,84.12229157119359,45.63057371038021,624.8613887637313,321.6235484438793,946.4849372076105
Company_09,Year_2_Month_04,41.41224203850014,17.78667523102554,90.77283555917052,93.28193019158167,50.60794986707334,89.66100025221562,60.028560388579066,84.91705390562154,60.76918261728167,76.8081460909177,552.7986924901395,331.5110612316837,884.3097537218232
Company_09,Year_2_Month_05,92.76450299817375,83.92666778870861,98.6829770091451,80.52500522599166,22.067374684426262,58.84120151555085,92.03504276676054,55.263142442239186,15.703203434465435,34.392189628159045,834.5748669710906,561.0669940006709,1395.6418609717616
Company_09,Year_2_Month_06,57.934841150767575,78.93893737176894,66.04713198863175,10.007857924982641,81.67408991547552,31.412581591415943,70.4447008925405,62.45116699630916,84.16094797121436,99.95201319848873,624.0972286438201,394.862423091793,1018.9596517356131
Company_09,Year_2_Month_07,36.35055874911295,75.79877833681768,56.14073410923459,58.13733510612322,78.16684133373718,36.18199786218028,67.96079138255897,84.767117930124,79.11681515942294,61.17328229083771,625.9690596867674,460.20483742974136,1086.1738971165087
Company_09,Year_2_Month_08,76.29003546872643,72.08008261623918,63.16073019027513,14.441534313492799,64.83211780650647,92.00725763060267,18.77780269561874,92.2279069795733,81.80100783282529,40.551280621661746,703.6747169913276,648.8169144358365,1352.491631427164
Company_09,Year_2_Month_09,86.79017192536834,83.86051085040518,78.14480988683957,55.817086232299665,81.91557766254009,87.04321824025088,58.433241930394594,53.48924728113604,27.317133695790268,15.610406976261123,762.6084110476568,300.28411700486544,1062.8925280525223
Company_09,Year_2_Month_10,94.05380536950476,68.79724412946291,51.57060740943848,45.7747782991651,57.269863663871924,72.20652418261238,13.092285078960032,79.32698420074627,74.08323445172925,86.43030359034317,699.1219048041839,669.5472396773075,1368.6691444814915
Company_09,Year_2_Month_11,63.170940942811185,76.45966020880854,49.32830248201797,32.53087788013362,60.12915473590147,99.47836580250575,83.26658911513218,32.968753747033055,55.87677918741409,64.74296818035575,683.3307290549245,432.3051900303824,1115.6359190853068
Company_09,Year_2_Month_12,29.04935805208091,54.71251119688812,97.69200516216219,43.9351231626398,80.83941505346091,92.12128276081522,16.58103238888653,59.74139020139015,76.58651727152522,63.193864373057984,667.4831642240296,628.781656192753,1296.2648204167826
Company_09,Year_3_Month_01,91.72911263172219,13.421769156117916,40.00760189464319,48.238220733835384,42.89872051640991,11.981491093353851,55.60603521602037,99.38427200495948,63.40116200646149,37.84938927456238,586.1155870187176,316.1633949841969,902.2789820029145
Company_09,Year_3_Month_02,18.227166958186377,61.876468142340066,97.30483740545401,45.041084592085724,15.678028771422031,27.1049259880246,56.42000342320108,11.547247359023686,70.93914531457959,46.90915971330311,499.3118778843237,679.4421618852327,1178.7540397695564
Company_09,Year_3_Month_03,49.49797189433493,96.98202074097013,80.66443395298694,29.61584223327027,39.83320026536847,57.268512222047896,63.05161532738555,23.020950708570474,53.67098165505909,54.4661349146129,637.6226350304303,213.05347672538514,850.6761117558154
Company_09,Year_3_Month_04,36.44346737950355,67.04362287987524,71.19585146807327,66.65472466475438,35.41693546901048,41.373437692376584,67.57072804201525,89.90936845416448,73.40041642279688,18.378246229270733,571.4508631958157,505.01404018735093,1076.4649033831665
Company_09,Year_3_Month_05,55.008293359572626,16.92166962596928,44.676365451400684,56.471134489346014,90.75637559805484,29.921187973387916,65.56863521148469,31.73372482923849,82.40056224458563,46.19427497796151,486.6145010819189,393.0800068603045,879.6945079422234
Company_09,Year_3_Month_06,66.654123975283,32.863603139393,91.91833847838497,19.591947245046125,54.118264504885275,24.661491009189334,70.95498748432887,70.59467583646584,62.80392064232372,73.35647715523103,594.9018663539775,795.0004549932042,1389.902321347182
Company_09,Year_3_Month_07,80.31915964922962,44.07663385094949,88.50702265199038,12.964300963008338,83.21097793010499,34.18772032588526,67.22039336962473,91.24275053664911,59.093044821090714,38.9273275344016,676.2264050966181,513.2524982695447,1189.4789033661627
Company_09,Year_3_Month_08,98.4024719719051,60.78610756969008,48.824904734539544,56.041638689421305,65.52473241764025,32.364569720950904,40.081901519397434,34.070245147958786,29.39241186793163,51.71614828390833,668.4486494626154,628.0062178695359,1296.4548673321515
Company_09,Year_3_Month_09,97.92645831494855,66.27632969857453,52.6845930683501,46.527989735420896,91.85520271679594,35.46161644152779,88.94308510935485,72.0719479192766,59.851564972318876,65.65790944720735,778.8820433658055,566.0255690409639,1344.9076124067694
Company_09,Year_3_Month_10,98.43939589569052,35.769133845095155,79.95350814048285,14.198124516416772,82.28873233055201,69.53510753930253,94.85994311121563,17.026322546836585,13.169394623840962,21.23403483119997,700.5099346261952,209.25105455216956,909.7609891783648
Company_09,Year_3_Month_11,97.03809944581538,54.216783300176914,25.729141624832177,78.55349836972121,46.99291059660821,32.19417213291447,22.247323861321508,77.69910692584743,54.509349660795436,89.4800118704861,591.0482319060867,458.00502220910033,1049.053254115187
Company_09,Year_3_Month_12,53.43891898339413,43.35996796682618,49.13330549919478,51.86021674168847,57.820338418399245,96.42276678238233,37.65795531539615,16.03967988303849,39.834894220755004,35.58037151706913,557.1112206876435,627.6253806915113,1184.7366013791548
Company_09,Year_4_Month_01,76.54954508282111,97.84647496295314,39.761563261188314,96.7481583121447,14.900948723764785,26.006040949342808,21.777171204582835,45.49037491980817,45.91310780544069,56.601900548926224,607.2798390930984,441.8884319414241,1049.1682710345226
Company_09,Year_4_Month_02,64.8907181086349,78.46557752043098,22.832574734345556,33.72154181611579,49.35622454479065,16.598580588361457,75.11186488795182,95.8027069210233,21.131601295945863,95.59635004247524,511.09320771198077,719.0598047359988,1230.1530124479796
Company_09,Year_4_Month_03,61.71630413025363,49.496877441658036,92.14115964425247,90.24428012888299,89.7381529241608,89.25335982940696,18.874567607607226,45.79888177798342,29.92659261373157,11.654059444925785,735.961032217145,672.576061703905,1408.53709392105
Company_09,Year_4_Month_04,76.69414327643418,30.656368292757342,51.263366589288914,55.0376106534266,75.86445179407868,62.041951840332615,69.22512381527815,40.99632091922611,40.59157004300448,52.537307778024974,626.2679832869921,233.89005216980215,860.1580354567943
Company_09,Year_4_Month_05,41.18814503126089,68.59900258472489,16.844797510183902,26.36466773235283,32.745860063699666,89.79841422334805,35.87358322749452,24.467435517912865,98.8489039835913,92.93969537653187,459.6100129758302,395.1759588273609,854.7859718031912
Company_09,Year_4_Month_06,63.857196591498244,72.55881841912111,99.55424967481343,52.782427496066596,23.69574875328912,89.43635233788545,11.067443392934994,12.078963573258168,39.779142976817525,50.92296613588468,646.4059858869922,259.55027948903205,905.9562653760242
Company_09,Year_4_Month_07,69.13405632334153,58.15106171418484,64.182525728536,42.645881092534175,78.32828882941779,27.31329062766107,75.34825795597499,39.580958149925266,60.357450052568744,77.17359526619595,629.7657841017027,208.31148790803593,838.0772720097386
Company_09,Year_4_Month_08,79.80647032465217,96.11178570550283,39.30359429054141,24.868092988042946,52.80428851808179,44.22121026464545,76.27461929881254,52.76006072310855,89.81385995033098,76.93155492764723,714.7750194155583,797.5318448447392,1512.3068642602975
Company_09,Year_4_Month_09,20.337531132336764,83.72114875174492,50.53310669955314,72.18025526694107,42.361857140828704,46.50330647876038,72.09337331827224,62.57854019982208,85.75133967126825,36.905320768747586,539.1087372936056,286.16587423207545,825.274611525681
Company_09,Year_4_Month_10,85.34576719072719,70.14475801601057,64.73933904237546,87.5386315401389,59.50264949784885,22.38662016336596,21.38468586362962,91.59461374880321,78.98872966707836,82.34660065069329,785.1078365154972,733.3041161898045,1518.4119527053017
Company_09,Year_4_Month_11,97.94056520094794,20.75849671364175,44.312748616171646,12.585490577694276,46.27734514794789,89.4200704668548,53.09327806688606,94.35909719468509,40.311547299444825,34.79179711291313,581.2931834431514,278.55335911299176,859.8465425561432
Company_09,Year_4_Month_12,78.23049121397626,39.31321992189813,63.475808663750485,94.25447759224713,79.6898711019828,44.719062956529406,45.68344433425645,86.00861041333653,52.77288878212872,20.18316604988321,656.0672752922786,680.1782053274076,1336.245480619686
Company_09,Year_5_Month_01,44.41936977228205,66.32750191942031,33.10490990151594,99.37562311850922,70.04070204283282,35.011710203422965,91.6814548622732,73.55423059059692,85.46137010332654,25.474226257947553,634.2601145169981,421.8205689285785,1056.0806834455766
Company_09,Year_5_Month_02,68.75998247309248,97.59345113309598,86.51196719453361,32.85753267445975,93.52235532221839,38.691652572831,34.0855939167791,43.60075686326734,94.07486581643518,63.710832110154136,712.4851693925152,374.4767099925135,1086.9618793850286
Company_09,Year_5_Month_03,12.182307549769757,78.30261649067381,12.461187791662606,74.83025658080066,24.149390410388076,23.749626701346223,58.80854581439425,94.748125167209,87.16280707541303,14.87547096192684,476.1107201831813,377.0639834925523,853.1747036757336
Company_09,Year_5_Month_04,53.728578187236955,44.429036311687256,43.031824758023696,15.251421591348809,94.23519028245683,27.46212343972885,51.970565463380254,40.73272055794698,27.827660618137926,16.549180684114248,468.1187327497941,461.37476401835397,929.4934967681481
Company_09,Year_5_Month_05,33.453009738764344,27.688778331618217,73.88020933332632,20.333954498501697,44.97681012796497,12.275104007563638,95.51461943311745,43.17727450990688,66.54313829822703,16.109037186407818,458.5673393441419,263.51272624790545,722.0800655920473
Company_09,Year_5_Month_06,47.914553082560005,67.27119421069675,23.107737232673983,82.52757124571444,86.74942751686119,33.087929499641525,41.14699521435136,66.89428756109122,65.6769497487194,12.45038843833441,531.6488099701885,660.8215421584259,1192.4703521286144
Company_09,Year_5_Month_07,38.901863786453774,70.02164503831918,42.45474295511148,63.46815879530272,58.99843095668526,40.90648491350133,47.44859539545761,86.43752981625364,66.47983390588513,47.03678793963277,639.5470867240317,304.4785891290677,944.0256758530994
Company_09,Year_5_Month_08,11.914262531723828,52.61312120032748,35.91397583024182,61.47409526494596,28.673563926988546,24.44492713860758,11.823805647041562,61.1316035708682,36.98026002988286,48.88271815808336,385.19397498816903,260.42106932232036,645.6150443104893
Company_09,Year_5_Month_09,30.75032487253537,29.02576877498217,32.0895318339015,43.08789244147818,78.65383999486001,23.553835561429175,82.80078217206524,10.547045928096372,87.69875261523424,23.034404036632917,386.25601912863124,720.820163877921,1107.0761830065521
Company_09,Year_5_Month_10,44.185790298646644,18.086288896125996,71.68107691875261,55.05718129688246,10.772178878079341,24.590729885314087,23.050716389138223,72.08073181175553,89.80428496347828,19.052950248525075,435.5707841491825,432.23940442104504,867.8101885702275
Company_09,Year_5_Month_11,89.92822999941926,60.918893128681034,20.097186134986536,95.94723913680166,61.100985767460614,85.43835203178995,98.65414698163559,24.00654504323087,98.29463988003201,49.75319773431629,740.8604867816581,782.913161269104,1523.773648050762
Company_09,Year_5_Month_12,25.397955495620906,69.40202817269025,75.5153327071061,85.5874153559082,17.174163531854973,63.23630195892791,34.555954247055354,35.53712568413755,79.97612595263803,47.21298219221641,518.2312395503551,645.2575774016952,1163.4888169520505
Company_10,Year_1_Month_01,62.407520953193405,37.3804115623704,81.25564462623532,42.311630470235684,71.15170190695841,14.842560809187805,56.17965969271051,34.297171946962095,60.21564464471875,76.2977646575423,572.507423246868,796.3442300709303,1368.8516533177983
Company_10,Year_1_Month_02,11.173421262483028,47.450227328487756,87.05844712108303,57.48126646992636,75.97187365066235,21.892853210334245,88.41478668062108,30.96005635443791,24.06970892086099,21.212417056473605,507.61416520208394,604.4695073191381,1112.083672521222
Company_10,Year_1_Month_03,84.1927546872662,42.99949854266118,55.80824923252824,11.712379726466905,69.46958307874581,19.387169264118874,49.08512572978538,81.4573772424403,82.03416891421142,86.74088070331976,627.6897526186182,343.6900761904694,971.3798288090876
Company_10,Year_1_Month_04,25.438140985123063,78.9717394683663,53.619625990670876,33.010735961260195,70.2004129226861,50.98348367730423,39.16443598023908,97.20485018187686,70.7651315076989,43.674295830376686,533.9362294533512,337.1166495481276,871.0528790014788
Company_10,Year_1_Month_05,85.65586410986604,75.32631966809684,82.85593457570542,35.990975463290546,65.02258507499658,33.856047152300036,34.908662248777745,49.47297956974957,82.2350839139395,76.90257743628484,716.0616564870098,586.5058499885488,1302.5675064755587
Company_10,Year_1_Month_06,16.371042336902836,91.04675339053374,25.284694150242814,35.553050916041286,21.02274127539814,28.243053968073948,80.08964473403059,68.19368363340106,49.45240076022403,69.25402657386115,435.02316511490386,209.10970835635757,644.1328734712614
Company_10,Year_1_Month_07,62.50825225770214,50.69843458015185,12.59160022695021,50.918912133412846,19.63247775257642,77.82043527900704,16.32020223868082,60.39486825459369,94.23685487673148,25.196543951336366,494.98875331229374,339.97229142102526,834.961044733319
Company_10,Year_1_Month_08,16.088777734931213,26.741328775325456,82.97899738403531,46.103735445541325,90.33500947070874,82.83686487152238,27.966398969843716,65.78999421896492,45.52370223323444,25.387525308937782,484.7702367633737,765.0534613888443,1249.823698152218
Company_10,Year_1_Month_09,38.03403650996546,32.28331865075249,17.120749148185038,12.833595358426582,85.61638169313598,41.00960594329377,38.66401150621533,50.806407008160306,27.486741497800736,22.972874164802484,391.867746557059,798.9218801434739,1190.7896267005328
Company_10,Year_1_Month_10,43.4154212987647,32.01357619167067,75.8408891155558,34.25098857515608,26.883452754912003,52.477750397655925,94.8213860885427,63.86178849223579,76.45125917310479,22.355767688695128,505.45731922894254,640.5556918522927,1146.0130110812352
Company_10,Year_1_Month_11,71.6123421181355,35.26060175599261,21.9487655039037,68.58496879039807,71.89940321650883,92.54864320625337,76.0017872544517,22.92039860437056,89.8483177785988,15.55641066137957,585.0964295222217,417.3733209861449,1002.4697505083666
Company_10,Year_1_Month_12,92.27604906577432,36.30076981859654,87.47344914101247,62.724371568378494,82.41073940071618,44.80483405778636,98.46045636621334,57.210483461274826,10.556155236064988,23.119353676244206,776.555770433924,443.23397959767425,1219.7897500315983
Company_10,Year_2_Month_01,24.335584604235606,61.647945580428136,35.51497848782867,60.804873527595824,63.03394551542434,59.96198553546024,18.366691242006944,76.67431023198586,64.03656456016384,42.05545676442088,474.8045959451067,559.1674541645756,1033.9720501096822
Company_10,Year_2_Month_02,74.31698460086675,22.68593450550156,42.83862489921617,84.24258572307626,41.4209073341567,61.73296332038669,12.347550377970796,63.57241537610331,95.34814278513382,70.13115629085405,572.8587968590241,586.4510691556927,1159.3098660147168
Company_10,Year_2_Month_03,24.86058228165743,48.833521462611145,37.32258741295038,92.6477499757005,64.32624628897256,66.1212392419898,99.60399155095679,52.917721608965344,66.21949381046657,14.446182649513114,607.7893161372801,211.66056695852103,819.4498830958012
Company_10,Year_2_Month_04,78.36581635687479,10.119125773615822,83.83145328330068,33.323327305112954,29.645557548215177,88.81640672985094,87.4007813964265,80.3510981774711,65.25781812157959,28.853199531406837,626.3500321807429,690.1209547074055,1316.4709868881484
Company_10,Year_2_Month_05,53.159885622959784,31.05769388878284,81.27407436065442,19.062152836589377,16.416671913236275,54.364597662984785,77.38844365352249,99.20577887599458,27.29933702910921,16.979282540490612,558.9779188455855,751.3810386368017,1310.3589574823873
Company_10,Year_2_Month_06,77.3185612293262,68.39025306581712,51.285631536927525,52.622267073847276,29.396731324078644,95.269852749861,44.15264009334912,17.657310404000736,40.27214420527038,98.66344039650004,650.7458579439095,781.1401227943719,1431.8859807382814
Company_10,Year_2_Month_07,38.42230543932597,52.410169000100574,35.97543108177496,96.9769348408125,18.341926667719136,57.065529374821786,77.90939441424507,52.38469220784765,93.85842719106338,32.02353374615123,529.5150844369908,272.8355656302489,802.3506500672397
Company_10,Year_2_Month_08,85.78100183859743,93.99263166200107,58.66773753668401,43.98376226222159,61.80664813751738,83.68283751409989,55.94708754317646,70.73797594043239,16.6056525865778,76.5800742949526,764.104164307855,752.638404480908,1516.742568788763
Company_10,Year_2_Month_09,79.58942925660817,12.249362328126807,51.01555760332452,96.29008185959493,35.952769596333034,25.619484754773687,23.947502805612128,11.042954781748415,22.626747626208353,10.182439469755959,533.5953320128092,223.06348023144668,756.6588122442558
Company_10,Year_2_Month_10,94.31928768252195,31.720366270267153,62.009251206048276,88.39787785664215,36.25567836185194,60.51966102409135,55.88730378807533,92.9445926844205,77.69021704844182,37.62358335844549,664.622160178632,505.41733033494637,1170.0394905135784
Company_10,Year_2_Month_11,49.44667383773555,68.66796489176345,43.18468706546364,23.970263398113566,17.382595431303145,24.95859876306431,85.24742218691902,32.26474400626351,19.191135539301193,47.74264210061762,484.0513867546721,625.9421446589761,1109.9935314136483
Company_10,Year_2_Month_12,87.85722331657992,79.42357285033324,67.46471997366352,33.213046385346104,67.74075210904488,20.3406449445772,53.436072610167365,52.38370275802613,43.67820006888627,48.637176618742664,691.5216113031662,476.0157658187585,1167.5373771219247
Company_10,Year_3_Month_01,41.33223280979736,92.5097566681108,52.02106885658181,78.58400028557307,20.086703699344383,97.89552348947693,58.891688764998996,42.11262836736899,52.84677270450099,91.67339115943818,696.3966415989947,456.8914626542092,1153.288104253204
Company_10,Year_3_Month_02,60.722873168826816,43.019651417993174,63.27595356146845,81.37119913463181,21.418072683285274,71.15409575815782,41.39413077904365,64.40744532828339,34.60915261272544,82.49517705777315,595.0645353690204,661.1489780298141,1256.2135133988345
Company_10,Year_3_Month_03,63.29170328276658,48.876122726534305,20.14776005856683,94.95096067857824,46.27862382100652,13.933438395295083,38.518199629506825,82.8245889191451,27.937292491649732,11.618139649718568,493.4604675663413,787.1710523515053,1280.6315199178466
Company_10,Year_3_Month_04,88.79071403926238,29.974528702281162,38.87485700403286,13.078527065609936,83.39985050575233,74.31981365107704,55.68431628643161,48.71320803020474,70.76529853992608,60.700477629359725,565.202339787768,498.49110554775456,1063.6934453355225
Company_10,Year_3_Month_05,68.54635161584685,17.560267513151537,85.16015132742844,67.47774835343358,71.70717953823333,57.15753273310756,82.11170937850432,54.96489305658805,51.84473749829215,60.96128305869854,613.626856053414,647.1280331257501,1260.7548891791641
Company_10,Year_3_Month_06,85.71130461275904,46.88341188037441,13.644236213641218,15.597593643224794,35.440615749633906,66.54016587670132,33.2591473865909,55.09773975494541,34.86990507153394,99.50881839558227,541.4784776460117,492.2676591710962,1033.746136817108
Company_10,Year_3_Month_07,77.47223328324156,94.54204822674983,60.311529781031595,81.6990349875176,28.409716859729215,58.30519000848477,38.9542034697735,24.794520806698202,18.179255245005816,89.08392076992595,677.0342167683773,410.574222856822,1087.6084396251993
Company_10,Year_3_Month_08,37.13658820399982,56.02997505016866,97.19785828601955,31.280322148968324,84.91577052443154,75.21774029168009,18.314896853682,96.08166502287823,84.25032811366378,80.06235077591717,605.256179929676,787.1127232374749,1392.368903167151
Company_10,Year_3_Month_09,17.80039954347935,36.13692447076929,93.38530754210103,74.92943191839291,47.31082541281305,33.366475138383706,31.876599336227375,64.44428029215779,35.035288774539964,86.21825533941296,486.8096994371158,757.941667478019,1244.751366915135
Company_10,Year_3_Month_10,78.8449992563321,69.56540926232178,92.67183414018874,61.40625883218419,40.40532696590179,45.96792719547517,14.935127891073098,26.78204009282328,63.38062355841552,74.87990116007667,676.3874272276719,772.6353940855805,1449.0228213132523
Company_10,Year_3_Month_11,50.83962518520229,65.94576865087123,84.96990652605078,37.3841368044929,89.09905085021401,53.24006940873537,54.254079126020386,51.39132345413043,93.3042003890424,75.39560372583678,622.2081340276892,722.7470740164185,1344.9552080441076
Company_10,Year_3_Month_12,48.82168042998689,51.94601270738741,96.42579443454626,18.994439035551444,29.34186309210722,99.04878159998687,86.76202038383539,57.45446161850082,37.036002972988285,98.83552790850965,599.1107977934216,570.0665088102719,1169.1773066036935
Company_10,Year_4_Month_01,83.81888323400763,44.595244470082086,59.3070529972227,17.82530298066466,90.4483729575263,31.761304048433704,48.64939192848993,98.06866455940487,74.13087900824092,71.61352702119564,673.3590626136581,296.11069195963364,969.4697545732918
Company_10,Year_4_Month_02,58.05720343983081,65.71131793177487,15.965141648833832,54.41636340018077,82.12259839353851,86.51971935439407,10.790451321380578,97.51968232964494,28.96882453639715,35.290900451289176,576.9861906923909,761.6519116933891,1338.63810238578
Company_10,Year_4_Month_03,33.14361702283941,77.13310819955895,93.5023136402341,31.9184706162807,15.433854611015237,71.10106477763094,13.355178153041166,27.5467729463783,47.74771283121857,58.47894625033556,507.12979373528407,393.22264864736076,900.3524423826448
Company_10,Year_4_Month_04,30.26123239624311,84.83163251888647,83.74487614657697,87.82317498605123,97.56690270503748,11.413389775953277,82.69425572665119,75.77877650744631,88.22171511964821,88.66502801563001,720.554302611901,244.51381363957543,965.0681162514765
Company_10,Year_4_Month_05,88.33750864963318,27.430171876679786,29.44546836763147,44.7809856297321,86.89791440607723,26.380767813538892,22.492119888303556,11.609222845692779,29.290007749504372,29.981262717044032,530.8508696030074,449.96693265155545,980.8178022545628
Company_10,Year_4_Month_06,85.6988236445141,38.40023798800742,37.75305283786393,68.50949666075232,54.595286426434875,71.80943487112205,77.87984329104229,17.261822971937214,33.33839490488694,90.33187907074245,668.7084948274539,696.7286831844854,1365.4371780119393
Company_10,Year_4_Month_07,43.68328771237545,95.8556119147161,99.40898989141196,97.00180858536682,32.48791679985781,77.7940519406489,59.08704560490036,69.76100225361678,71.56100138693347,13.56770855699964,792.4292809713759,313.626066652627,1106.055347624003
Company_10,Year_4_Month_08,36.59221192046997,51.29934650067002,11.299417595347848,60.8658264160732,18.880538342576017,11.363476425461789,30.833469851744553,54.141382519633446,98.92210789090659,80.55464412082233,349.8101480603296,683.0360647929797,1032.8462128533092
Company_10,Year_4_Month_09,15.722592322634837,17.4121319147745,52.38039526679131,27.4139189845426,67.86806949193578,54.97439505147602,60.29477424397891,76.68307433502454,25.586456555313614,86.63557958556585,388.98723931005065,235.1035887745757,624.0908280846263
Company_10,Year_4_Month_10,26.454111849419498,34.10818290563189,74.62367833049873,85.37763200181271,80.55786585322755,69.05748808102675,15.57972335292209,78.20250945167138,10.249610185848772,18.52675640174528,515.1012803523756,354.1425382284175,869.2438185807931
Company_10,Year_4_Month_11,30.370442739173267,23.07566942092079,54.84106767096745,32.43314191210244,44.844076927386425,19.302159030018732,69.4113136677581,57.877122315332464,89.468045550736,22.73904263311611,455.688471873517,773.7630152588104,1229.4514871323274
Company_10,Year_4_Month_12,56.13831964186512,38.260488192593165,77.8043932566454,62.322351860446204,41.08550198293837,64.6323195790452,32.39668320526355,59.82048773991276,74.2958982687649,99.47623334751462,581.7156633105513,456.50938675013595,1038.2250500606874
Company_10,Year_5_Month_01,49.48291324386743,87.57031913281094,26.694552731535843,21.094664460158953,75.73765360251379,35.27610336499299,33.250879410130054,19.4275542014465,97.85381370078696,93.56085853519463,544.2023386673189,637.6916548776142,1181.893993544933
Company_10,Year_5_Month_02,48.42292761738183,95.12355002323035,75.5419172521985,97.55811424558128,22.205556147288682,74.83702468185294,70.82256340183152,27.679409817413397,57.23358382174565,50.97415396307966,743.1096880480759,449.2031900052525,1192.3128780533284
Company_10,Year_5_Month_03,18.66356485703826,71.14163798469926,48.98816074267762,17.901086636649687,21.05959727372374,47.26446301530583,22.027332973030152,15.728640175459669,23.20541117738182,15.225960273953483,347.38343690687947,619.1108926577592,966.4943295646387
Company_10,Year_5_Month_04,93.59482905538876,20.578816393378535,15.570898929893092,93.64007458799485,32.6008813699735,21.716809488778026,40.44227357611197,35.445303614058155,52.763155125605856,25.97926261550242,539.0159032131572,594.984342804001,1134.0002460171581
Company_10,Year_5_Month_05,95.39374198865522,18.84931253797452,56.16574104948368,79.83256213997367,54.899446098937695,29.606110765737586,39.55589858396705,73.77204191098586,78.1725041884024,64.97933796818295,603.3098222616596,310.3594723620487,913.6692946237083
Company_10,Year_5_Month_06,37.353830583543655,60.254800833174485,72.1350642579608,69.57549846068682,53.790807725335,37.30933063102958,36.7724032293513,13.734266223888916,23.53080036841789,19.903487047253837,510.20552810864183,429.8250059080519,940.0305340166938
Company_10,Year_5_Month_07,31.43223765193526,95.31936352088326,63.971527427398875,72.5622180193057,60.72338188013048,99.47833436088638,36.00939524524681,87.82439007465925,13.738116409955872,94.18099737632757,616.6556051745752,719.9719700452035,1336.6275752197787
Company_10,Year_5_Month_08,15.82755086993605,76.84812488441756,26.341791797987906,43.40243583425569,29.39822575923488,97.65468258121092,54.519644509002504,92.74282738083429,19.505853553839497,60.99381705014911,451.9712009834059,326.64228255866846,778.6134835420744
Company_10,Year_5_Month_09,93.43231494750346,47.70326524812863,96.75911867301721,33.533779923170584,28.72630343912814,74.82726193302929,96.60989942764503,36.7727007330603,12.135011992214869,27.400233070421674,729.7462863485879,529.1528109835408,1258.8990973321288
Company_10,Year_5_Month_10,34.771465354421224,85.18533929251677,84.07660997298534,87.80692082255129,58.938670759574634,71.63923231991174,22.167461611767184,77.33727786801485,99.58858451890825,78.20649829194946,647.59667813072,400.978944878985,1048.575623009705
Company_10,Year_5_Month_11,37.378618322273454,58.860116902945535,18.454999527924357,69.39866917382717,94.74037240438837,31.473028824026283,53.81383477171537,56.94051713488598,16.619755224674826,67.77829643639177,519.0010716026209,753.9791936301798,1272.9802652328008
Company_10,Year_5_Month_12,88.18759047027672,12.893768931816428,85.7098220298075,76.052722492523,10.630799516616262,68.81439547495637,98.59012126808983,78.05819373351623,57.28960045578759,73.34114417743734,625.7214799924348,214.45361748888925,840.175097481324
