Company_Name,Time_Period,Clinical_Trial_Expenditure,Medical_Device_Sales_Volume,Compliance_Audit_Pass_Rate,Pharmaceutical_Ad_Spend,Clinical_Staff_Headcount,Pharma_Production_Output,Care_Network_Expansion_Fund,Logistics_ColdChain_Volume,Pharma_Research_and_Dev,Digital_Health_Records_IT,Net_Profit_Rs_Cr,Total_Cost_Rs_Cr,Revenue_Rs_Cr
PharmaCorp_01,Year_1_Month_01,25.629567693851527,74.7044797751208,47.61119482134527,74.73183163282809,98.82478246374603,82.45249388995092,66.02110832763576,32.50667545884276,91.83933518499147,86.27530153267064,568.2625163280276,691.1680843088413,1259.4306006368688
PharmaCorp_01,Year_1_Month_02,78.15265763342096,32.470941532715145,12.533522228734494,96.38036268382156,27.870275956951694,29.81063074724354,42.61887902913735,23.74406408274843,91.25579770307426,55.19245871713737,581.0506694576021,708.1347981349234,1289.1854675925256
PharmaCorp_01,Year_1_Month_03,58.29158218939297,66.87737596388672,46.39193546523259,60.2640364236219,80.96356387874337,32.97778704716518,79.35346015140075,24.648449173411592,68.29836667072385,38.43346965550849,603.9146165040222,553.5090344491491,1157.4236509531713
PharmaCorp_01,Year_1_Month_04,58.08905082830662,64.92807100762579,24.899077568256523,91.05977179143304,86.4244801627625,84.96642894888276,27.30651689714562,86.8048974278963,28.678495134738572,17.988214645623927,639.7872513504385,598.892840953476,1238.6800923039145
PharmaCorp_01,Year_1_Month_05,40.488212365358976,92.54553062589966,89.74781658214165,84.39116046611313,73.28281857925896,47.33884560100012,55.75306085948307,38.27463617128425,46.59438636656003,66.18627269929745,678.7470082468103,623.1285950836444,1301.8756033304549
PharmaCorp_01,Year_1_Month_06,63.518111229691215,14.741396478313273,38.91986950061666,82.81732201906283,91.79950019122853,63.029952330183484,80.02412215018882,26.09720366084143,50.74875677015941,99.88661585396693,552.5483252586607,617.3331533508958,1169.8814786095566
PharmaCorp_01,Year_1_Month_07,19.21825500469075,83.4398252213179,39.50195907889484,16.20291994634,18.475984591681673,90.54198400560382,39.929233495373,96.48123577626022,29.162407756559034,44.046741822381854,444.90240112239326,627.780541763859,1072.6829428862522
PharmaCorp_01,Year_1_Month_08,80.62274891056244,15.226830668145102,68.86142367728681,41.46163196721153,55.97898230839265,80.89270332654225,75.11749680828265,49.961858106990874,46.10626952316033,80.08531298136421,691.3136566532347,476.39445296860697,1167.7081096218417
PharmaCorp_01,Year_1_Month_09,78.57241985235815,95.61127277420441,86.10658708984856,25.36374323141406,36.92838570649852,98.54019960271334,23.10743533172864,89.07960004015177,87.38542463055065,78.00926367781837,805.7362993256457,369.2322986188127,1174.9685979444585
PharmaCorp_01,Year_1_Month_10,76.3578603452848,57.783496121087666,50.92434301012057,43.93894939112967,52.67150392969569,81.48025742961005,57.405387692862995,77.23462182038413,10.51332024221503,94.47519706065609,671.4715727577964,277.7621095677365,949.2336823255329
PharmaCorp_01,Year_1_Month_11,44.24529457603257,56.819026810874036,18.521325149931556,76.28004865634195,35.14276233717975,23.20391830519695,93.63325412681978,77.8762922546906,19.246636821251503,31.437923980706778,467.93249061033464,637.4256487816119,1105.3581393919467
PharmaCorp_01,Year_1_Month_12,34.27403102847921,36.382615474515326,88.05941052102882,59.69379599430989,94.49090534526104,88.07900004825856,79.80702139961843,21.58990114525458,69.6999995209682,64.78426450557617,598.5381096975294,719.6948090693,1318.2329187668295
PharmaCorp_01,Year_2_Month_01,35.512725632665294,75.6989228546782,35.22292037640056,15.26437834886567,32.67003047470004,80.53902797565684,51.60588456270893,79.20815718667626,43.813689048842555,81.36158809280417,534.3583427874646,659.3229383241646,1193.6812811116292
PharmaCorp_01,Year_2_Month_02,78.87768025665984,69.23995826534534,67.77076502899594,43.036838408512196,48.257844842532265,81.44379682033475,15.84742763562122,65.96015430351639,11.388991087193613,25.64886618938713,658.0571907810315,292.2736104949128,950.3308012759444
PharmaCorp_01,Year_2_Month_03,56.09703189625941,57.00152590392209,37.493476586843,60.366380042870105,72.19406264064054,58.4874958546635,89.34283359336499,44.84224625597093,95.59526975595071,69.09009599138201,619.1429751111873,265.0875309284642,884.2305060396516
PharmaCorp_01,Year_2_Month_04,55.15431546120841,63.031996198247676,73.72702904554103,34.171783939318665,27.59796931872604,61.68349140573809,44.69494775940815,75.93832476588128,52.78735295389083,47.01100208391245,541.2391486169412,649.5589016805967,1190.7980502975379
PharmaCorp_01,Year_2_Month_05,82.01969576919552,51.09393082995894,61.68080852274277,88.24605686467785,21.029290958439663,11.120467310457933,99.99077075350502,51.19515569666279,38.6771332715099,13.529852557861645,642.3236536803917,662.8250231810651,1305.1486768614568
PharmaCorp_01,Year_2_Month_06,80.06579017508383,31.647548125300666,91.92279553614628,12.461368128996922,70.66223338054607,54.91107186283284,22.952123013824433,99.17270953688323,83.06690997662221,53.90341375705863,617.86870895641,703.8456378430376,1321.7143467994476
PharmaCorp_01,Year_2_Month_07,95.20669541919628,49.80705890831635,67.42750456368103,49.71964471286809,33.88017935675484,49.530842608302464,45.18951683554777,63.479832934522946,94.90902572856346,60.48697773878212,697.9920521997032,732.9874505031355,1430.9795027028385
PharmaCorp_01,Year_2_Month_08,98.14147532441524,15.789805000578871,52.733536060528486,98.79015664000157,67.76620711120447,64.46148104589008,67.77512884883147,39.91693237564943,43.082472202777566,78.1684433257207,714.1470395873262,764.0437578397898,1478.190797427116
PharmaCorp_01,Year_2_Month_09,63.545293509096304,60.53520658279386,63.98298476475519,84.39198542322549,12.247759451547262,31.48278016074603,65.86272420627925,38.308401284557064,55.635096092033244,98.24795099319272,620.1053886236376,219.3369484316332,839.4423370552709
PharmaCorp_01,Year_2_Month_10,46.09673664680953,73.76601508968076,61.334837162522184,78.76403438474391,46.726469039921376,35.39367703291141,37.64279099762143,35.90378679885053,45.104179723757476,92.68559692386907,594.9471785561659,202.67783820085873,797.6250167570247
PharmaCorp_01,Year_2_Month_11,99.37575232293483,70.47911057269636,74.19539724952477,63.993535812671844,21.12457040932629,25.401005968206285,19.84645075882832,96.03982959334549,75.2119258252878,94.91106521672155,647.9647358716055,791.9370365133999,1439.9017723850054
PharmaCorp_01,Year_2_Month_12,79.29384548106478,54.26827363946564,29.745938222420442,15.205101018193677,57.06287431245793,22.199507021103337,24.793834121819756,20.385047489520645,39.179476400704985,99.74712310563238,525.8668391809452,381.2267568967816,907.0935960777268
PharmaCorp_01,Year_3_Month_01,28.629993125066804,94.01604837188653,19.629254656150618,57.68904276012345,61.224843756862384,81.08732152313871,38.58933433176337,65.58271048738997,77.62450093353954,28.55969494627431,473.11510703752293,427.3367874837212,900.4518945212442
PharmaCorp_01,Year_3_Month_02,28.184775362761567,51.85855836156813,61.83941352838558,29.223126833244482,66.58071572791235,40.67440858219565,26.6126264199717,88.98932871160821,29.91651816210722,56.26552746887833,476.9926962320011,248.53836529310567,725.5310615251068
PharmaCorp_01,Year_3_Month_03,45.948415127916206,77.62897146508402,53.06458563502388,79.60656528246558,74.54611880047159,65.88424248434691,61.058978952221445,20.975807481219775,64.94441747969236,65.17631840803047,631.619645899526,204.3017391547899,835.9213850543158
PharmaCorp_01,Year_3_Month_04,90.91095592871451,76.41478807650307,20.258013208071294,90.34465380684165,41.90960811209469,72.9379692259214,83.85422982461665,45.721292797627335,85.66979005419387,51.9021932923283,693.3574820530538,212.64331366276258,906.0007957158164
PharmaCorp_01,Year_3_Month_05,68.70314004848285,83.41736614342312,97.8328443342825,70.17620559230568,88.88879707085073,23.323640517016297,56.92220827794454,29.811007440139573,67.88749060229789,10.024950163510479,748.2717929358655,228.77216917431068,977.0439621101762
PharmaCorp_01,Year_3_Month_06,27.54992790130388,57.0726577452449,45.61710237783315,22.533253478105358,85.00225812588621,45.83461918876884,16.017212613942093,13.18055284772287,87.26928849946921,24.171533691847106,454.188750940424,239.47727387048545,693.6660248109094
PharmaCorp_01,Year_3_Month_07,22.483052066002873,97.01702212090214,99.71929157827864,80.02394026537851,92.46730920574859,55.46754338446699,94.18664878534699,75.93075476851756,18.8683134381495,22.302266318946025,732.1803143484502,764.7707591221617,1496.9510734706118
PharmaCorp_01,Year_3_Month_08,75.13034704992572,30.038776739587707,88.15144267391199,86.56349052881691,69.40749195888702,85.67696976737437,72.47061851047584,29.875115734877742,94.75784870789242,41.085134395850524,700.8596512326274,487.0770049391216,1187.9366561717488
PharmaCorp_01,Year_3_Month_09,42.36474731067228,36.602807055567624,81.59267623243564,89.50635479025472,26.841447906443413,89.61870995789707,72.58330133557064,48.38311490371411,33.22840193744522,25.53061908753056,624.4835161858347,752.193745483369,1376.6772616692037
PharmaCorp_01,Year_3_Month_10,19.204197466249287,53.2336712035851,86.12437133225791,45.02464184040484,66.87593384847082,83.44350123979387,77.12509112768512,29.122941196715587,57.32731961752853,53.397642535104765,540.2719413854533,329.40385709771897,869.6757984831722
PharmaCorp_01,Year_3_Month_11,27.876275954346298,75.56628182901042,28.506685179974102,16.824574846623133,37.25050611514037,33.24311376665358,37.96195695335443,12.398845633746838,77.44342132791085,77.94682614166354,423.68014034341667,334.2657198565913,757.9458602000079
PharmaCorp_01,Year_3_Month_12,69.88422751570731,43.904545539273826,92.87831755082219,22.2005361074502,68.68519052228513,64.70889323379039,45.25205249990433,89.21788214000519,64.13634840630499,42.23449521744387,634.5752665423048,736.3167867146311,1370.892053256936
PharmaCorp_01,Year_4_Month_01,48.123256272279676,11.220132841381414,40.66521984596976,64.5121017710087,60.6563693011393,49.918605846732284,35.150252726572056,21.308729983869533,64.4546528459764,23.412217415928417,505.53989591531155,545.0911275848433,1050.631023500155
PharmaCorp_01,Year_4_Month_02,78.79342086799747,68.3149349504457,51.40533611873086,70.63461519679598,32.85473889683547,94.2727355504674,57.51721706902075,27.797094576351434,98.28538289458015,80.65107529159742,700.1623282400379,551.7116601846593,1251.8739884246972
PharmaCorp_01,Year_4_Month_03,93.78264865571813,15.84211245116788,28.91943131238148,36.0743374818629,67.16994118164874,30.84529766003723,36.5777171377538,68.25505408816494,43.4931114770098,72.83789270879723,567.7056342555044,353.28249907794776,920.9881333334522
PharmaCorp_01,Year_4_Month_04,45.16258760185031,78.8267026368165,68.81098715822235,93.51892314931993,23.01864970395048,97.11166196994508,12.418181053167592,12.986242194723873,75.87721181726067,20.535143251655,571.0034451916083,511.28163373904874,1082.2850789306572
PharmaCorp_01,Year_4_Month_05,20.634163604896763,38.52563950283762,25.122540038654503,39.280266375809006,20.644412274528314,48.18478931032565,67.54931838983772,79.70758675920634,79.95815355261985,92.02793693949684,366.03097664595094,465.9322013175859,831.9631779635369
PharmaCorp_01,Year_4_Month_06,23.984080688687506,52.64561737585543,82.3668955259309,70.81018357108454,33.83952861517115,15.725839577464226,27.015860719768455,51.77564459563078,60.1874587559479,52.94964960911307,490.60242413832225,338.21821500214014,828.8206391404624
PharmaCorp_01,Year_4_Month_07,32.889317091599764,75.80795963596694,88.95207591659593,70.57286281237435,43.14049483257794,48.344608152732576,38.888938703415846,84.26701632243456,80.81583768252077,88.14102483943371,616.8904499822548,535.779862519324,1152.6703125015788
PharmaCorp_01,Year_4_Month_08,57.33950463640626,25.986652931993724,51.40354821486612,93.187947079044,41.97576321388687,88.9884720846777,69.29791331086011,92.50277335993154,16.23141093321232,13.111351981832886,608.9482433074169,627.7221223920598,1236.6703656994766
PharmaCorp_01,Year_4_Month_09,10.85008907943705,17.303288251041888,51.678351068272,46.570242870571064,55.762302818312584,44.76303285402994,46.039313134802796,23.65103924799141,39.66303650322554,82.37193633697864,337.37021511855266,599.8067535406722,937.1769686592248
PharmaCorp_01,Year_4_Month_10,89.47590919769536,34.16230524079046,40.52522950213989,68.35134793800353,15.786021062443105,69.30809849816018,17.271271187367134,86.52610403304328,45.14167541493818,30.833406866707886,585.1874043966019,538.5559985256068,1123.7434029222086
PharmaCorp_01,Year_4_Month_11,57.82839299441785,73.28216704066672,40.85925761328362,54.64449912026382,24.25938514767366,43.51445443595445,57.23475569198499,15.833892332724076,79.69682605093932,93.03957529039667,542.437129983306,573.2105296867219,1115.647659670028
PharmaCorp_01,Year_4_Month_12,76.90951367699384,44.17113731052083,98.0645701393653,75.12878054827307,31.792009920345155,15.58051925866633,26.444168817048883,69.05258041495082,75.86008881748101,60.80197468128206,652.903393094851,711.8882263321955,1364.7916194270465
PharmaCorp_01,Year_5_Month_01,10.051426045948546,46.020385651756904,54.33668489518863,12.073251325892139,31.678946305268674,96.34401802635008,81.3742095268779,56.37659782375644,36.0892643648534,67.24814268328726,405.3412667120803,596.8565024882812,1002.1977692003616
PharmaCorp_01,Year_5_Month_02,46.49313090432736,57.580200942237745,44.14696506976158,24.246475722076447,46.170763394518936,79.79138340034223,41.16589219838407,93.62392096747507,66.53050255045673,96.37958128368686,519.8090683318184,722.7832518898905,1242.5923202217089
PharmaCorp_01,Year_5_Month_03,80.14037259075528,41.79967520761488,93.89906454999087,37.15096424125717,17.020091444643693,61.02667996529323,25.419938437996375,36.25651212374093,89.19685724245656,83.3146327925358,593.3749739760424,610.0686211248144,1203.4435951008568
PharmaCorp_01,Year_5_Month_04,87.19021050828735,69.32269213768402,58.56184159870758,80.3929694873038,17.046621590550497,16.76277236031494,57.069598956977714,27.57616928285449,74.97120242160283,67.87612136428226,549.155318534067,781.8438456668405,1330.9991642009074
PharmaCorp_01,Year_5_Month_05,45.066259497210126,11.166795505436358,53.26978481884051,19.69984004530399,17.514416837128337,42.537181432666536,35.559096999466405,79.25442368882948,74.51757549215847,69.06301084960448,395.8665252948573,444.54605028528727,840.4125755801446
PharmaCorp_01,Year_5_Month_06,48.946893295299496,34.47176874930052,34.83634694610622,90.25859391373064,85.71939606101941,30.56182658066883,81.04103826163147,25.199299193085928,88.38035425315537,76.63293695444538,552.903406992945,606.8239801256683,1159.7273871186133
PharmaCorp_01,Year_5_Month_07,91.18472145567355,75.47255273399887,14.296257704719931,70.43591660473756,31.906002181076396,84.7617030525415,24.248011835828255,57.342543307102055,26.486323677331956,11.050717409993306,657.6032312493281,265.7439969679835,923.3472282173116
PharmaCorp_01,Year_5_Month_08,31.525901280255976,76.59959826519895,76.64221041715962,87.03130286973371,74.54505436940147,70.41978314576247,12.030594729377047,59.769063300014956,21.406015980489524,92.37035501500826,627.2205531484291,772.6254918909707,1399.8460450393998
PharmaCorp_01,Year_5_Month_09,75.43870581572885,66.63621540702658,45.850988123558885,87.23406686923292,20.310054715665764,81.9210102600633,18.312939697804396,59.13318183150924,10.605107208470018,33.57650818822028,651.4789764519627,428.317252585854,1079.7962290378168
PharmaCorp_01,Year_5_Month_10,56.22902382750984,91.29455678439042,56.413037576480654,24.89738025365945,75.07964821668449,42.953283159129185,18.752731377050097,37.7628250048172,99.60959817896696,68.67291375698721,564.7838319709435,344.33955903767026,909.1233910086138
PharmaCorp_01,Year_5_Month_11,36.16131903551013,25.995038891945295,41.490623105307435,25.081290401375576,82.42010626543819,11.036132387951973,51.862143462158336,90.51927665848166,76.99385072031457,41.3709470228347,407.1209636787662,352.0866398927186,759.2076035714848
PharmaCorp_01,Year_5_Month_12,94.90191561019668,55.725331399236815,69.64426192552692,64.40399936307472,30.496113040405696,30.858006601823323,15.987175887120113,65.67939215420864,39.82346523674242,41.58034241917608,667.7570414001674,748.3426525945276,1416.099693994695
PharmaCorp_02,Year_1_Month_01,81.57669927741316,57.138930337761394,25.893626610730436,98.08432990254552,92.59968899341322,15.575527312212088,60.89858261582482,90.1836492651193,63.461407435307066,76.96918113773403,676.2894780145716,733.7309754170824,1410.020453431654
PharmaCorp_02,Year_1_Month_02,41.98206596054089,70.47033283177413,68.44681052702735,70.93885082161506,73.55296223461002,97.9029737280104,35.06931536729959,33.34861613876899,73.44712344126104,60.71838206190677,699.8181185199826,389.0298725656145,1088.8479910855972
PharmaCorp_02,Year_1_Month_03,91.51259109199273,97.51394809768883,29.4798052777224,33.9212190814342,60.20046010613005,49.51632756036282,98.15947007381051,18.064004975863632,38.83999842695309,13.546765498092114,689.099198772606,583.8341646676507,1272.9333634402567
PharmaCorp_02,Year_1_Month_04,75.5576833545479,71.37938528912875,79.02540640135066,41.64386591150547,55.585976881566076,19.014386648679626,78.06705625537559,43.04922502068019,40.72751372516851,45.521608342089465,670.8031528233703,407.8835533968438,1078.686706220214
PharmaCorp_02,Year_1_Month_05,66.8073557323734,69.87270991138593,61.845862858153374,59.50070330302457,79.84488073424212,99.63562314720551,85.17215633683388,90.56517826531838,79.77979810985792,75.97841511716203,746.057080562796,430.7915275976335,1176.8486081604296
PharmaCorp_02,Year_1_Month_06,39.93187381652441,71.90737949518861,69.6769552238392,38.219710910951314,29.870399707638246,11.002501360941093,61.64772261979009,10.283161022278277,29.973437436400353,92.9871849326001,477.3529492973589,297.31852285961946,774.6714721569783
PharmaCorp_02,Year_1_Month_07,34.19504843280802,26.034862799142616,32.018314241987056,16.685479379335348,45.400741199723896,32.34054406790105,80.80494900966295,48.86949301546621,17.82920398432818,54.06782185578761,373.0368255698376,298.26778341088936,671.3046089807269
PharmaCorp_02,Year_1_Month_08,86.27463438031843,60.57343774783456,83.37061999010452,41.21033621022937,12.161116597110226,24.32411121915522,99.04836826419825,98.46572301781117,64.17430875592352,92.07307209649821,694.3503495438442,229.10435652089043,923.4547060647346
PharmaCorp_02,Year_1_Month_09,64.07330541368916,57.630357456833465,94.4730312973116,38.043296963075235,41.846097801022665,83.88636855819405,89.94408545130277,36.656794527537116,96.40909091820947,99.00255744287985,732.3685023636456,528.2573052641567,1260.6258076278023
PharmaCorp_02,Year_1_Month_10,17.637496690143447,12.183700065738211,56.65487096660121,78.39696088645861,21.140945739485915,24.946984458499763,56.76418095983109,56.64353718745236,70.46846931861207,95.98996564166595,363.46757984697666,695.5559127766194,1059.023492623596
PharmaCorp_02,Year_1_Month_11,72.16323623574291,37.653251493835356,39.596259345576286,81.25117694910612,27.662378495470946,92.14829307240326,36.76576571071447,67.8181178557364,36.995723982348366,41.856682790320086,572.3642952617441,530.5645471891621,1102.9288424509064
PharmaCorp_02,Year_1_Month_12,27.278808188962177,62.400483733997156,80.11859738246204,32.31152720195706,81.68045131346446,71.62135005119991,80.95083774266112,85.57678307334461,31.14991800721147,21.206706134414322,589.9197391399975,382.7027862811393,972.6225254211369
PharmaCorp_02,Year_2_Month_01,74.51310974655918,46.55529572264846,78.3082134016849,10.010661329655134,60.300377443096224,17.96171358916792,45.5972862808196,49.888143638839146,41.606986302359786,35.619013721161686,554.7080010497448,494.3163543913731,1049.024355441118
PharmaCorp_02,Year_2_Month_02,82.38026133963608,71.41194972741624,46.32062250644191,76.03546979439751,86.60005727794537,87.9716568762616,38.20515264554145,63.782187567272345,98.89590278877357,84.03814086965103,762.6454127336599,781.9003691337844,1544.5457818674442
PharmaCorp_02,Year_2_Month_03,28.316615752452435,92.57492530810144,57.565301901905464,82.95693903105216,91.37522978514635,53.69898319104355,39.53950647165345,54.69832556171437,64.70246761343884,54.49293663671112,586.4094410254007,682.9613764864213,1269.370817511822
PharmaCorp_02,Year_2_Month_04,16.3873858072509,44.017311853101404,25.52393455131513,91.90312637816056,68.55612615228529,55.25276036051715,35.12161850036938,80.63711001155292,39.99963851460491,22.986214162260378,451.437815413513,501.8979826015856,953.3357980150986
PharmaCorp_02,Year_2_Month_05,53.59132241896411,59.639838903888375,93.37051711063181,76.79112653163709,95.36242135709013,42.03744967997498,40.11449994945542,34.46582235068834,60.661502274364615,41.65472015875296,633.6214143718387,314.48289138613563,948.1043057579743
PharmaCorp_02,Year_2_Month_06,10.318394964869825,56.36469158047379,43.13132439161806,23.630417869213105,41.70751863365938,17.168039993129774,75.15644487699481,34.906110234677385,57.67313169535962,93.91306686324779,377.21611771739197,673.8311726659408,1051.047290383333
PharmaCorp_02,Year_2_Month_07,41.522014665864674,44.446911300400735,28.852434199051405,51.12547661637781,10.38798220235092,19.928547449513246,50.98102526945368,30.451403881220205,72.27016627856455,25.720687068697334,376.5195183563232,610.4225028114706,986.9420211677939
PharmaCorp_02,Year_2_Month_08,86.71051878948347,48.83609606541839,35.11854913253694,13.491886716015681,49.80395831701924,68.0318170957238,83.23209580617565,93.55923495229608,57.833371772927386,22.798270097845638,568.0585111731715,213.5013780313859,781.5598892045574
PharmaCorp_02,Year_2_Month_09,18.15631727586888,87.01066040984371,34.56207413822168,81.0263185329267,98.98737253742706,35.04929290487307,23.412154217959948,97.67496689150488,11.96293908919608,50.21619143339509,560.9824213584732,700.1067733691132,1261.0891947275863
PharmaCorp_02,Year_2_Month_10,28.150303286564473,10.269785667576011,79.33829502580835,82.34870090359541,77.29641321593778,93.75067920395932,40.637986335228874,51.553902764616595,63.49556776893345,86.2585071136194,528.8442442022399,715.551199312289,1244.3954435145288
PharmaCorp_02,Year_2_Month_11,35.76999884133737,63.25869299521407,13.100591486809646,75.61712620671607,62.27121640624136,49.06018082609668,50.947152104625864,88.86571351198735,28.109823111708863,74.51796295264592,530.6827320301668,583.0444771084847,1113.7272091386515
PharmaCorp_02,Year_2_Month_12,23.85096412671439,77.19971871399676,83.2422920899744,91.28316301129475,82.22826954113376,36.05557431190332,42.37160201628149,67.434667796978,24.862671615022908,68.2568492499571,631.1767969169961,798.7181099167045,1429.8949068337006
PharmaCorp_02,Year_3_Month_01,23.42138125978035,58.38644647257117,38.656934243635355,73.68853158008164,16.684773061393045,29.319830181365635,71.81351672760744,47.12897953333089,77.8280241158991,77.83127082003887,464.17424819766757,270.5612636270118,734.7355118246794
PharmaCorp_02,Year_3_Month_02,93.1490985592254,75.03857351999872,30.88118202598529,97.72327767480229,47.08447799612573,64.65088215764226,56.08765553868795,69.66582428521713,59.02280900710174,45.49979389598163,734.9856008008985,247.08445860004025,982.0700594009388
PharmaCorp_02,Year_3_Month_03,17.194665191227237,38.16746396476182,32.61449168304368,95.43843435710248,63.162660320134016,52.649037289171915,10.68053906798445,90.71941529879837,41.82347314862818,96.95162839292367,485.9463616987452,424.3639407712491,910.3103024699942
PharmaCorp_02,Year_3_Month_04,45.83518143629021,29.18388762383807,12.622618745297709,29.888710923789173,40.783993777881044,62.75332216844183,25.13944763045465,61.1778133932464,45.934949039273185,13.644082051886556,405.5204440808613,503.4072968839942,908.9277409648555
PharmaCorp_02,Year_3_Month_05,16.760391652727442,36.441866401883296,40.08941066143174,91.50048147272402,37.67473426740997,57.88333586504316,31.876642878015712,71.24500594706299,34.92232389110488,25.093846007757953,424.0731581356473,219.91725959392062,643.990417729568
PharmaCorp_02,Year_3_Month_06,63.86940488388328,28.99027105412566,95.00875651853535,13.884383717135911,33.919546849290185,46.17843615558146,69.14192981195598,99.96821552970859,26.051846935966186,61.52505600440982,517.5029990400039,627.2522945267417,1144.7552935667456
PharmaCorp_02,Year_3_Month_07,63.258744382846615,53.82934725886086,60.10121931177266,51.77185429480753,40.70372955476543,48.470987492590545,28.04956721561938,86.51407923733191,19.607860659741892,44.65965869932786,552.3380322144187,335.80837792913997,888.1464101435587
PharmaCorp_02,Year_3_Month_08,28.960602823805804,53.7280140363306,84.7536085009598,80.34847453681415,84.00334993786373,88.41598368380276,56.58966885056927,96.91572528102577,52.385339848441575,66.20534553178244,658.3205542939701,200.50484133779966,858.8253956317698
PharmaCorp_02,Year_3_Month_09,41.5054413950997,64.22729304680495,67.47635401035437,26.456972073839665,98.46914687052804,59.94857100832719,51.810813961142195,16.219043664311172,91.3349107687767,69.17992415638193,520.3572678633477,351.8682642420256,872.2255321053733
PharmaCorp_02,Year_3_Month_10,31.560050662483345,62.95767947462643,90.17502544815503,76.21325225132944,59.2742806040055,91.80503209913397,91.98450587517637,40.82169753333738,27.90114804076993,42.57866796132222,694.5578690978475,773.4670430208307,1468.0249121186782
PharmaCorp_02,Year_3_Month_11,18.853889606301827,30.68335243580064,72.75733122528308,38.847696736940584,61.73252348568336,27.545305614632145,81.33322218007896,77.33271022157281,61.580347244751636,56.39532400931988,499.1644984964373,520.2832641616164,1019.4477626580538
PharmaCorp_02,Year_3_Month_12,67.66715964761295,97.83258510345314,75.40833715926514,24.730455923384973,65.83881010601523,40.15708447284618,22.09984031739883,34.24805553470967,98.77542963688317,44.86350398729875,672.6846136883784,238.70722207551356,911.3918357638919
PharmaCorp_02,Year_4_Month_01,89.20316354140786,81.21650930517015,36.902681546599624,93.80561409513578,19.13254161055115,17.9417301994405,13.505290523400436,35.274066572269234,85.98962563672639,27.204563677849404,652.0915189222783,524.3642021206834,1176.4557210429616
PharmaCorp_02,Year_4_Month_02,76.71862606381801,56.64952390373986,77.49171678915643,78.473791537084,26.530070751515346,96.68225232161272,19.276477414037473,30.537986545259805,70.66336362539944,18.051642724204292,634.2236215274453,688.178504615785,1322.4021261432304
PharmaCorp_02,Year_4_Month_03,18.69269768282212,46.007817073292586,55.56311483175929,94.20549170487081,26.23485518989254,78.92074163419142,43.09445883399147,77.63308078333216,88.95405504893192,77.86298994223057,480.30179830100656,733.7621982600691,1214.0639965610758
PharmaCorp_02,Year_4_Month_04,39.32389185841271,77.63158142089662,16.478608566534877,20.680165917640387,49.71887244342782,93.71138667894729,49.68329391330684,53.85389076835619,98.44438780061508,68.34377339127974,496.88336882381145,739.4067720392482,1236.2901408630596
PharmaCorp_02,Year_4_Month_05,78.53728096356049,50.4761635003335,97.0992649477176,59.311363311343435,76.29334521177694,95.92044856024076,12.107969587014551,17.834772899038175,59.4768669466291,63.74655612748971,724.5905581004439,234.79525942250953,959.3858175229534
PharmaCorp_02,Year_4_Month_06,79.39758374409544,13.698217145705343,72.08207768261377,90.16888663039563,12.675421488409823,60.507780216983754,46.002312506718056,15.318589308417423,62.25937963859778,24.080960622538072,616.2409743745516,593.458616512524,1209.6995908870756
PharmaCorp_02,Year_4_Month_07,52.68345549122002,35.51861495258399,30.691697429696323,97.15069153400552,76.70906211107693,60.33971792206325,79.75332122004707,44.05848975149406,24.15994357344418,28.216111362661763,565.8908396281739,554.2572870686846,1120.1481266968585
PharmaCorp_02,Year_4_Month_08,86.44756943958296,27.288749831818794,34.39435343844177,71.16337355902647,82.92724861669713,39.075733946175745,13.861501555482231,69.56527210723927,73.40602501959006,97.64726940835504,587.5876562646828,662.3880239946644,1249.9756802593472
PharmaCorp_02,Year_4_Month_09,94.35973572007569,97.33316827252548,90.45510224738555,87.55985238824023,16.464101320456194,27.311756795861946,79.22730547213976,67.77888708951443,91.35976513340984,96.48137627209603,803.7419911535461,286.017670356575,1089.759661510121
PharmaCorp_02,Year_4_Month_10,69.11901141905733,60.33032600402226,61.21197131989218,46.19462943455756,17.763571210917863,34.89913894382942,59.41774927476726,15.90341048161668,77.29487622847489,30.298330776346567,589.1746792944324,631.8522690275618,1221.026948321994
PharmaCorp_02,Year_4_Month_11,68.1869173339003,70.27673638789162,23.632531204625252,26.805983236578758,77.15253530670121,36.20009536480495,97.81536671011403,54.446703675825084,39.68573586550385,15.29197959595745,569.2933687552319,739.8901092244778,1309.1834779797096
PharmaCorp_02,Year_4_Month_12,26.928991255117538,86.94277237073895,69.44648682184956,24.51072074749491,89.12623880182313,43.14689781687656,77.30890475249467,16.61088073921308,36.89146315068036,75.40036174010928,595.9474081581601,609.6876244922497,1205.6350326504098
PharmaCorp_02,Year_5_Month_01,76.47779840851314,27.730227456943247,22.066721052739386,57.33203961860459,90.75442126960198,99.23802997021704,38.477836913747566,25.71105307228927,31.5054227422429,48.08730422695567,621.8773101192841,739.3763130213893,1361.2536231406734
PharmaCorp_02,Year_5_Month_02,80.58162758418025,41.19143362492893,22.28942327499095,84.7765943542703,39.4059776863476,21.78111509087763,63.210075064765824,46.84363548416694,64.05131513781694,13.815057132773765,636.7923628555285,703.8552217410759,1340.6475845966042
PharmaCorp_02,Year_5_Month_03,56.123386940186364,64.8080443189134,36.56021630504536,20.999776064250618,33.00790677536651,36.800916043740656,72.66975390050851,73.85808174894018,79.741446292304,52.04974836786625,518.668824827262,326.2679796418915,844.9368044691535
PharmaCorp_02,Year_5_Month_04,60.74671550659115,71.54740152446696,20.177696460873307,89.85551360345795,83.83304458851545,18.795378325776532,83.02383645595398,20.389044409459945,41.607114580552675,84.55073367089584,584.8686709277146,462.4671433301324,1047.335814257847
PharmaCorp_02,Year_5_Month_05,96.8133995389782,29.816188924593014,31.264707841115438,41.890801972987745,47.81486419039827,21.637869758843387,86.4485165646935,54.86877904739415,23.345401529798227,87.80670084351105,601.2632192143922,496.4451508614703,1097.7083700758626
PharmaCorp_02,Year_5_Month_06,83.12187707627149,73.60703250409443,70.42893620419227,75.77179160378448,66.70096174959656,82.47595800685038,22.26585107320939,39.5879715664504,48.79119127480883,49.915216242576676,783.163942894679,574.6551200745528,1357.8190629692317
PharmaCorp_02,Year_5_Month_07,51.72072430800897,47.78763357774056,10.59881116172383,57.018432142060334,29.811534845475517,44.235578850295234,49.10170787414064,49.29902974616871,83.26263785309489,50.582669878532066,482.06411550757684,419.94766760130574,902.0117831088826
PharmaCorp_02,Year_5_Month_08,56.12202048553561,59.0414161317113,43.30730389250758,56.62231294627389,25.48096458094396,88.78178140221456,13.16908614380129,26.687757540051944,46.40840334108089,68.18201789114507,576.7375060192416,718.5211731660346,1295.2586791852762
PharmaCorp_02,Year_5_Month_09,48.91699422526316,49.38282337962903,84.01807813965935,24.496283775684354,85.53873588543338,17.43656655042063,93.86534635302168,52.517612824745896,56.37458199370169,87.69001986965945,642.717334344406,617.7283868951145,1260.4457212395205
PharmaCorp_02,Year_5_Month_10,98.68347425461772,98.42637138867347,90.27125262802838,13.38263601355239,55.40472906634755,24.77027728884824,45.096556485334546,42.55674993523702,21.845823907001265,73.67566547648569,761.6746389253377,599.2373502529291,1360.9119891782668
PharmaCorp_02,Year_5_Month_11,89.04361291433752,80.29353689677654,58.967637881200346,36.69943479541557,93.12545481278701,76.93304593163937,86.50172173233099,37.1302766993592,35.061775202623174,16.868140573990047,762.4733053455756,271.2962302805097,1033.7695356260851
PharmaCorp_02,Year_5_Month_12,44.30223143598066,95.42594709595383,56.10470088445374,43.2396296856975,72.7318718182242,22.437568018995712,57.484697632827675,15.790140835005399,87.77252683714448,70.1307092124853,616.2983042708623,672.667380873238,1288.9656851441005
PharmaCorp_03,Year_1_Month_01,74.8480582818999,19.387634287034032,82.56090194437434,50.38372909447204,32.619940766436514,61.29188857763202,16.49324002862064,89.09187513562607,36.24233580270405,21.525174178100976,589.5732697095573,744.465033820854,1334.0383035304112
PharmaCorp_03,Year_1_Month_02,14.227673860876603,87.17301958613298,62.345324513705215,79.38646116168749,70.5259575861707,52.80511415309019,92.09517626646651,93.80352259560232,59.355255918137345,40.33986171700968,668.5711738002346,334.1681299988154,1002.73930379905
PharmaCorp_03,Year_1_Month_03,13.727909848698678,80.63300701372694,96.29192086820956,95.47553510977957,71.43944001431376,12.165309808482814,95.5200275497104,83.3323492639226,19.097599179466478,65.3612323724232,605.6402710055966,447.2214330186357,1052.8617040242323
PharmaCorp_03,Year_1_Month_04,86.10665155266186,41.1379936758367,20.108257133379542,62.38010438714869,99.33060132060476,60.593025858023594,31.84315483659128,20.24818434823327,86.59526964147754,32.45324088110462,617.9756461503514,498.7389922505554,1116.7146384009068
PharmaCorp_03,Year_1_Month_05,55.15163458062115,67.2433486018343,53.76899350536361,75.06866885618159,59.24918762250627,47.57156350743031,14.955093175116101,76.5202060395566,32.4558016083448,85.72409332081244,587.1459589060144,734.1665279783124,1321.3124868843267
PharmaCorp_03,Year_1_Month_06,26.510362144439874,58.947861829323905,26.95644746905663,81.55540774986758,22.062856317452848,56.82538713465872,32.311766690791,95.76119631113656,73.29183614598031,41.06500884746772,455.48297378536915,566.5213999956063,1022.0043737809755
PharmaCorp_03,Year_1_Month_07,73.17274890871204,37.600475478661465,57.632482229127746,34.411096351779264,90.0782463198692,80.31922395196665,90.70834793055283,93.33167840877793,79.20605855862766,62.8213256944956,634.43016424034,639.6407319508662,1274.0708961912062
PharmaCorp_03,Year_1_Month_08,99.04287869566852,27.680186859906257,10.504628612674498,33.40535412901802,38.457755056643606,51.200523345648016,10.30817176872851,72.0441129200226,85.95307939325338,82.2322001885712,528.0220407224133,793.8352004988467,1321.85724122126
PharmaCorp_03,Year_1_Month_09,44.667857616550926,29.17560824890497,99.25503154240023,12.513102391258947,55.775684350464445,87.65567299325026,72.30474755505725,34.137631094082884,25.029661440106842,19.837529457872492,552.7898272175843,742.3703092669305,1295.1601364845146
PharmaCorp_03,Year_1_Month_10,76.58082179636621,89.51171027208898,51.40432331864942,90.612810083509,91.66396478476366,68.66926697008219,24.928063831507167,77.75140211956327,82.33283217696298,30.67032656904215,779.70692098342,312.5886334516032,1092.2955544350232
PharmaCorp_03,Year_1_Month_11,10.395625980187194,73.74666228710382,25.519282411699564,83.40666840259792,34.55938248488944,81.66906250783366,34.93662299631843,70.0402161478703,42.744032253936,61.45825324240358,471.0843688178431,700.718411323196,1171.8027801410392
PharmaCorp_03,Year_1_Month_12,52.01507703093963,56.8380145670862,17.199801015967637,72.63072168232027,25.194131197526392,25.954195142776477,53.514763977985524,54.52177436416659,17.95146459143782,43.919286367543634,486.7979314359613,393.3387976927618,880.1367291287231
PharmaCorp_03,Year_2_Month_01,68.3640584414004,77.5407181050278,64.65101776502242,12.933785323562,70.80417732482462,52.72351846994581,93.70369329800066,52.11960839839507,85.34394287403032,62.784060838620206,689.5018094132902,528.8218603607395,1218.3236697740297
PharmaCorp_03,Year_2_Month_02,66.15459839488767,34.65090677126549,15.934893349741817,43.687581174983116,59.34948401727896,76.80456149199469,62.821950801023384,11.735288540282681,32.87129637059096,80.38406652272585,535.7533667322355,365.5777643961068,901.3311311283422
PharmaCorp_03,Year_2_Month_03,10.31187490062069,58.88461398278881,91.49452147941535,16.304928206271377,16.707618331054952,64.46339582834037,59.34468554460231,27.13849195340228,23.510168153559924,81.76645454933374,439.59276912273293,576.9380318195755,1016.5308009423084
PharmaCorp_03,Year_2_Month_04,88.67483070200893,50.79596553860268,82.08387664993619,54.48718995685789,24.62687257565875,32.857409115545664,83.23178755926487,31.588254040120372,68.02204718515816,92.5603512180539,672.9733912668235,270.548705251819,943.5220965186425
PharmaCorp_03,Year_2_Month_05,36.070333174571346,74.8949366700549,41.3950690151841,16.31769469659414,13.445746627741588,48.74748230434339,84.71081642740204,18.26359798062895,79.4360172947948,79.21851184825948,451.2704330890121,470.06724640911665,921.3376794981288
PharmaCorp_03,Year_2_Month_06,34.59031655296858,44.794534526935266,80.59285505949772,51.33094753992898,30.61533127007851,22.171679149586797,56.162753258722496,10.146134477158636,69.28686105155718,93.91258680370126,514.0912599242566,732.2076980644091,1246.2989579886657
PharmaCorp_03,Year_2_Month_07,53.62082919408908,10.723989769454857,69.06642755168846,87.54542917209741,58.594515270183585,84.96083221724597,12.852122681746081,62.75600200837065,12.987645865762516,49.22433375706084,541.2337848158585,590.6220278899831,1131.8558127058416
PharmaCorp_03,Year_2_Month_08,35.453373194348224,37.25397366178049,22.895305486620735,96.3721729610377,82.21640767805067,95.67251416335435,86.08466503994332,85.27429335247493,87.41578307743639,52.8809710918876,564.3061015419387,440.2126474328733,1004.5187489748121
PharmaCorp_03,Year_2_Month_09,45.09844653096271,82.10414800729984,83.60375176674782,79.87604538557767,89.65578229674924,45.53817917622267,82.3100346816403,99.72715617129278,21.38516886433355,36.50481355727632,721.1190262701417,643.1029663882896,1364.2219926584312
PharmaCorp_03,Year_2_Month_10,15.680230851199457,52.50848236485675,44.21051182039494,57.40955208171515,58.86956978509505,67.16426311203111,79.35308231461316,26.997748024843435,95.11444771214143,16.81544843754499,478.4614167022524,750.9124617343524,1229.3738784366049
PharmaCorp_03,Year_2_Month_11,49.006066171932474,18.38985980418979,95.18497265637798,19.9828903839313,90.00450463171505,57.27079421848603,28.928569514883943,30.42138515703781,59.955040179862145,23.767448907089076,500.7417836686505,256.59287647923276,757.3346601478833
PharmaCorp_03,Year_2_Month_12,37.17142973600848,60.09773858250868,40.33894426565538,13.19672722926753,81.26253000243379,42.03713442022759,72.0294001364876,44.91880024528993,95.31061259709679,81.50031047355992,490.19198772542427,308.17926771336613,798.3712554387904
PharmaCorp_03,Year_3_Month_01,81.7064002944269,93.00249431311745,69.2392571623352,60.99225235428046,70.13909079635322,57.19771904194814,65.44378060950586,53.81161951183222,22.205324542336346,89.53267096514845,786.3564819394419,351.62349016046403,1137.9799720999058
PharmaCorp_03,Year_3_Month_02,44.935586741438854,47.653654648039954,27.176659400655723,97.00593057789146,67.17291028192342,50.962025938257135,55.90138047934769,55.36088239590578,66.03967191886915,80.46823681699118,593.3713996757104,613.0263707136596,1206.3977703893702
PharmaCorp_03,Year_3_Month_03,48.10756893213432,70.39314786803374,16.42134300087406,57.65258644817381,72.32422347345928,35.70472521924569,82.32567793390253,89.61884500239876,50.94912050579975,30.092994249282935,582.5904053926668,203.31156319844632,785.901968591113
PharmaCorp_03,Year_3_Month_04,20.298288798525583,42.32574779407859,41.77152629271574,32.12004292074176,38.71388862973837,50.25898101304617,71.54739717549111,48.34119496315544,60.55187483472581,82.06396510855885,402.4649184297717,772.0646664998944,1174.5295849296663
PharmaCorp_03,Year_3_Month_05,54.80442062427726,96.7139858948684,40.49108949674342,78.60159389898455,76.21254242467225,96.73758423155739,48.24208250357378,33.474896455070244,26.69282132507536,44.2079055748759,622.3996738119868,688.6683578706109,1311.0680316825976
PharmaCorp_03,Year_3_Month_06,54.90165080624299,84.34098692872888,65.10870796942493,33.76425570501349,35.40920165249716,48.812679449272395,23.717889186279532,51.59031803272646,74.78173034099224,60.90720435107088,676.3543198423123,639.471209160539,1315.8255290028515
PharmaCorp_03,Year_3_Month_07,78.16844165392705,90.90962926479689,60.25936517833339,23.688819209886233,32.659918375191396,53.03128902883129,21.662555653535136,83.47426070109164,39.79050371274883,55.927827345377274,626.3484216674307,585.8606532220836,1212.2090748895143
PharmaCorp_03,Year_3_Month_08,98.24845939989892,13.814160270307761,81.84937830641493,14.377188664966797,14.136904263239785,82.7651393594468,35.084455284321365,17.49335989437518,69.21032535464711,78.7024720660147,600.7619322878238,510.09937840774074,1110.8613106955645
PharmaCorp_03,Year_3_Month_09,22.477908761690873,67.44746970665992,39.90845777171859,92.05768560576541,96.72811037152508,45.4008660078618,78.971940362978,26.349658159482416,26.17117026280402,10.581441234466583,582.4444118647741,659.6537165403438,1242.098128405118
PharmaCorp_03,Year_3_Month_10,73.64997886509644,61.557037835816274,45.79072027612281,10.004527492377873,67.40412499953598,73.45828394271977,82.69908320598174,22.358706543085443,24.459375154220517,48.89528282655534,603.7120709641857,246.20362977303472,849.9157007372205
PharmaCorp_03,Year_3_Month_11,28.051899952797346,63.41340232066179,55.93529385172715,67.38890317472296,96.98730544354889,18.072296356133656,44.724519436602854,29.868516849157576,14.41507421553991,74.41099619215966,537.7971831218878,455.1783932120122,992.9755763339
PharmaCorp_03,Year_3_Month_12,82.65622973893217,58.94804515003725,35.153895687004464,63.52405144189467,82.54043340130073,70.55228521422686,72.46673510576461,14.185266071689359,95.59650624073517,44.70327362266276,667.1134870653119,649.4741074373312,1316.5875945026432
PharmaCorp_03,Year_4_Month_01,44.333755759966614,67.22677774588801,77.33872274608066,26.04875928421288,99.67207429635701,95.57154585815398,22.098151077165998,19.921172971965227,65.89912309491507,48.1676395612936,631.5791465413406,787.8029771428845,1419.382123684225
PharmaCorp_03,Year_4_Month_02,30.420745922068846,44.0144198299994,99.24001678810008,32.85189110515553,55.96692260267445,16.36811782376114,52.60087352491605,24.68585800125084,30.74537968792758,95.46809142753783,444.8960453264427,398.016500740429,842.9125460668718
PharmaCorp_03,Year_4_Month_03,59.348061288098066,82.95430442904245,78.00674553082634,74.72957465497257,73.94621325629333,74.03764124858672,50.66219315547537,92.01411270955933,83.85496712906804,33.663497773036354,770.3190584053134,705.3992347384963,1475.7182931438097
PharmaCorp_03,Year_4_Month_04,97.89328949797036,42.048335218019794,37.64671819849158,78.08119507349085,70.27416086244804,16.35352271329898,35.88946795807137,23.50584306342108,27.576861321272172,59.50194211921314,659.2217416172492,390.53727304093934,1049.7590146581886
PharmaCorp_03,Year_4_Month_05,80.18383101869632,45.720822241381185,14.254231059203311,35.48832851470567,22.297983724048976,47.762486146479446,50.97790758393355,55.86273727087709,91.52084552965874,31.951308135385908,495.9194954822927,664.1326175502394,1160.0521130325321
PharmaCorp_03,Year_4_Month_06,74.2352396087815,62.12803726507292,88.76700629714342,35.24839945359207,96.13768253496967,44.02669187863844,12.902690499651193,97.24026991080092,78.88582769439128,60.80491627511237,691.9621805363929,337.7530397270067,1029.7152202633997
PharmaCorp_03,Year_4_Month_07,54.607338964725244,31.30994786066506,71.34606490090239,27.483196109722286,65.59197321098776,93.21346986099424,87.89561830011198,68.0112569935854,44.53946072369432,28.779684610538762,596.4141929218686,610.6033788773511,1207.0175717992197
PharmaCorp_03,Year_4_Month_08,77.08953453864109,29.948096169668485,72.41807644255677,15.536118351745621,24.179707852356024,60.90654068018361,38.41166523561634,53.11112346718481,99.77771694911408,95.0148110500866,514.923252117634,787.4254563570555,1302.3487084746894
PharmaCorp_03,Year_4_Month_09,67.19510115737523,30.690088128028087,91.39045711466159,70.01751067087773,29.871036989189566,39.353682395043165,25.03214505136267,17.291587088972022,33.90162311655804,76.43473763505406,615.8926494013447,287.4740485608969,903.3666979622416
PharmaCorp_03,Year_4_Month_10,67.26450698369361,36.827914881762865,58.14789887661535,36.676606567256584,70.04084065595546,97.62862396289684,40.961843735288696,76.45812260180904,51.212554135710384,78.8689419550834,604.2194660069365,741.5931174398318,1345.8125834467683
PharmaCorp_03,Year_4_Month_11,20.782044476225153,75.13360791590858,98.8772366577877,18.553734328147126,80.64463481732331,84.40428285543287,80.40252081504185,36.17378435790222,96.7957871069056,44.29167892163511,695.014354662253,718.9415230518034,1413.9558777140564
PharmaCorp_03,Year_4_Month_12,43.92289828217957,28.730402149433207,81.89223874262437,21.60076142921484,14.121236968642428,92.8368850182534,26.03437693069781,21.600369703664278,40.87914095946661,74.11074418892333,445.8047227613117,668.3996051126041,1114.2043278739159
PharmaCorp_03,Year_5_Month_01,65.58384116262732,91.0073468937871,50.98650387789479,95.85621995207842,38.582992641779555,80.0452967872709,91.84515313563853,33.57446246171993,37.2697416946834,82.60309582644538,758.6201858293746,730.7144931705922,1489.3346789999669
PharmaCorp_03,Year_5_Month_02,29.075949645068388,33.362388666692425,25.454209435815294,20.532773643545948,49.74229137817259,54.6619723240949,47.80189768835017,32.02640536667306,89.0880752799645,85.22849544948963,375.7458786605476,314.01401511184554,689.7598937723931
PharmaCorp_03,Year_5_Month_03,56.4351443121837,94.01445584312857,71.91797674851598,42.11003259815572,29.47450009395319,73.22450576566662,27.518776082882773,69.35063929035351,43.72003556594701,88.71125014631802,693.2552013111284,467.5236352455704,1160.778836556699
PharmaCorp_03,Year_5_Month_04,47.73923918093154,80.23598426192352,73.69763186891207,54.78495497313976,62.711909169099464,19.83644652372002,74.86622822314924,40.16257918085966,22.37288840085252,73.40847343914592,611.8345839463199,354.0952487762361,965.929832722556
PharmaCorp_03,Year_5_Month_05,79.67430543030399,86.99904351771066,59.60897181951758,38.27349817835689,87.01850623264802,99.73798265508522,22.880144399238993,46.77366837030225,74.56142258502445,22.15290226264824,715.9232148834661,392.68189629435676,1108.605111177823
PharmaCorp_03,Year_5_Month_06,56.249974261844436,98.05819807712443,82.2426653098912,60.079334772573354,75.0773976817785,88.45177745844423,61.8199844240226,26.287732551825343,29.166551446000913,13.922900887611704,796.7956945496759,777.5124949706623,1574.3081895203381
PharmaCorp_03,Year_5_Month_07,42.313017584650794,79.11059858018257,45.79314247417135,16.719643874187348,86.67053477250477,94.77193127487428,41.30384064909621,92.38859175554407,17.046304358680015,82.4722984765379,544.5503276973218,797.3868846338496,1341.9372123311714
PharmaCorp_03,Year_5_Month_08,29.476591383884095,87.32258290691983,79.2538876022241,87.11970807658771,74.29856961383229,69.64896836757607,17.86528968137912,90.56678741308892,14.446280528949291,23.62522339422771,650.2097366391619,478.2246340129055,1128.4343706520674
PharmaCorp_03,Year_5_Month_09,19.209929961726363,41.16325707687986,73.30824916622726,22.928473520205348,90.51117804605595,56.157836102370474,75.3243084888849,33.07285872290136,39.73630752465465,15.108388284863931,504.5078729344451,343.0535825183928,847.5614554528379
PharmaCorp_03,Year_5_Month_10,27.774436892331828,65.65868447118416,71.96349209928314,69.78688967825343,13.10718444125692,53.806214656075596,94.92854363495277,55.11264325971248,76.03812374656101,28.289837874174165,570.9184884549672,722.3398230140949,1293.2583114690622
PharmaCorp_03,Year_5_Month_11,49.38112464886265,16.214610137498287,42.266961730277615,86.75323003586016,31.611176065972032,12.972796364817736,75.59211618446209,78.36315166027617,53.806664714719766,63.07855630204387,532.604170922455,724.3377756622607,1256.9419465847157
PharmaCorp_03,Year_5_Month_12,66.02518940277677,67.75906050475763,67.3121644940919,98.36724719809288,51.31265444258181,65.12865986868184,93.00325000281644,15.042907233872086,51.92324555542005,29.879986642528703,724.7008374911644,569.8379634680838,1294.5388009592482
PharmaCorp_04,Year_1_Month_01,78.69060605165356,23.844313911550422,65.41303485894167,95.34014719746172,57.15932055350245,86.79466760540866,90.06799702723256,59.19785159773885,50.77919514332308,60.86712359626503,728.6464100717868,316.7728330093173,1045.419243081104
PharmaCorp_04,Year_1_Month_02,84.09437590969414,63.20156601486883,36.9589931026637,15.821235560409914,16.849075001477274,13.899325069348443,76.7998972440751,72.23086867043702,55.62400922470184,78.73513076615573,545.7642797058962,575.3736374052721,1121.1379171111685
PharmaCorp_04,Year_1_Month_03,48.507648249874805,94.90735914443893,10.296157386639472,26.094221423189722,18.545184988132405,48.22558925829063,71.47497470702004,16.88955430038274,22.60254186246482,53.19392147752337,494.9276297077427,233.74190058531474,728.6695302930575
PharmaCorp_04,Year_1_Month_04,26.685232279679603,52.5761863428567,16.15252654689828,45.55585539494866,91.72638485847617,79.15443731897253,18.901358677978617,51.61320443217041,79.68446726973808,81.09379899056486,441.61562666509764,680.7936843169412,1122.4093109820387
PharmaCorp_04,Year_1_Month_05,55.043759253412375,63.528753894079706,11.769865967871679,24.942049469807287,53.79803824064328,16.302837138793354,59.479736218815106,33.091332362399655,64.33452289639186,21.00736508131043,504.6076421437492,355.9832067573035,860.5908489010527
PharmaCorp_04,Year_1_Month_06,17.372784676133243,77.59010013826541,46.810602833020475,48.12139388044795,81.90895957576345,54.73337554885303,90.12755706631759,83.20189350720759,39.85208017509639,23.35874138132783,564.4355390228988,728.374055981568,1292.8095950044667
PharmaCorp_04,Year_1_Month_07,65.16282182404433,63.45929829965485,59.33338148104776,63.33853048587747,62.268195568238006,67.37637257542505,94.75930240632638,15.06772436496873,55.015032669959524,91.01417732767726,677.6871867541234,295.07231607936757,972.7595028334911
PharmaCorp_04,Year_1_Month_08,84.37246996727106,37.7451681251092,75.71501264304621,27.68956928271187,35.311509441376494,21.68291088368838,24.972525294570673,57.33745368639526,55.829150437583614,70.16407139573305,584.5810516599099,546.4838493924981,1131.064901052408
PharmaCorp_04,Year_1_Month_09,55.765267659382054,18.294682272316862,20.973744864575053,97.53164646711076,84.49968050641846,79.66463231358192,71.62155175187175,36.90844180987167,94.34145403373651,64.21571549512643,610.77951216746,246.788899202614,857.568411370074
PharmaCorp_04,Year_1_Month_10,69.15517093270579,24.557214412339125,61.569042601447606,35.09785957760191,58.0233051648127,57.15538375019804,64.20099746210374,50.64511400211238,94.86332663329043,44.53304588778587,598.4943208694314,445.70673957370116,1044.2010604431325
PharmaCorp_04,Year_1_Month_11,17.532130709351925,93.21291763322277,19.808449418481004,81.26062306985504,13.380867481774214,42.02704032183901,41.665120812685856,71.4302173581832,75.02940259273443,58.413577459469096,421.02617914886537,477.4563583830209,898.4825375318862
PharmaCorp_04,Year_1_Month_12,14.886966563204059,76.03032437343458,33.00184018349664,30.95550463836029,76.21992510821075,49.876295646057024,77.36006093878605,38.23830104315418,91.5433382696811,47.98057919762908,463.63348614995664,367.17362156153564,830.8071077114923
PharmaCorp_04,Year_2_Month_01,15.842656629229861,11.43242589019436,63.026348012104656,17.79568100099952,24.86152496144373,57.72414207381114,84.05507592620609,52.19763039812004,32.094719996941336,54.58344638134467,349.3019498834297,390.3499736444526,739.6519235278822
PharmaCorp_04,Year_2_Month_02,99.10239240121997,88.5391993366548,76.59388820102738,48.8026364397688,43.842820067542235,42.25132541043626,81.51936375609249,36.3113846653466,53.94169994133338,68.01117299879826,774.2214729319733,598.0311727802371,1372.2526457122103
PharmaCorp_04,Year_2_Month_03,65.19434232688685,22.180256836861247,19.652429662042806,48.641409392752486,13.054335147573417,87.72386709514659,70.26450610012306,80.67444530925279,94.25887144544546,68.9502176962365,527.2600087173106,432.32941395969567,959.5894226770063
PharmaCorp_04,Year_2_Month_04,10.370805308941078,13.70953707930261,46.9401524223834,19.192955139915735,63.939108669310286,90.04883074171767,38.588281647289385,30.480409005108047,95.54933526265175,92.30805728895857,396.7655089900272,557.878116392855,954.6436253828822
PharmaCorp_04,Year_2_Month_05,64.5533594227197,38.541900009111004,77.6245528725027,29.352253736180167,82.25597194479168,92.31701843797987,78.30989777081032,33.13641785636818,75.93002243320228,55.906937332229155,595.3322780501533,748.7057377470069,1344.0380157971601
PharmaCorp_04,Year_2_Month_06,36.438704359961974,70.42916347922628,13.720701063260814,12.682134539648027,69.51371214545875,91.23997188314237,21.010441749002265,73.36246834154306,92.04693478456592,98.17924254133803,514.7285396600828,478.91848807904745,993.6470277391302
PharmaCorp_04,Year_2_Month_07,78.99220180713827,81.48528389315018,90.90118764923551,95.10663669022918,65.29240057631,66.15591572510468,68.99633044307099,81.9117710122506,97.92204009905244,29.702039696472326,894.5061551002258,732.7758891972004,1627.2820442974262
PharmaCorp_04,Year_2_Month_08,16.4705979936938,97.14659493634419,83.77918436445592,24.31121243368831,16.396959989555114,61.59400387253707,83.15685380400082,36.14067806897384,93.40847721224658,79.63575624419842,531.1396293192579,512.1054066937808,1043.2450360130388
PharmaCorp_04,Year_2_Month_09,42.40254523930992,75.03043696463607,76.08986729273069,22.67630274475735,52.81371318795658,22.5259679791805,50.77495287496687,72.1508064167688,86.14574808266043,31.401150578281637,562.0764535883244,337.33048666942835,899.4069402577527
PharmaCorp_04,Year_2_Month_10,61.21309512658124,35.57127917172599,41.73226302595613,75.35557710442146,69.54481064777542,72.55947090506365,86.70413670743473,49.87688903576386,20.603979051102307,53.74535280456345,611.9550479854829,733.6186036723777,1345.5736516578606
PharmaCorp_04,Year_2_Month_11,10.393287012985125,56.26955603883589,66.49439703331812,28.958147017167256,24.684790878954992,21.431642664537573,78.71247681293201,48.27170396412709,90.22554656825342,11.153251516083479,426.9384751085158,604.5286641024597,1031.4671392109756
PharmaCorp_04,Year_2_Month_12,33.904503563003885,52.892332435124835,27.67229943159808,54.79055328695613,98.84311298952257,59.64759720174413,43.446474762346604,26.603262610018717,31.896840849655252,75.53310585912335,486.8771858891476,272.7557942158258,759.6329801049734
PharmaCorp_04,Year_3_Month_01,69.1273405262177,25.975154046686317,32.16907628165018,29.102124545151902,15.358407794365535,40.80548161460582,10.00412320354749,39.42922134903925,54.75467133163028,34.231014303913234,377.21480443709044,744.5249733506434,1121.7397777877338
PharmaCorp_04,Year_3_Month_02,76.70690346275344,57.526825342746065,41.665406835190254,45.804004852979155,46.74895687558963,80.18450644621278,80.68045512022856,88.60195251521698,17.324420395268874,86.17429501379485,653.6975996120934,784.6092074921711,1438.3068071042644
PharmaCorp_04,Year_3_Month_03,45.05972172128442,46.639867484318,19.820222166758125,25.516832959033497,77.68237262942365,82.22777633781207,83.52577411867782,76.29929557634811,68.96215796934939,88.5588996087934,560.6233208538005,390.06908828816745,950.6924091419679
PharmaCorp_04,Year_3_Month_04,18.118172960229153,20.62714490769133,62.72808673106248,65.9111242965682,78.07358134713151,99.44263005524053,88.14891817354004,66.04489865629151,62.94049618149046,51.95716984825257,529.6747370125718,202.62107546447092,732.2958124770427
PharmaCorp_04,Year_3_Month_05,51.6638811423019,24.723978421082375,17.316683793193853,91.10230828552606,43.15766588382033,72.49289297171941,67.85616742763555,72.97996607122616,67.02887901844171,18.61256854967749,514.9494467114204,339.3672775616479,854.3167242730683
PharmaCorp_04,Year_3_Month_06,61.7832747056882,40.424909913270255,88.59162337469783,12.681106368437495,47.852145433127156,20.098785806368184,83.79346287176924,14.420539054342662,17.23356689100435,44.902997986388975,507.90978399956805,512.6867812158031,1020.5965652153711
PharmaCorp_04,Year_3_Month_07,25.575558037953584,19.423695666417103,66.11462891731682,65.76063664810748,34.60723567519371,62.51288745886722,68.44324577909629,32.90339057596553,84.40009469919077,62.75390460626738,429.4690820648931,463.9247803117073,893.3938623766004
PharmaCorp_04,Year_3_Month_08,37.595891890392416,52.85015933137693,14.462421774547572,63.23123345860404,58.124200794676725,72.42460349422231,26.70646033752847,32.991685465377785,44.47714165683663,89.75457795312515,458.7174396962111,389.9232242524208,848.640663948632
PharmaCorp_04,Year_3_Month_09,31.026729797205363,11.753996220287448,12.919779244726005,81.43951597624286,59.92329076662948,39.240175570468196,42.66118056325789,65.49180692938384,15.457402327199704,40.47948458137343,369.076958912587,297.63963895570583,666.7165978682929
PharmaCorp_04,Year_3_Month_10,19.126140342685186,29.124738150207783,67.05433995007247,69.70024636701962,37.08642464575098,84.8054809024456,48.75693707149432,85.89525078742525,43.11290914488883,36.99528004299331,445.4962192902428,444.67248012456895,890.1686994148117
PharmaCorp_04,Year_3_Month_11,83.45058321996115,96.05043293040255,48.95823891563648,39.4908421446653,86.39988793023726,42.26353924210201,18.552298332823284,68.98710472857151,41.882158271656735,26.579086054876633,731.40542307779,501.8880804137579,1233.2935034915479
PharmaCorp_04,Year_3_Month_12,73.67209407632357,30.360208343996316,23.842137891532307,17.10824560970138,18.114729975379163,56.95182986180462,30.408738358397116,64.30228804534786,95.8052588968485,24.47827918556945,482.6116295717554,374.0688809267988,856.6805104985542
PharmaCorp_04,Year_4_Month_01,20.54475354518785,96.69201739254733,79.86109329799659,90.6935825381847,12.852909313484318,67.89725708567389,63.309080492619955,55.59777575142694,92.25821885870137,31.004776824708003,619.1061630282006,371.5225441393489,990.6287071675495
PharmaCorp_04,Year_4_Month_02,54.55280532088869,40.59064052254686,80.5867794342043,74.91765193322448,74.88055184173554,55.83278972637871,72.63525790107485,50.969824066029986,12.109296388244974,32.90698279595591,591.0448870555176,509.03729955139875,1100.0821866069164
PharmaCorp_04,Year_4_Month_03,50.75286854559438,17.97348459197699,99.9362222258888,29.3844610824634,31.344876684053563,96.59937240127186,99.947898730759,23.591628777236007,40.61719915864664,49.71138148275183,498.5518255634866,656.7168250527029,1155.2686506161895
PharmaCorp_04,Year_4_Month_04,61.89190673231966,68.26798982911524,38.42864115867566,64.19530040887952,60.9436889771663,23.727850312346746,53.54065672704784,88.74922468450141,35.99260195659086,47.44273834455758,602.0829812701444,253.08011981018186,855.1631010803262
PharmaCorp_04,Year_4_Month_05,97.40294458668276,41.127400769159436,91.84289989615782,83.51321464382141,24.364824608942975,88.83522004539087,29.67000634786316,42.08679863202291,51.91776019567934,96.6501820741715,708.2913599377359,420.86038817420143,1129.1517481119374
PharmaCorp_04,Year_4_Month_06,93.05433750201341,67.63706221857106,80.43007721445348,80.51715632749975,52.71914180060345,84.20811338398119,93.49223135809103,25.391532016562724,74.15087768464885,72.09801852133602,786.7967258562829,316.4764576227957,1103.2731834790786
PharmaCorp_04,Year_4_Month_07,67.55053233654348,69.80431756529944,39.93333677799976,97.94765087228924,74.14088233991787,42.096214841596186,51.93128701909394,46.37662878506714,28.699346691705383,99.01125973493176,626.5430177674314,759.5017852965573,1386.0448030639886
PharmaCorp_04,Year_4_Month_08,37.14590686096277,67.15605383670481,31.406442322712625,40.28783673639006,25.17255073727458,34.76224921936251,53.24518399767454,70.6499481980417,51.035648709437034,21.78808344354397,460.16032590557774,698.1328117484172,1158.293137653995
PharmaCorp_04,Year_4_Month_09,35.03879974469157,14.604284127245528,44.75130357242183,26.81604422928169,22.950290533304468,29.19994515294057,38.65973696378285,24.702283194948464,95.46207903216524,75.46473139078162,323.1632315698979,505.3407337574529,828.5039653273508
PharmaCorp_04,Year_4_Month_10,94.08944221462016,78.43300860144183,66.28812363904518,58.30774689712358,32.4282003902041,96.64593083965357,25.349593650498424,51.91032282248941,27.534816495458834,69.62622992965628,762.8934147103186,693.600181015456,1456.4935957257744
PharmaCorp_04,Year_4_Month_11,15.18336643449431,64.65776252067242,23.716462601250853,24.852332495432723,31.85452889743786,97.06340495332688,16.015679186670873,79.33378547951374,26.69565711307972,77.87127462157038,369.72570095805366,411.4302309351313,781.155931893185
PharmaCorp_04,Year_4_Month_12,49.94848734609037,45.070675886898854,33.276600204626774,10.533438123060936,96.7152111254541,22.66076102002915,18.059923505656478,80.55694224678723,39.249086387992236,63.443580879953146,508.84697853427775,604.1313931548148,1112.9783716890925
PharmaCorp_04,Year_5_Month_01,69.15519492434987,16.727473187567732,26.91060587948866,70.22021768436682,73.63371475963763,91.32584244127435,92.32267343331175,65.47001320239872,78.82368214172683,33.52830389617823,614.865053950402,297.01099846328566,911.8760524136876
PharmaCorp_04,Year_5_Month_02,27.471366117212796,51.433250351945965,77.0800039401907,46.89612828479703,68.52700118394816,20.25162695768755,39.2795264825123,49.755543298355846,11.207536147090728,25.267486573415695,459.7589175972055,561.9605583357566,1021.719475932962
PharmaCorp_04,Year_5_Month_03,21.75815689713032,58.37748321795543,64.86307954746746,93.69064131448395,38.63676614653874,38.3366995397559,70.51070968739447,63.64359271764153,59.65032404061688,98.12192910672483,587.099335305547,616.111010969913,1203.2103462754599
PharmaCorp_04,Year_5_Month_04,91.82211242763672,36.70986809429343,36.93377911255564,87.87833695710593,93.46181138694737,40.73652803395332,22.78337363452727,41.86872669438347,47.88190364517775,10.3797135048968,651.897780927481,710.132665260038,1362.030446187519
PharmaCorp_04,Year_5_Month_05,21.97762398952525,91.9104815433664,77.45038983804363,77.49314394776009,66.67032717641477,88.51158953387197,52.02168059393546,23.797851976865914,33.383023484624054,92.61843245136883,633.9224613932284,588.1876349667028,1222.1100963599313
PharmaCorp_04,Year_5_Month_06,86.0990258249323,61.57479404402714,45.210089205997384,24.450215016697825,99.93829588687473,84.73584250419721,76.55841971840061,81.30529935972964,22.28213592236339,32.24885104346415,782.7550927586726,375.60477425373006,1158.3598670124027
PharmaCorp_04,Year_5_Month_07,22.522436096581256,94.43692070238463,99.14121414955653,55.14936816010045,47.045656652462256,40.92332170352027,77.24767402445893,60.2328993521663,51.78351486222553,55.585367926958995,621.3496140039739,279.0447077529024,900.3943217568763
PharmaCorp_04,Year_5_Month_08,55.284456747063864,32.83131135520617,52.92841660448071,90.74949972554393,70.45148782036114,56.15885261417993,87.33674987982783,62.373918805014014,40.60108457850679,53.605143824900196,598.5975256652745,209.63662529539903,808.2341509606736
PharmaCorp_04,Year_5_Month_09,34.84460557414402,99.07264117586132,15.797210988516415,55.34203891832409,21.91285817354482,98.35374817273646,58.60894599714948,33.36657510533392,92.80451003512101,98.44080069204777,526.4501186136744,647.6634660098848,1174.1135846235593
PharmaCorp_04,Year_5_Month_10,50.52067203021451,22.44716294222512,18.845518873207403,36.08462192598965,20.015229192810814,30.383644451984676,33.270334881067306,30.615275827346643,74.81144970785842,74.6526285342507,376.9898304458374,201.01605321713635,578.0058836629737
PharmaCorp_04,Year_5_Month_11,90.44238271271823,29.487854797201027,88.12241356752448,56.78977522179041,40.756329437581456,56.80393602334878,52.061542980184186,48.97210580536536,91.44040450620722,72.64902988961404,700.5900012553411,493.45999912488406,1194.0500003802251
PharmaCorp_04,Year_5_Month_12,61.06433088663555,45.375772907175275,43.70304052558324,57.924098761155555,22.012214590412245,54.309324292871736,80.87047295486825,77.02631071677594,18.909494168468008,71.61411753841914,503.1473489608769,766.0497231672678,1269.1970721281446
PharmaCorp_05,Year_1_Month_01,70.55571138133581,92.48114331448964,32.71461112009608,73.20009856775567,16.96933035980004,15.78577521751663,57.3922827982225,24.890868583481932,48.35765519751845,68.91550921975187,644.0095507054389,781.4819748589335,1425.4915255643723
PharmaCorp_05,Year_1_Month_02,68.23557072272088,87.50601573510964,29.02987313185482,96.06630785355198,26.544981408150438,22.926249484039104,49.08098961253092,57.60126701492549,55.710097943587265,36.67354527579115,581.1610219703293,511.5552070470352,1092.7162290173646
PharmaCorp_05,Year_1_Month_03,85.30982835630127,60.31877550016223,46.57961532808599,55.925516939317006,48.402852021843756,81.9279166253334,55.188391032118545,30.42274080160989,97.79068406349799,78.54291472492817,653.8141021861768,605.5778094297517,1259.3919116159286
PharmaCorp_05,Year_1_Month_04,31.495174380704206,70.17894632231585,70.45345184228503,44.570437520316425,44.899630243070845,87.96837663472714,33.01003110165224,47.05928680165929,54.318463160354774,38.03592220556239,504.343403848289,223.53343011627655,727.8768339645655
PharmaCorp_05,Year_1_Month_05,76.30205177913041,20.505435327360036,87.63975347443593,72.8047830804401,11.568448568073057,55.68677007383479,97.86510587355421,32.044998607695554,80.03933636310337,68.45149338543348,597.1284685710016,468.6797280959231,1065.8081966669247
PharmaCorp_05,Year_1_Month_06,94.44566668188715,37.889834346168314,47.301148342962904,90.22490645112053,78.98427037708221,82.5938418911096,86.38509131341826,14.936966454239819,56.65741133861992,44.96097073803673,745.4952923770774,393.41381310067436,1138.9091054777518
PharmaCorp_05,Year_1_Month_07,69.65842226627804,81.73550226716927,74.61792241414396,27.0985826253858,99.83304848116283,11.068917306554377,44.75146496357648,38.19072294776066,91.27993852180671,36.33777221836296,654.3780958841717,249.1221266136666,903.5002224978383
PharmaCorp_05,Year_1_Month_08,81.76992013307952,74.84766880907284,83.28057465833012,39.90199857220631,82.17431987680077,28.48383037160286,86.41653382817725,38.79075881314164,45.28357222993367,52.304416389251145,748.9357591353838,734.60545453037,1483.5412136657537
PharmaCorp_05,Year_1_Month_09,87.63573522343637,51.16100376090925,81.67134890032689,94.86770045310028,52.97166123621161,27.122503578055674,70.45171237570915,44.508500109557644,30.56242887501967,73.18649323617298,728.3011707231659,465.07388671958927,1193.3750574427552
PharmaCorp_05,Year_1_Month_10,90.41671053215508,35.03852009990018,16.75822255058412,36.07690172996786,25.023364401745567,11.197568240836873,24.713255585468502,83.6881048573116,90.79329323489269,25.52633998618424,511.90038487004097,257.9873095048666,769.8876943749076
PharmaCorp_05,Year_1_Month_11,47.979172784814054,89.99659866521651,52.87541128069994,25.962210842334446,24.951856056800633,90.74371016840864,43.45730811874662,49.20708234914733,80.98267947344652,68.9692923812548,612.2581404028901,698.3243561675474,1310.5824965704376
PharmaCorp_05,Year_1_Month_12,22.241958947134318,26.744097130410257,32.20567106946167,84.02997433483648,76.91742476446613,78.63511074318563,72.7175317385904,17.549785303471587,52.12307167402223,30.69808723563811,473.7844956160952,526.1107022518686,999.8951978679638
PharmaCorp_05,Year_2_Month_01,24.43684970330309,53.00859769660378,91.77694224375666,72.82147741815233,34.7930886598793,37.60928436841505,68.30073072808332,37.457666799757575,79.61518540679347,48.24130924302397,542.1060302664613,499.57499652523006,1041.6810267916912
PharmaCorp_05,Year_2_Month_02,82.07603162362348,59.636470564146194,55.98649939799569,79.95094889724655,75.86920397078293,62.57215425912323,36.29528004181353,15.824042208430736,14.89050190337856,65.35419782665232,613.6566328023979,266.8278443319249,880.4844771343228
PharmaCorp_05,Year_2_Month_03,70.7367193385588,64.79751954062772,70.78272223450486,32.30659472731095,27.70150064222517,67.95849347138432,23.47517691390975,55.01198211756935,25.709334555664107,98.44714902208558,571.1531656726268,487.7553984005109,1058.9085640731378
PharmaCorp_05,Year_2_Month_04,54.33766073512858,16.169754085771032,12.76177754138606,27.54270377130107,96.11168217223764,86.07188999258301,82.60760354919448,99.09406647822608,14.715605840266438,76.05178750533643,544.9950121003739,525.325647226461,1070.3206593268349
PharmaCorp_05,Year_2_Month_05,71.81598285884559,10.18098583661857,27.014219894879876,71.2367997632827,18.056473804371915,77.78978166934941,87.03820913862701,81.39517838016499,31.885513791537694,68.07233438064333,545.0320834364098,388.8639164477461,933.8959998841559
PharmaCorp_05,Year_2_Month_06,49.79010466539115,66.59290596479752,28.922176968625774,64.18940897750268,26.160351268079015,58.3688360835286,53.23514115872836,17.560980894816467,49.2825017881852,26.28381722448901,464.0975202151615,673.3517151117728,1137.4492353269343
PharmaCorp_05,Year_2_Month_07,24.517805682212547,93.30211112930955,63.716795068234205,40.15717241255914,65.5232471331571,83.25313501843748,57.28010675148234,79.64337214342869,60.45148057722061,50.25185453463546,673.9158737580657,386.5161447479454,1060.432018506011
PharmaCorp_05,Year_2_Month_08,47.245746643145026,69.20627258388686,97.2603359189596,51.58588704216671,12.372710666427368,44.068345340596046,27.077782808986615,43.05889846771219,45.449679121744786,98.40584833246692,590.5856698280761,696.2532000187989,1286.838869846875
PharmaCorp_05,Year_2_Month_09,30.035418046190014,72.44237958493775,17.260361518101845,30.907961050778916,11.553074603206674,19.921272656161364,82.19329429895929,47.51675476668948,45.91324083422528,41.435554930183315,418.12275753620776,316.7987841354641,734.9215416716718
PharmaCorp_05,Year_2_Month_10,32.150530289054856,97.33029668518476,27.86722188651035,38.07946858506382,32.84727903925686,49.168791840831766,96.15797550601629,95.79247635969512,19.99250250923186,57.85970302622372,527.9464080935455,407.3431933436814,935.2896014372269
PharmaCorp_05,Year_2_Month_11,60.589114477156386,86.3891185016829,41.69138371563195,18.66700373775336,92.15729338906655,85.08233559974596,13.91835366530406,12.80954612501165,89.66072504351179,33.51212491979644,581.5853624880189,454.6635232247812,1036.2488857128
PharmaCorp_05,Year_2_Month_12,82.1350166397013,48.01021216565633,66.07351603328965,87.5645451684441,22.31089283907782,20.186010159396588,88.37774846234005,56.16001057770819,12.417696620399841,56.8310554477598,629.133608720711,408.65362418673055,1037.7872329074416
PharmaCorp_05,Year_3_Month_01,49.25589796831268,39.15590976373608,37.46474572661213,71.13319240151935,13.438308484178773,59.67968773556101,49.93593046381135,45.55417199914617,53.39606825798916,35.285652882134166,483.26122294948493,547.4623551549792,1030.7235781044642
PharmaCorp_05,Year_3_Month_02,63.11094389572853,35.361852979909,24.248528744235394,20.32486287351301,41.60889555515942,39.2683758689725,96.30989566229456,46.55313542036612,97.10591944947691,86.4456047898214,524.3190189787422,214.8154298652572,739.1344488439994
PharmaCorp_05,Year_3_Month_03,16.64635187482886,36.692953984991796,30.19021741173315,55.39465481215134,80.59650248918678,20.084278646988988,76.07400315819993,32.89827053112727,20.92950666290904,26.791629299093426,409.6307986177599,244.62321294652898,654.2540115642889
PharmaCorp_05,Year_3_Month_04,18.936349054684797,47.24232271151447,44.38790063264133,73.90882601130822,15.643328055140751,93.58108719540753,25.963552277296635,48.45270523526339,47.34820165637227,70.31897948201511,449.72872765724713,460.8710029032342,910.5997305604814
PharmaCorp_05,Year_3_Month_05,16.96800526586424,85.3675263001605,99.73358459026127,96.69026677495206,90.89014429005081,78.52774814580769,76.16164516079643,93.47078674665998,51.30342745491057,25.39568318498359,779.002704276236,205.12449682133226,984.1272010975683
PharmaCorp_05,Year_3_Month_06,55.69190271739075,73.67930899917452,96.25286839544368,89.81880971687012,67.75606865418301,30.06102466786517,85.45958626706154,49.822943072463275,96.42344053750458,82.9712286943858,747.309085086545,637.3614830247903,1384.6705681113353
PharmaCorp_05,Year_3_Month_07,53.987384926531846,57.129713108802164,52.862150981035406,18.859711442701204,44.80901946065721,88.4222266387857,40.152649486156974,10.919017820073432,14.888542750409943,48.37109147422761,475.5897247105952,454.4086091403191,929.9983338509143
PharmaCorp_05,Year_3_Month_08,67.14436565728786,77.95464878914767,29.879122208947756,17.197327697934895,56.16928531624505,61.8345879018747,35.03177103693925,85.24420558567624,73.02759329602696,58.39370218002267,542.5680742387441,566.402471864922,1108.970546103666
PharmaCorp_05,Year_3_Month_09,24.005702235598605,77.77121785241374,68.7495675068295,39.39705432393883,72.7460643115601,51.816524805050065,76.7322724603013,54.33198483315651,54.395046770604644,28.418691000381152,506.29550603237357,681.1604706918407,1187.4559767242142
PharmaCorp_05,Year_3_Month_10,95.28966222749011,57.35914196310073,36.52096345936078,85.6153562267556,44.50613431020393,34.19328099850841,53.83799566133715,16.000100721860882,63.65179198059324,85.12021008996223,695.0972142265564,672.5730560689224,1367.6702702954788
PharmaCorp_05,Year_3_Month_11,78.42952629970003,14.813607746260203,48.86715739718672,70.37190353868223,39.24232945571546,65.11439755793364,53.81964174344353,15.08498244773395,69.52547639676065,84.47707825365272,562.1904288413012,287.3790858855858,849.5695147268871
PharmaCorp_05,Year_3_Month_12,89.85912872166678,63.460771837997825,96.3747596747789,89.44465936618379,14.114953016582273,60.19333624945919,14.310315442403207,98.92290570635542,79.75789586383476,32.20911595912497,742.3915189409536,719.8953200826298,1462.2868390235835
PharmaCorp_05,Year_4_Month_01,94.3720312758217,20.915558906964232,23.64438108901342,26.544251272388994,45.99268428372521,46.67164484578768,47.542958844396864,60.670586465253784,11.024930615606719,30.084189642138764,521.2858045588248,612.9973944921444,1134.2831990509692
PharmaCorp_05,Year_4_Month_02,33.646674060830584,58.04237717151064,55.50901575865149,48.023704572368196,18.50753859822997,56.22886115169331,61.53687104604915,19.781130249035325,74.65112206420424,21.326494383013067,461.3108625252322,668.8011022703388,1130.111964795571
PharmaCorp_05,Year_4_Month_03,35.19902101117082,92.24170469024939,40.7613344150423,52.86897986116157,17.363799752744526,34.31947302287591,94.70270958247693,38.726193043351614,76.24962822507696,57.260622612958976,539.9752559250284,738.6418262427051,1278.6170821677333
PharmaCorp_05,Year_4_Month_04,99.41976099086989,81.4035901094101,90.46388474535314,88.09955497808014,15.726772139211851,38.68067941876262,91.9026925132356,45.594475533900514,18.175753746034506,92.16247777883464,793.7696840691242,781.8683387820473,1575.6380228511716
PharmaCorp_05,Year_4_Month_05,69.29723392548303,24.090113421995717,75.93831554623506,86.44280286481504,73.69683805959485,61.922272377805626,48.488071307122205,63.291360710576065,79.83445863838088,69.39752026704689,657.2101874503761,553.674229519848,1210.8844169702243
PharmaCorp_05,Year_4_Month_06,79.00292933730232,45.055534050805086,46.03277641364045,17.505301682949558,46.87597234099628,99.81446967850947,16.402308459303775,18.81474013273074,24.331140427628995,99.35431226050278,518.7334733608244,346.4014541339782,865.1349274948026
PharmaCorp_05,Year_4_Month_07,23.719920651615233,38.871446430795224,33.031056929552385,88.19234161889177,98.2644363280881,34.23037344498742,93.15752465692758,97.16594618294617,39.570718162997494,54.07617449461567,566.8529349670762,614.5038696306501,1181.3568045977263
PharmaCorp_05,Year_4_Month_08,22.62385182138253,54.27971715812497,59.94504700521419,44.42456766106828,89.0010107558015,56.97805722879249,63.282546766259436,65.03613501859604,16.515041288272027,96.55548547005948,474.08726042512825,411.90099681517074,885.9882572402989
PharmaCorp_05,Year_4_Month_09,44.62973171179688,88.8935167313386,18.371795406853764,30.087541484517224,34.75500944352902,75.85379002586801,91.4396186249025,80.75572245100429,88.61470829974289,29.568251225127426,547.376448384463,659.4511718584287,1206.8276202428915
PharmaCorp_05,Year_4_Month_10,24.411586749342067,77.82848955204292,95.04928869362948,65.56681398963151,59.382811366886926,95.29794280965783,86.30092607358829,48.967734591814114,22.33101535034009,13.798793143301078,697.6961900095246,255.9574857044356,953.6536757139602
PharmaCorp_05,Year_4_Month_11,96.71211411379572,34.81416484218272,60.00765364183707,66.01876921124087,35.313075268488895,20.33701955747985,56.85164094486182,84.65835010719024,55.94489061459206,80.19617217588626,626.2047784996684,507.8813358845452,1134.0861143842135
PharmaCorp_05,Year_4_Month_12,13.323998954502285,74.60000663997398,90.25635528921042,50.986778212438075,18.372007653156167,47.95068657185036,73.73041906660413,43.928343151233086,30.703694955332,71.08560660196635,496.95605061580704,759.3235694714572,1256.2796200872642
PharmaCorp_05,Year_5_Month_01,19.688124213582718,26.999386687333885,75.45290170540349,69.386263917707,15.560395674416705,38.46276209609826,94.30925949185773,57.58201760213103,92.59560431860913,42.53450840515767,475.8493692938015,328.43457454884805,804.2839438426495
PharmaCorp_05,Year_5_Month_02,21.515092536328346,32.28185835962485,56.68557208122489,39.467727701218195,89.1242925885872,14.789392096887457,10.03494049735217,51.81354810284229,24.322966215786792,90.52140454715325,405.29638340457103,585.9374511376147,991.2338345421858
PharmaCorp_05,Year_5_Month_03,86.0382799281965,42.02270555208464,78.82420713605927,97.86869671029923,52.50434475767877,71.40382214108331,83.74381166067377,62.22362892683286,50.49676395466514,75.49669033857266,764.1866088068018,519.1476414154713,1283.334250222273
PharmaCorp_05,Year_5_Month_04,80.26874072860375,27.608621109046922,70.79547975070398,54.997819507267906,25.034087139820368,20.6080877133042,83.37240423458047,73.71076902572756,17.576614817810285,17.087207842029713,594.1324744649543,763.4508637214223,1357.5833381863765
PharmaCorp_05,Year_5_Month_05,46.520304519661416,79.50499005093211,76.32695123140533,96.55244545244655,64.38519366349749,98.27841364026352,39.16866249086546,85.64826303694997,99.52144105448488,18.63967626768892,719.024701373774,283.26333099975704,1002.288032373531
PharmaCorp_05,Year_5_Month_06,59.051928501306804,41.55558094933253,53.77860228543725,39.74095459289601,52.7214161460651,14.784145948034425,17.02978300617692,18.940404050495005,44.68972445571608,68.38059772932775,436.65390256772486,721.1942926219292,1157.848195189654
PharmaCorp_05,Year_5_Month_07,49.61584544665186,54.226657185703765,88.32705334698272,88.73176018191717,57.464339139221174,42.64571978756358,16.412292144436265,89.40606327260602,64.65024941223365,59.8021456893741,589.4684980935239,419.9186472818903,1009.3871453754141
PharmaCorp_05,Year_5_Month_08,72.45115743091712,98.8017303158798,92.60755263089321,95.39106668582811,62.25953424850632,89.70671547459531,99.0921956732664,26.481280941007295,71.1323992844178,77.78386992536633,891.1670506740369,399.06613196900685,1290.2331826430436
PharmaCorp_05,Year_5_Month_09,67.59268132022807,71.97923685227187,22.037058291638594,22.04609579191623,84.63928690341551,95.75461466330881,32.72146442957249,88.40321955028047,92.55623532609326,63.04150572453893,617.8607133217647,598.1491516580879,1216.0098649798526
PharmaCorp_05,Year_5_Month_10,54.84438306925426,63.30217603512936,38.97719126076025,48.53302744324466,47.64534772112792,94.80919568107119,67.20624968859647,83.40418954247625,31.314983211552438,58.528864280050776,601.6698315088274,242.2201878079624,843.8900193167898
PharmaCorp_05,Year_5_Month_11,13.65958335481741,91.12160722083786,83.98879828315664,98.55204026872705,34.10025963292958,65.81570551841494,90.38412542436441,37.290855485363984,17.298392002696612,98.19874159114318,600.9333517940969,617.7175780623935,1218.6509298564904
PharmaCorp_05,Year_5_Month_12,52.33867034319606,98.93132245878128,32.68914561802667,92.5465817257685,67.87463539371404,24.563169432746186,73.17659851187713,31.353086286836724,31.977560865111027,81.71128796873427,653.4412339485838,673.2684322762158,1326.7096662247995
PharmaCorp_06,Year_1_Month_01,11.284132681329602,37.353234225061534,25.453734466463636,27.06429503505179,69.44458138572122,12.798215193374485,30.17491997448733,59.6511867735092,99.89500212078765,31.424942554135377,370.72282830915435,599.7045717184477,970.4274000276021
PharmaCorp_06,Year_1_Month_02,82.45123950282125,62.63635881668195,98.96394931777576,44.84250140956206,25.9848306989558,38.19463572733099,77.82457375187182,21.875446237271333,99.33140956781372,23.44780173136698,667.7423330036955,394.8961576422639,1062.6384906459593
PharmaCorp_06,Year_1_Month_03,85.13575498352621,14.939231739462713,18.894879300645268,24.69622864955847,24.71466823915797,36.248683254680984,26.323244695125403,10.894356192940135,37.504742631858804,18.537459300628264,425.22080630953235,446.16567797059764,871.3864842801299
PharmaCorp_06,Year_1_Month_04,71.71776224940649,87.00161372092293,44.764732951420754,24.16668232489834,24.49556893072196,53.84749372242346,28.598968190584532,63.37123952342822,59.585303771289546,55.16629436598076,577.3384522847522,559.5877572988669,1136.926209583619
PharmaCorp_06,Year_1_Month_05,99.40116042091744,60.351977911599214,10.917747202454443,85.43279338643633,31.265038898209305,87.56713885680911,14.582973223593036,88.40034336432586,22.81456830882643,69.12921667845652,623.6382881523766,404.14751577769846,1027.785803930075
PharmaCorp_06,Year_1_Month_06,49.79255320479046,95.3005184886024,78.90100803052067,90.62474638010096,33.0948736189508,63.721241293356194,45.71720684001009,89.06961753795055,39.84594962365561,17.62110173074153,736.1700916301338,402.1790173494179,1138.3491089795516
PharmaCorp_06,Year_1_Month_07,69.90002022354665,43.7130634015903,65.92289245690831,12.223398939733164,52.57448580556764,98.85311842555544,79.74622266063386,14.837432332010005,77.96743966256355,11.989769479965377,530.9970032913836,788.9512163968179,1319.9482196882016
PharmaCorp_06,Year_1_Month_08,64.93665131450547,25.502703006600633,26.335884658687704,70.30921292093643,12.283210856825658,57.51708681230022,72.12097170472639,85.80856868571814,54.00221763033578,25.77157394719915,477.87149909364786,229.71043689348912,707.581935987137
PharmaCorp_06,Year_1_Month_09,83.89119607723441,13.923707497636418,42.259552863687745,55.41329459395665,41.07968638468553,63.9892178447677,65.5040188876959,12.864706471977335,20.972246573980293,87.41429013694378,513.0235365261525,562.6936015667532,1075.7171380929058
PharmaCorp_06,Year_1_Month_10,30.855906731617203,47.74192108223307,62.03671615716573,20.47893558781244,43.6040308977635,14.646914115274647,48.89781444387154,50.029559929906476,33.35464488614089,80.79178545137648,420.3836359073043,375.1164393007231,795.5000752080274
PharmaCorp_06,Year_1_Month_11,67.75744212423209,28.230702850050623,89.64527727408664,33.162997345971675,29.056593962733835,41.534202376862794,48.64780560095403,57.206154766565255,58.98619209175752,14.956697296258827,521.075640587272,669.5579038028395,1190.6335443901116
PharmaCorp_06,Year_1_Month_12,99.7262507566342,71.00502074482448,91.66009266760084,22.079725745148753,40.92622798317358,59.09664941837686,33.16772440068587,56.5179767214667,66.8660282596476,99.41737076253854,702.8051827416747,682.6679709609647,1385.4731537026394
PharmaCorp_06,Year_2_Month_01,98.71738722351562,97.93852418862966,51.352818431714354,55.684847396490184,46.6379147335179,42.17384231646406,20.216005154680133,43.34304250576992,87.67283739245967,93.04652373397145,790.1656388458073,347.42770787689574,1137.593346722703
PharmaCorp_06,Year_2_Month_02,38.04257937876427,75.09443922605337,38.727932484072525,74.38925012267785,24.324728731803297,49.20007770876025,47.14985862504492,62.1121102168747,67.9073558013614,83.88109671628506,552.5326068464275,434.3407449114883,986.8733517579158
PharmaCorp_06,Year_2_Month_03,92.18512373417344,70.34067257881352,74.26086929386686,41.60487717794341,74.39344315871264,87.08912119158866,80.55853462082285,33.22917882316462,85.68040691727532,66.39819486234515,777.2082604316485,459.5226556090711,1236.7309160407194
PharmaCorp_06,Year_2_Month_04,54.597726730409455,92.0525127025125,56.04258274597383,90.31000930655749,83.94550993557753,64.95376769476867,99.3877865640877,37.930446169595086,37.93028412816306,48.44150201560736,690.7922297421912,385.8865121890517,1076.678741931243
PharmaCorp_06,Year_2_Month_05,62.81946518730237,52.26020147051145,47.04362022632386,95.27321758419527,77.27117606184531,37.38054915292575,35.43313772617637,28.74826967866345,22.38755298578463,65.28375794003023,566.3075491273376,374.4932080424329,940.8007571697705
PharmaCorp_06,Year_2_Month_06,58.90155271220848,97.35839719273166,37.37462849671067,93.77995199349554,94.75678109694202,95.81905028378532,92.66368519587986,92.57911367019274,97.67349190441035,49.84689899386706,794.8079324784686,711.9595029367916,1506.7674354152603
PharmaCorp_06,Year_2_Month_07,11.935434781504565,40.80863065257388,91.9671834983276,61.497513679027165,86.53451662374175,92.67047978459576,33.065903490294254,69.80880758366679,57.48873762496834,25.74725763563181,612.1486709628009,787.774958822925,1399.923629785726
PharmaCorp_06,Year_2_Month_08,40.91154910944475,93.41836129742764,46.40025763029525,70.62631835913146,14.386298092967836,83.57726563526849,19.010550192611394,58.398867328484734,42.79265094654396,74.63995485721156,583.0913383028545,533.0164494884807,1116.1077877913353
PharmaCorp_06,Year_2_Month_09,45.369389275346094,42.923307955452984,72.95051828840454,54.77047448223561,40.335876897784544,52.28205101633365,73.65760160083013,57.175725037766405,80.37980275933997,56.9853602451932,597.9826541476402,271.83202759621673,869.8146817438569
PharmaCorp_06,Year_2_Month_10,51.73685341609613,27.02485279149311,63.076767269691985,16.85639850597346,75.4017511639311,79.17431297093258,77.41852533673185,10.795077052097545,38.33425530270052,37.295607902221,532.3173097827149,442.0302460298201,974.347555812535
PharmaCorp_06,Year_2_Month_11,94.75893483148775,72.002003525001,99.51328628219794,69.47855374195669,66.40749971892397,91.07000318054294,51.68927217578728,21.830961803011487,46.1423837306673,25.17546586276254,819.8215379377806,553.4114463758895,1373.23298431367
PharmaCorp_06,Year_2_Month_12,49.20887200585677,95.80220054193904,69.15178959632547,65.85432961667291,66.67656333040662,49.866937148691726,71.47081573827512,47.050924738106744,44.78600344142358,74.91090965295744,699.0979045735132,285.431189277988,984.5290938515012
PharmaCorp_06,Year_3_Month_01,77.04975407123467,81.3767507487052,71.12420671733665,78.46398094358969,55.711090432971474,39.011533816739615,58.14204964665094,75.9769265448699,31.028203449699095,48.823310916174485,689.1134741844405,263.48214286243245,952.595617046873
PharmaCorp_06,Year_3_Month_02,32.051741996068856,91.63276017826237,70.99742621807727,68.47656971440182,88.9836765122929,82.24908863381832,14.942897219808142,96.07430819862279,46.548647845153425,26.55184680563189,659.7225502919774,422.5245376114002,1082.2470879033776
PharmaCorp_06,Year_3_Month_03,18.132288689419738,87.2879886922409,57.893269649747616,42.07168092519405,15.083004344540914,66.11966608598732,72.70300558283978,62.64422972626612,83.0368284612915,13.971866070295176,549.1666296632172,506.8525578387501,1056.0191875019673
PharmaCorp_06,Year_3_Month_04,84.22637355160963,59.526860187175565,57.13305705148288,24.10969747869035,30.639395047368975,98.74503102444645,62.06277979119252,41.758814933207944,57.9679382766815,98.93957832292033,589.9967910495876,610.9114642201469,1200.9082552697346
PharmaCorp_06,Year_3_Month_05,97.62030216912723,16.391138777874744,72.31601301726641,36.450426525088965,66.47878943785793,14.807950954668767,98.7641949357595,14.609078283428317,70.43874420866044,16.00047452687926,612.063071604745,568.0483376912298,1180.1114092959747
PharmaCorp_06,Year_3_Month_06,28.645816700077333,89.5640276765837,55.502057343856116,85.59158079851674,71.1411292751138,40.71550442900808,16.977162843029063,13.93968208693297,77.29971747168668,11.30924738501003,590.1629430324987,410.2410485063471,1000.4039915388457
PharmaCorp_06,Year_3_Month_07,38.23847425439902,21.110233312133197,42.88292495138783,47.09999655571952,28.103181142360793,76.05259164177781,81.53063834115275,96.76913251158179,87.43722684225621,38.6704730636187,492.0952704819628,649.3455336490464,1141.4408041310091
PharmaCorp_06,Year_3_Month_08,89.59433023366122,12.000335528038637,83.34072020979231,57.349198462551584,54.31942710808377,60.73765973375803,86.37413568337551,25.086409809972746,76.12368322916406,93.19242618936057,666.0812071238156,206.0711359647141,872.1523430885297
PharmaCorp_06,Year_3_Month_09,58.019963555363354,10.094336954890206,56.39462663088472,39.60328294585062,79.72829968045289,43.05487522996539,70.02075088206755,96.96317073405498,53.49959433234724,79.79401279245663,525.7754837521333,684.8454601244507,1210.620943876584
PharmaCorp_06,Year_3_Month_10,93.45523172928507,24.694172931119635,61.44833083416047,31.382488567550215,75.6149311516793,76.91261531727206,46.42777192031558,74.79865698199843,49.13009292602606,19.54196517590748,608.8648844534781,731.2619398341772,1340.1268242876554
PharmaCorp_06,Year_3_Month_11,77.04297859295212,34.51845104312159,74.31521785191202,26.119203471718496,26.8105106672894,72.51495623553089,72.6220716610699,95.48541351153261,91.3965967508357,57.424106113707566,625.0080678956006,235.67798844551123,860.6860563411118
PharmaCorp_06,Year_3_Month_12,75.8540792849357,93.93950641169347,92.61086964060146,67.94420578844037,46.030420682069206,82.6172307061217,85.3284591728442,14.02427983731876,64.28974671991398,31.789581063955012,776.9385025411206,331.04546108577006,1107.9839636268907
PharmaCorp_06,Year_4_Month_01,92.3324642912545,41.152571510907265,79.47997717712228,43.57469686823165,46.65881726606488,23.05120402861763,39.716960372606394,92.74648722437725,72.36334980200871,80.461188332858,689.1972399740365,241.62868218110526,930.8259221551418
PharmaCorp_06,Year_4_Month_02,90.00278670277584,29.424983256823513,99.72064171700657,25.75485225332651,20.953308529836413,17.059044489798637,35.46690767249799,71.54647041361645,43.12156222652712,97.72945615307925,602.5446572827708,357.5428361743594,960.0874934571302
PharmaCorp_06,Year_4_Month_03,89.6797578804547,55.38721153377825,80.44771988205227,61.94512462399527,49.16257055139361,71.53442179725444,32.98403340741303,76.75214865093982,62.45130642217277,51.01275330615884,741.970490697248,568.2122067907167,1310.1826974879646
PharmaCorp_06,Year_4_Month_04,76.4790167599561,81.31864074943863,74.74916126998487,22.99535126748237,59.653103994113266,78.52974603212397,48.350320788458546,88.23112398181173,41.797286124134644,51.15605781617582,684.4810101721253,440.63061273801446,1125.1116229101397
PharmaCorp_06,Year_4_Month_05,23.694341247598032,42.90170322793138,10.712354525081091,55.10874223716448,47.499988031300774,19.61276726608253,55.86951726231559,96.19878912292042,47.059631029591706,67.08375499445012,368.2493375163594,686.9881204838648,1055.2374580002243
PharmaCorp_06,Year_4_Month_06,27.642173494337886,30.55935045195218,29.545190219114204,60.67675711314342,34.53228942144901,17.82865641682122,58.34140911613032,95.38269442264176,62.89322422007051,97.15632539187247,413.426688494093,690.1185325448989,1103.545221038992
PharmaCorp_06,Year_4_Month_07,16.898103670961973,21.143761068455465,98.43690503693969,63.68877075822082,41.70934754837415,70.99913372705547,28.675935002025867,12.430263530358978,80.52405341814523,81.06504382335262,501.3774555928067,315.1475129869083,816.524968579715
PharmaCorp_06,Year_4_Month_08,88.54530905178076,92.72159038818164,84.62196356154334,78.90135785688483,22.890236855615235,59.199799340456316,92.64482339622114,50.45914542278755,26.824278013499637,63.4003580045123,741.8064453088764,775.205429730657,1517.0118750395334
PharmaCorp_06,Year_4_Month_09,65.4943377441067,95.22833217231727,48.38671814050121,41.41737555502444,63.551140229183886,29.604411127784537,59.35765659935535,11.271217585477078,66.7268802502268,74.54528518378854,616.1200715485729,747.8244171269437,1363.9444886755166
PharmaCorp_06,Year_4_Month_10,78.81363789416909,79.43407740325233,23.67186595193651,74.45902483194597,74.68437323726918,25.63960999995908,62.860808739008625,97.48928820392112,28.939729593711117,79.64136871771936,622.6084531642103,410.33369098513185,1032.9421441493423
PharmaCorp_06,Year_4_Month_11,69.51916532644948,14.960247420070601,52.982004145699186,70.27167017049277,19.346898708305,74.00821933181994,13.758223297413739,88.7043738232008,26.09460641335515,71.4246094864703,585.6087115199668,301.2379126620391,886.8466241820059
PharmaCorp_06,Year_4_Month_12,81.05799257449053,43.328511980682585,85.49341137879857,92.56150522178733,39.565838634691104,53.356217845249034,80.76806962286581,53.99983925761035,22.713797380297954,97.16592269164059,735.7144371213756,218.19666427485157,953.9111013962272
PharmaCorp_06,Year_5_Month_01,37.99065651546768,55.93364858360528,33.68281182834713,21.200801128072605,23.154071070682473,15.865539375450677,44.401375374446744,67.40636209137087,56.76522755369503,45.457530056363886,394.97386058144855,204.27346521218647,599.247325793635
PharmaCorp_06,Year_5_Month_02,97.52952265248014,78.93000055913325,11.615942217182285,82.50883924753916,17.105849033605665,11.993301599093247,20.934705200830557,34.144151826769374,68.86887475606625,69.61555762528609,572.0845300169717,302.50062797925096,874.5851579962227
PharmaCorp_06,Year_5_Month_03,29.768253575729624,23.891682458551408,85.04813642966222,46.254399386742044,70.11732175997182,66.64672178757894,27.282764672738097,57.232000681681576,18.309137677975237,27.057163072152473,479.9589014038611,313.8227281502785,793.7816295541396
PharmaCorp_06,Year_5_Month_04,59.654887502034526,32.367373016176685,91.64094669565878,58.91467483017725,93.40516019596299,59.631918697363446,30.07854265253436,35.88516091553974,82.97630625518956,55.208477022627854,637.4169533431927,357.85196759801954,995.2689209412123
PharmaCorp_06,Year_5_Month_05,17.639797960339997,81.87001631621325,30.16732419196232,73.05245496344145,50.534709452899584,43.97580359115389,73.11654874795946,42.31008673306091,47.43336689573628,62.557213567903936,494.1410334479219,625.9231204816506,1120.0641539295725
PharmaCorp_06,Year_5_Month_06,14.97411880683778,92.71472914167944,61.66248565511477,62.00286136118933,64.53749558905278,11.585880316238168,19.911369588715985,46.830507821157106,39.64037484210241,13.083918413139024,488.911700945862,759.3012252871039,1248.2129262329659
PharmaCorp_06,Year_5_Month_07,87.27795796076029,35.40262708451915,17.3403818606178,38.37227268766921,35.77281783669605,15.225502649502088,19.7821712814211,79.73346583271186,90.24846108154948,76.3177661581663,516.5694123361388,270.7616467225925,787.3310590587314
PharmaCorp_06,Year_5_Month_08,18.257857818678644,10.762313624509728,31.416131361922474,72.50943786420927,91.07648455530041,54.31333224860949,75.69964203952914,85.35169794929502,83.88144872338438,79.11444592544075,433.8072718522535,692.4904387793699,1126.2977106316234
PharmaCorp_06,Year_5_Month_09,71.88774299293723,70.75160908909427,58.48504468517977,96.05014781165482,41.85457038857717,92.18583546303414,13.784796176390945,24.934619383483366,51.65911888875512,90.78688298563958,693.9796087197496,450.33402764258415,1144.313636362334
PharmaCorp_06,Year_5_Month_10,19.026129795466563,11.98452586305318,66.97525073768738,37.390085198432686,76.08106432724625,57.53715948942201,27.475505819332803,27.189925206857158,22.05441287200472,40.28059660044987,373.7304323146063,734.5828328430051,1108.3132651576113
PharmaCorp_06,Year_5_Month_11,72.20022366831884,93.26012358304185,79.09259841190513,33.18313210653557,60.24221264390685,31.603991552786027,48.41009431704197,91.27800397880387,48.286837693591615,48.32462916473967,690.6813776520182,259.99218740842593,950.6735650604442
PharmaCorp_06,Year_5_Month_12,75.27025542712325,67.58735662689217,48.87265911961434,74.17636683419566,31.55948689076212,20.539040770632198,40.54194070004107,15.17733781495814,88.23615511775971,92.23753343877844,590.4474650445893,446.63129380980854,1037.0787588543978
PharmaCorp_07,Year_1_Month_01,42.56069217497052,76.96825456373371,71.0011219640055,29.462962944770503,44.92667064365185,45.93299943171997,92.80717688859288,97.97571155920816,55.87148889149276,85.87064893667223,588.4113763114502,361.43522960771776,949.846605919168
PharmaCorp_07,Year_1_Month_02,85.49305904017403,52.92612642556176,56.55392470909961,23.548701173436392,96.82661737430351,71.92041916291353,96.65378653737625,36.89865657258495,45.111005990248984,36.33963120619197,682.4534089690735,654.4321966481846,1336.885605617258
PharmaCorp_07,Year_1_Month_03,60.536420842443434,72.03523202570324,53.83396791676763,20.576282874933966,24.90886797027114,78.03279655973533,46.77684673848348,19.119624830499916,43.60463675040087,87.80843703399681,585.3966303783408,306.3360000740203,891.732630452361
PharmaCorp_07,Year_1_Month_04,31.83383044387801,67.24001597772099,97.03452057685116,41.787294282313724,95.89163955181169,63.88912179595496,30.290475418815184,14.429002000600445,33.452290671822354,66.12509710558223,648.5231409571946,689.532075274182,1338.0552162313766
PharmaCorp_07,Year_1_Month_05,88.3461010539165,61.21793431573948,23.420354405483856,94.28430926095214,62.27897517135539,95.95525218672307,40.369932591255214,17.66465392242314,70.14381546243462,15.959402768817418,726.8989565645318,630.7059279729149,1357.6048845374467
PharmaCorp_07,Year_1_Month_06,16.112501242367983,21.47759213912767,51.8281529686858,25.880459717359717,37.578329935339944,21.075892330221677,26.99484681976922,19.513915522334706,77.64807135781706,60.31484315340944,351.2565844594546,424.707334704427,775.9639191638817
PharmaCorp_07,Year_1_Month_07,25.90774652770024,69.28892968739815,75.53651324867495,89.95580304970188,71.66481353229335,54.91199064323107,53.69655450501516,87.28916536440043,88.78181928950544,44.70334789376135,687.0720091955727,286.2394842545839,973.3114934501566
PharmaCorp_07,Year_1_Month_08,26.348876632280692,38.40340542196854,67.87609312217378,42.70572364854075,83.60028705791076,78.84184227036603,14.040502161972643,30.59892875156033,71.20138544761971,57.07164257265424,433.61837883470514,792.2139010670861,1225.8322799017913
PharmaCorp_07,Year_1_Month_09,52.09435964375252,21.279263604864845,38.748133222996614,51.669869634809615,81.52249956879628,85.60080184362576,46.24681993074681,71.74665874140885,91.98528240556287,98.2159701362278,564.0647144367072,250.88378208819208,814.9484965248993
PharmaCorp_07,Year_1_Month_10,10.09658591920979,59.68532694122213,26.608963054381512,63.2748387049351,59.39054432872965,98.17434437136568,15.559150940570241,25.276241709584923,12.565958471624166,81.24528913275785,374.4354770492829,205.76498882424667,580.2004658735295
PharmaCorp_07,Year_1_Month_11,81.41300880812096,45.530475830023526,51.84744528452867,23.15715719364929,76.49656610596337,11.660282814127251,75.90616519758942,29.58825722569751,66.80711174984805,99.77183667504251,574.7211750674114,430.93521619752966,1005.656391264941
PharmaCorp_07,Year_1_Month_12,55.774824206284144,78.64431107058549,61.84832171780747,89.8690945937991,52.36822402457946,17.581417392103113,82.53263260296518,47.310144102538075,85.23583511740195,84.00246665072618,670.4935023461386,774.7667056776055,1445.260208023744
PharmaCorp_07,Year_2_Month_01,86.06184408336672,17.768393785644705,52.29073016692468,17.544207822771615,41.669715518302404,76.30255118087734,99.12839573842486,84.81362284809953,38.68491394119742,72.48610697069765,558.6570279740166,294.4365457886555,853.0935737626721
PharmaCorp_07,Year_2_Month_02,72.49701505977812,15.80989633987442,61.93201736260635,88.20632288975256,45.80620742276989,88.36817780642629,62.62497918779676,46.994233102628996,48.20692160425007,56.0936378032752,630.0381689586864,568.9675583091424,1199.0057272678287
PharmaCorp_07,Year_2_Month_03,36.11837448816932,76.73356617070783,59.58361796152193,68.19107585508036,25.06462294689947,91.33682263134358,85.51538176231217,84.41470507881826,44.26408496683275,82.97332769352806,589.116789115515,666.8949753898155,1256.0117645053306
PharmaCorp_07,Year_2_Month_04,38.159289088281156,47.16106370185248,35.21518745165633,43.102967500779556,73.78746901562432,52.11108744049917,59.90015737067302,23.796983288225277,10.099718529631254,24.34012862131289,446.3819940958803,290.5647863523509,736.9467804482313
PharmaCorp_07,Year_2_Month_05,68.55949464839881,88.1079532729883,80.83260225876013,87.30357213341203,88.55090001942312,26.19134448830306,26.24671150036474,96.96783648374728,78.97012920160414,68.37480697237879,760.5911248190915,726.341039847069,1486.9321646661606
PharmaCorp_07,Year_2_Month_06,77.97080585246991,24.575365182253258,69.39447331367614,24.87808047231398,48.7793337977265,49.26371739353115,21.663649843002105,16.61980655775703,85.39251955080266,14.535918936620002,515.5558252659895,650.7444491626973,1166.3002744286869
PharmaCorp_07,Year_2_Month_07,90.13585546543422,52.344962399364285,99.23657323599112,31.800970824455057,52.11037009340876,97.82457970069771,26.036310871396925,33.51517966507703,78.36609583720347,36.70608552580573,686.3254031334251,653.9713771629215,1340.2967802963467
PharmaCorp_07,Year_2_Month_08,17.069275862715347,21.594812902128936,95.80217946974861,59.225938734374324,51.88880847264125,87.48901149864191,39.42999360958542,24.694165671728655,48.50251267602471,29.873831487964896,450.3814938599112,745.4645219728365,1195.8460158327475
PharmaCorp_07,Year_2_Month_09,75.9826359490023,57.16508062039915,77.82674303467482,48.80477127974446,40.07025396400036,47.011092468588735,69.50218337142913,97.3268224182144,22.23553518894675,52.70359889163587,651.4730104400015,702.0203858340456,1353.493396274047
PharmaCorp_07,Year_2_Month_10,62.24738386862237,72.83990244624601,84.61304920016458,57.06434519704414,58.4521089582392,32.38647934135267,45.40812803813978,27.811972975810146,64.25864730727153,91.76683002257131,657.3478934843386,489.2859063387526,1146.633799823091
PharmaCorp_07,Year_2_Month_11,30.26092009363922,10.691616108047711,10.424307782591084,34.03757331641083,85.94778984363812,53.517187095516206,54.86759354042918,69.5112895837236,30.096766799372457,96.99038555066583,408.7362023260962,391.2546796984049,799.9908820245012
PharmaCorp_07,Year_2_Month_12,47.86371452448567,59.95886053192218,54.28971086281285,64.96954551711761,94.6344701322147,29.18878999538937,99.0961024767342,95.11315853615677,15.034025810417068,83.06740700454237,656.5098971055519,567.8976022923047,1224.4074993978566
PharmaCorp_07,Year_3_Month_01,61.60506381064517,10.529899992367929,11.705049477913544,57.03919335462674,30.531119165846363,34.347853792619304,44.86308871753995,17.399180964206373,42.93334758457114,20.84663123081238,409.42490182754995,791.3125800688857,1200.7374818964356
PharmaCorp_07,Year_3_Month_02,36.687726149077974,77.8896221799254,35.245213788392704,26.275387248424842,16.5524104037125,30.128850494788622,35.137967538513465,93.7138395503937,36.686627718048925,19.48527965681908,463.32815796922273,708.628671739206,1171.9568297084288
PharmaCorp_07,Year_3_Month_03,78.24924775970553,71.07905597329676,79.26833217212157,15.551132075612482,87.73466436529911,15.773204086573962,85.45118337007167,24.649518845504353,59.575329442399436,98.07694437918089,573.0764738714482,567.0738178449726,1140.1502917164207
PharmaCorp_07,Year_3_Month_04,55.98960542868617,86.52266744750297,34.30196241755222,74.60987627377483,99.1881620164353,65.23957139458793,33.626597858871136,38.72711026093205,21.432780995874406,42.628296030543495,637.1353823758261,442.0870477793351,1079.2224301551612
PharmaCorp_07,Year_3_Month_05,59.63488951126104,34.05135569449538,61.357685198990055,58.93926515510096,77.89259678408028,42.01969575164394,21.22182920335385,96.37405820597944,56.083271430902506,84.63692680921456,575.8913430681421,471.14955868094427,1047.0409017490863
PharmaCorp_07,Year_3_Month_06,97.94631665399356,34.9012783699454,30.279749675922197,91.47931976568161,64.49185738086942,30.011590224776935,21.756416115223505,40.32028176103146,38.45460426470226,95.3731948967812,628.8028262892657,760.0906892141858,1388.8935155034515
PharmaCorp_07,Year_3_Month_07,25.01184158471792,53.07178727104573,79.4806415371968,44.398566937009505,95.66773804054584,40.59469880482971,95.85957821792205,11.785032469237942,80.68064764752889,36.360382611354076,558.169667584099,683.4056526418469,1241.575320225946
PharmaCorp_07,Year_3_Month_08,87.21531681825843,20.343338409556992,42.39712076452155,70.76892037655178,43.57410932861464,20.129039501432423,88.87955090531406,30.5616658927229,30.94131551314628,58.75005656337433,538.7461470255193,593.766409565809,1132.5125565913283
PharmaCorp_07,Year_3_Month_09,86.42231600841035,39.44250975477142,43.52647226409046,27.139093598008504,39.78769505971577,48.293211952966544,39.25081948163107,81.64577178612146,28.683233722574627,87.73412662061102,604.4915528360235,490.98647238900855,1095.478025225032
PharmaCorp_07,Year_3_Month_10,97.15967870960019,79.36875481467727,37.85088995395315,16.89037075585685,39.56941315530901,85.276394725976,37.56856097562821,86.73472527749514,63.44015271299218,30.762268864119402,668.4956006408731,236.36020070830403,904.8558013491772
PharmaCorp_07,Year_3_Month_11,89.78779312195165,57.74435121959506,17.925195169743805,26.672832901839787,58.961515470651975,67.9985993985145,47.15692532535459,89.87263154827572,63.01518093968844,57.04974958226224,587.1407685238935,269.94996585204996,857.0907343759434
PharmaCorp_07,Year_3_Month_12,11.376133882919563,87.23837680784344,52.24763897971799,84.46400819903053,43.84162935873952,69.25466535464574,25.325444949784682,50.19437143756013,54.90357105721681,98.41914900678339,520.4135162435634,739.4413966774656,1259.8549129210292
PharmaCorp_07,Year_4_Month_01,33.995849195200734,79.62027001977813,77.40750494028872,25.155042132609793,90.7874072856881,32.8530813531452,12.577652287793535,57.860267386194714,71.91915102529782,38.23090710111153,537.1622869800194,456.362572850624,993.5248598306434
PharmaCorp_07,Year_4_Month_02,32.90878098224816,36.23325463083693,88.25482142111531,86.36536827122518,50.466595145249414,62.35721601913423,41.41901052344484,11.204747322761499,97.18132371274848,12.883472814207519,607.8175078018055,765.3243844513169,1373.1418922531225
PharmaCorp_07,Year_4_Month_03,77.12298868836129,18.949770388599998,28.005859299697978,86.47732319693932,47.68921863381076,86.38134042702151,12.784424870549085,89.21012047539574,10.009656048437254,30.802523314168027,583.1406919864667,447.6133372466263,1030.754029233093
PharmaCorp_07,Year_4_Month_04,47.17777509239324,10.981517681446272,22.969461250183507,41.53660591571399,57.92651626465473,27.96507838411132,52.643923568878364,40.129445632424094,20.469760582295834,26.53901496940933,422.79266754848254,604.3675526885829,1027.1602202370655
PharmaCorp_07,Year_4_Month_05,88.19201294170611,44.957535069757455,43.18688712267326,47.57833428269775,17.592557251937173,96.96847735232522,45.857939757737945,75.9748622970467,73.68746208853244,28.220606793951955,666.0369561827422,267.0101909063621,933.0471470891043
PharmaCorp_07,Year_4_Month_06,60.95537125020786,27.379642351587094,48.77129243055352,71.4144626100651,10.115780643592093,67.85636396352734,27.024874927466282,17.021961840657063,32.44503585117971,15.873561617157055,462.63822066726857,330.42275540091634,793.0609760681849
PharmaCorp_07,Year_4_Month_07,58.46396104424477,60.39034354977071,26.771327290816807,17.06097830257231,68.10060533446635,28.8716856079109,23.16915939912389,24.796295856353936,11.768137542823892,54.87693851696752,461.28321478817367,603.9227297570525,1065.2059445452262
PharmaCorp_07,Year_4_Month_08,21.252212641898282,65.14291031202535,87.3503026660186,80.4239865438755,10.949485094104148,85.08003719208924,44.991056550367006,60.20381075288803,99.94495505339984,46.90405793896107,553.3405857390835,426.07705132576956,979.4176370648531
PharmaCorp_07,Year_4_Month_09,91.693010782494,22.584629400697267,99.61453018560421,87.58005380392176,75.59901424802877,39.06681373931649,17.96883577638417,38.62987703652934,27.307723448051178,61.52288244135897,610.9143594885838,536.7407731300086,1147.6551326185925
PharmaCorp_07,Year_4_Month_10,95.87619887456923,70.3530543276922,52.54659173919189,30.826596168629877,63.55465650554658,20.704755203902753,85.53031157236589,64.53018372170969,27.125523914394705,14.121695086655492,650.6821668672281,207.164983489762,857.8471503569901
PharmaCorp_07,Year_4_Month_11,53.829162214477165,95.10886384539194,90.0690962166753,58.215851912364464,87.14689527043602,47.64312485832291,18.70439529038802,51.60702238343516,45.866841494185884,11.18289112756451,681.3949948887101,481.4271802238144,1162.8221751125245
PharmaCorp_07,Year_4_Month_12,33.964182403307746,74.17746210770134,73.55859606960652,40.755951682627085,73.90844767009432,28.846850605941157,72.83772135268948,33.85168932363737,80.07915535741996,49.21518344325762,593.6687235966922,623.2782259313404,1216.9469495280327
PharmaCorp_07,Year_5_Month_01,31.549609161615287,53.6408508781491,20.247218069866136,36.880743085666076,83.93214141598415,71.97673047588339,68.32429457535576,28.553492781524508,78.32064829617383,16.688480818162194,463.3692379942507,394.2332629222644,857.602500916515
PharmaCorp_07,Year_5_Month_02,91.06860437331301,11.858333690457886,41.594580448181176,74.5473996502847,68.07857610410558,41.802633891368345,42.734996051417994,89.4875788149793,20.090855022426986,47.17635713798609,631.5914167807864,438.70127720982543,1070.292693990612
PharmaCorp_07,Year_5_Month_03,75.21667330834276,98.96944679529628,64.88270297644965,79.25830643510356,91.29276578371295,91.98037415983845,73.32827436407469,19.932148357810966,62.641165892150184,89.29955691250979,810.4617853736016,791.1223298379721,1601.5841152115736
PharmaCorp_07,Year_5_Month_04,68.08869054896738,36.412627765001815,43.892058952624836,83.8125180050662,85.02960509843908,53.677770193420336,92.17299542151974,70.36218510244015,90.12888732593288,90.4034886957439,689.6406349924526,542.5010253392661,1232.1416603317189
PharmaCorp_07,Year_5_Month_05,89.0720916315024,30.97433686351185,67.0415688122443,22.220783785409843,17.086355319616768,87.11759351210833,58.20936313593643,60.985921718869776,49.279126561834104,87.65890693529681,561.9674537103143,725.4363910003676,1287.4038447106818
PharmaCorp_07,Year_5_Month_06,93.43680220219,74.43045835815828,15.652712601897107,63.88038272698513,15.425504695447833,64.31021247337016,12.81724975002448,51.18361508885668,44.47026969452337,61.67814690322761,594.6237286104672,238.2130974065413,832.8368260170084
PharmaCorp_07,Year_5_Month_07,53.80614093333515,30.675161107289775,50.94187014248185,26.26769034981091,60.03325182236572,40.92592020865726,85.41590031464365,93.8512231362052,30.42536196540767,45.17048280830125,503.33894802547206,639.9249671740816,1143.2639151995536
PharmaCorp_07,Year_5_Month_08,38.84959118163317,72.7805648992306,61.34047937736409,16.646248932741486,84.99889456198514,91.8684416188514,10.723858487275338,65.82481328252895,86.66042080702844,85.94108535613783,544.6566391212612,428.1853789583376,972.8420180795988
PharmaCorp_07,Year_5_Month_09,52.568151183877525,63.95653029914543,18.680147784817734,38.69785162055164,39.24040445496502,73.42438229428369,50.989976662366985,99.39369440681736,50.783719304722624,44.93561391539498,519.9172110063547,629.2047010260251,1149.12191203238
PharmaCorp_07,Year_5_Month_10,99.29696661550986,19.318873501023454,89.2735023754032,54.10493086889767,37.028009165721684,40.468227767778316,92.41662769478866,66.20911021286777,91.88336869777972,84.0100722234766,690.9287438219385,433.0293071020423,1123.9580509239809
PharmaCorp_07,Year_5_Month_11,78.61037172366993,52.012614520665274,46.523303132768895,56.39437534243097,17.96105949287621,63.53226767272076,58.62163837000631,51.35662280641338,83.0727877400878,40.45779299086803,615.557231652002,648.4795039180628,1264.0367355700648
PharmaCorp_07,Year_5_Month_12,52.47596446925896,97.9924930650678,20.518390289547483,23.081319428870678,80.44403398910652,44.86255553040179,40.823018248627434,61.087372471324414,12.93174210617358,29.676041552239415,614.2358857242388,421.55278039395023,1035.788666118189
PharmaCorp_08,Year_1_Month_01,18.092170528314274,30.71053154477541,64.23081782988547,62.866706027898516,90.77597326818615,35.04864877731027,98.9488003096654,98.92342663680985,16.901835940227226,98.9535830452774,453.2556114818362,561.7110947330314,1014.9667062148676
PharmaCorp_08,Year_1_Month_02,18.81111350402235,15.789777581531899,62.79973492086916,66.65568583560582,37.76279911916772,96.16200755424977,24.731155693571736,65.51251904441142,14.341758870267448,91.31521124861352,420.3712570765439,452.25644261113604,872.62769968768
PharmaCorp_08,Year_1_Month_03,64.18210299392487,25.40409030091649,51.71955183088219,24.486188495925884,73.08354836690772,71.94961295118736,59.56252061570586,39.97199886011795,36.73978243589555,33.749634965199704,535.969945763383,781.0505033342343,1317.0204490976173
PharmaCorp_08,Year_1_Month_04,67.72704698642806,43.60574217647323,59.988317198079734,45.245581956154766,74.80015431257861,25.750539601491603,61.151700956421735,75.26105389153828,47.42245951283728,97.97412729920194,603.2687694975552,516.7599907727067,1120.028760270262
PharmaCorp_08,Year_1_Month_05,18.56978591899322,78.62342986071233,36.560490295690116,66.2725099250289,30.517460899194308,87.87676817189427,80.17453711473406,99.23232366561083,35.891274153716736,76.00658284492663,551.6251616244084,359.32764672143475,910.9528083458431
PharmaCorp_08,Year_1_Month_06,17.180848433318218,91.13423876965217,56.96310957460812,18.644590047438605,78.37863420724544,52.59006891073283,15.779920940138409,48.75184335827854,72.39677739091573,73.3568666619652,504.7088369407217,387.3671846614996,892.0760216022213
PharmaCorp_08,Year_1_Month_07,89.58535582228052,84.87571522276697,39.956428868655344,12.210948360259803,65.32880360858249,30.431459508825075,76.89552688944491,19.98127301895819,46.42045906367357,31.43007916420138,614.1116623756913,750.4698651848831,1364.5815275605744
PharmaCorp_08,Year_1_Month_08,17.337229042222404,23.136648832308826,75.80411556975648,83.68452542098164,60.8701330499197,94.7964571765721,40.9390122102494,68.19491076188041,84.10020518724741,80.17507472724974,531.6879615248322,366.6341141481746,898.3220756730068
PharmaCorp_08,Year_1_Month_09,19.65202615872177,72.47658709786552,24.975783293702243,55.01460850077794,77.1120063764181,90.63894696846397,94.34829712668056,15.351207813506957,36.819255413423335,93.62324342045167,515.8414927222442,268.89303727148865,784.7345299937328
PharmaCorp_08,Year_1_Month_10,33.634384653430864,46.26555167985835,40.72755123210433,11.079808783248717,67.99744512529219,57.60186860429014,18.351569167074246,20.709698633050124,64.43552246093896,87.3148042609195,421.1107627566381,334.89684928071034,756.0076120373485
PharmaCorp_08,Year_1_Month_11,37.35877109184524,49.50428904663542,99.21049234984773,55.5838344970993,86.09472861058484,42.61607262657989,19.965663498905485,76.62532112454154,50.68273499786444,47.151285317284795,624.1418536923693,460.038922959814,1084.1807766521833
PharmaCorp_08,Year_1_Month_12,60.75002822862763,39.875886606375616,13.769403224465249,16.572674577744902,14.111278019368072,58.30497833183763,80.02810440999106,45.741234333624426,46.492867979844554,99.49859200808628,370.5974685932988,788.7584678344986,1159.3559364277974
PharmaCorp_08,Year_2_Month_01,61.70071796689471,99.49381793610434,49.90934409001482,66.64119568959977,27.18593789595556,41.5712868408357,21.36323679500006,61.648144125769974,83.32144913167792,25.04734801710314,603.892896068766,624.5258944350938,1228.4187905038598
PharmaCorp_08,Year_2_Month_02,38.50372260010988,21.98828447818395,71.33165458783739,36.80920592023278,77.19034822303495,68.78338990224209,91.32260677917641,68.8793482608781,38.76911237224118,49.961318573371464,553.3803050229094,340.9829577366186,894.363262759528
PharmaCorp_08,Year_2_Month_03,96.94339833335295,87.87239137581209,56.003768687242534,91.68771203809607,37.18734574317269,80.26251241782369,12.930440256775526,36.35399345116625,47.38253734854413,71.98372086219547,778.5804441158652,544.4183964600618,1322.998840575927
PharmaCorp_08,Year_2_Month_04,15.817553519745896,65.01261950679182,98.2015222238332,44.37143216838155,57.62982900973756,64.60807492810954,30.919311175267648,16.597707293135393,32.538632101582714,40.0458783265031,543.9434452635658,296.28816771464886,840.2316129782146
PharmaCorp_08,Year_2_Month_05,88.29153280778915,81.77906965469569,26.736538654960025,30.50783303856782,61.26289164423669,47.86715211175984,56.95021029753368,23.2751856664389,39.10649736328347,24.680875571084535,604.1963609209031,480.75474390022754,1084.9511048211307
PharmaCorp_08,Year_2_Month_06,51.05587153320122,79.41122736197394,71.53118096926737,81.54478770724226,88.39738985315573,77.20713449251052,13.793840952004562,17.70028268220146,44.95907694777121,80.16486949530325,616.2952755106314,550.5191204629,1166.8143959735314
PharmaCorp_08,Year_2_Month_07,10.249811555146946,96.51154857026432,33.49244106506444,67.84388342646318,22.898611867947466,76.81144362261412,90.07630765539986,31.57616901158382,17.32467484029965,29.95787881207355,532.7118443525517,229.2094934170217,761.9213377695734
PharmaCorp_08,Year_2_Month_08,87.33295997959365,83.47829475316466,81.19393441346557,46.526051110473425,68.11981852829378,26.93583690980737,49.479979092776716,20.342856543957048,60.18305428888727,27.1990977811767,675.4457417897809,584.7241851174065,1260.1699269071873
PharmaCorp_08,Year_2_Month_09,70.32852925776729,57.09196626316377,36.539094062906514,89.97212276443886,86.15631896316108,72.09742733945002,20.04483776601963,60.496367687235725,54.33539931975081,53.28332750552719,672.3469660359252,711.4107610328629,1383.757727068788
PharmaCorp_08,Year_2_Month_10,17.03924312663163,55.845240662607026,22.34311606334291,45.75270163913199,36.48670845529802,46.38469265318427,94.32505124819382,66.43645853974456,76.20425145040046,53.82127964836196,426.31439086795467,716.2033701104082,1142.5177609783627
PharmaCorp_08,Year_2_Month_11,76.54813760755833,23.110138465998233,64.64663543907676,32.381308779263634,72.2323949419456,49.06406705280363,77.43994417969346,67.01561752768865,94.89384883535017,17.145769365162472,597.2233073181656,567.5164347421943,1164.7397420603597
PharmaCorp_08,Year_2_Month_12,97.71385987730257,56.25353688420864,98.01756766096254,52.58107475222441,42.91262605095971,57.1961048830389,79.10058768962877,31.073587769098417,89.6234506913944,18.469221531018185,784.1056561423645,573.3171338498807,1357.4227899922453
PharmaCorp_08,Year_3_Month_01,42.597743543720334,23.14651262232025,90.37564332107102,29.5097747804557,32.39278348811655,23.07833812531893,89.69829377522821,14.310382153984285,78.36542752684839,98.30917676766445,480.73155544243707,227.08448655635172,707.8160419987888
PharmaCorp_08,Year_3_Month_02,84.20127001280042,98.0220919436553,41.648545369036555,89.75897996144974,62.33142434375415,44.374902718198854,87.96495587705957,11.854450836574888,57.95017752461448,44.09804655559706,710.4961578672286,700.2900796015601,1410.7862374687888
PharmaCorp_08,Year_3_Month_03,93.01531441994813,72.98188805068298,44.830751466129925,75.93694278701844,12.368204356537808,12.189084870828726,29.584528033928635,75.46042453559954,90.86100140411496,59.5518092848831,666.9422143026113,651.5779842116885,1318.5201985142999
PharmaCorp_08,Year_3_Month_04,86.42293529024779,40.10091719136393,11.888343834239059,15.057405118681817,90.05960096019614,59.07845970928468,97.2863210195707,29.327161566266913,75.59944624043312,77.57098550237342,587.2336844891342,255.20733990464385,842.4410243937781
PharmaCorp_08,Year_3_Month_05,27.444080925830498,11.490369575156247,62.37812846114657,13.759919406793095,64.02962183083773,44.08265036799598,92.00909885870945,45.36532958128075,65.22578245541806,45.940051912674775,395.8115978809911,490.083935877115,885.895533758106
PharmaCorp_08,Year_3_Month_06,18.74768290618568,38.037893135175466,95.73915369502025,34.91200193253373,65.74099764162415,51.5712470685866,68.61028290602198,84.01623208066938,70.20765125359428,89.71092529802421,499.2828292367161,756.9075042665082,1256.1903335032243
PharmaCorp_08,Year_3_Month_07,34.903093299873106,48.949039605185995,48.66331502057003,28.890150429701656,97.2838893242759,33.085901524425324,21.148829911084647,33.88746486232837,89.27991396128162,27.449743768858117,470.4366154167346,533.816666135991,1004.2532815527256
PharmaCorp_08,Year_3_Month_08,10.669576720408086,63.41457943616766,66.14095516062459,78.18479095253598,53.15519777504537,17.666380111353046,97.34068726750732,99.21713336122464,17.2315091557254,46.64329954703189,544.3950482177434,516.925362683065,1061.3204109008084
PharmaCorp_08,Year_3_Month_09,64.41866982839564,15.051811768100006,54.28809392040643,99.79662781212821,63.57769961771245,66.14513830060284,20.636484993055383,46.500956735415215,87.38722441484288,42.03189128488604,520.9178655629535,340.1281936097341,861.0460591726876
PharmaCorp_08,Year_3_Month_10,75.9784930217507,28.783420582016383,75.66409370708107,39.249901620651656,41.60520549305595,82.37610085649462,52.59532798386275,95.47050947595555,64.24791323552768,16.498946637161353,629.8751358373368,400.5207213952543,1030.395857232591
PharmaCorp_08,Year_3_Month_11,44.650463223670734,88.11534867260309,99.5805938231866,94.52592131361624,31.707798766186933,60.00612218564343,19.755796255883794,77.5962874146007,13.285172098320702,46.35209901106717,700.4175732056142,302.4163996213702,1002.8339728269843
PharmaCorp_08,Year_3_Month_12,24.849783187028248,34.041249457799935,92.5135690249047,73.46745705629057,16.273758222373957,52.22803168070581,25.221988957800757,61.47645002953659,26.685249691758184,94.86284132596181,457.2838721513356,478.24380370015825,935.5276758514938
PharmaCorp_08,Year_4_Month_01,23.205672610127884,68.91490287879918,95.7119967210016,54.92054838919292,63.79169387534447,36.666440563286365,38.819944656289664,37.06586418984866,69.46229677012087,49.11742454019834,529.2737579009631,435.8957575782865,965.1695154792496
PharmaCorp_08,Year_4_Month_02,61.351535104270326,77.37939240680473,98.87383943309891,50.558350842337425,92.73846089348939,84.70337549063086,61.61331043458526,87.63211731512274,24.4802344743804,18.654211604747005,725.9994864894252,386.3043014130718,1112.3037879024969
PharmaCorp_08,Year_4_Month_03,59.36947947384484,40.764485954786224,33.57008781640906,42.82185407708452,27.93769952804932,50.34846162854535,85.31154071064397,98.67144976410292,78.7678691044503,25.39305596626086,550.2881658882914,556.0990836108688,1106.3872494991601
PharmaCorp_08,Year_4_Month_04,71.69746101572798,36.87712115465857,96.68031630623393,50.3757562713207,45.02700881405937,41.17959039171816,79.37029115021738,75.54062880711251,13.801056588478724,98.42465188754718,591.6054732128936,565.5823816461698,1157.1878548590635
PharmaCorp_08,Year_4_Month_05,15.897527252581378,53.66968727694861,51.45322279584702,43.534650558470744,43.75440900918156,36.80667237083783,18.447822249007253,52.522572747572156,76.55610341328006,66.83157387020728,419.51678050442615,445.7081149665579,865.224895470984
PharmaCorp_08,Year_4_Month_06,52.34651935418909,51.84567378698811,14.553418159963996,92.0874402022194,32.62721896716619,55.58690037054417,21.185200276667285,37.63639984265404,18.268260873078056,55.403603355787425,502.2831077873456,232.68275785989644,734.965865647242
PharmaCorp_08,Year_4_Month_07,72.55442167894489,35.57998780997073,76.43500041298832,36.10345508169152,42.96760004054354,73.36088843865247,90.85824185247212,87.9549758855263,48.483815565079965,44.050172439207,618.0966420485457,437.453327937651,1055.5499699861966
PharmaCorp_08,Year_4_Month_08,96.12628196809764,39.74777970156434,70.48216006652731,37.03038737092902,95.81452934403622,61.901680706832416,25.930717177318407,51.70110730236342,49.303360671719375,94.20043476220609,714.5595316207557,550.2556195237597,1264.8151511445153
PharmaCorp_08,Year_4_Month_09,45.45099725325819,76.22301533165499,86.42452420970312,10.343770748987183,16.26565662897625,74.6210399329484,30.247855735213207,53.488670393887446,95.06363549686424,40.22232755714701,517.6554474833437,730.8656916125575,1248.5211390959012
PharmaCorp_08,Year_4_Month_10,73.29709557631672,51.64217119937028,59.45423484096454,49.167278853804945,34.191469414937416,18.578510541180023,34.385178011321564,48.91305397624194,31.153644249315086,92.69205060071437,578.5752000274064,645.5189686750881,1224.0941687024945
PharmaCorp_08,Year_4_Month_11,98.17304217596154,11.152281356344835,27.369634751840337,16.52895147025719,50.75951261995194,81.02346705878782,94.36233324178495,38.599182974878076,26.572173483606644,32.40726146852458,511.2449568779102,523.2136911661875,1034.4586480440976
PharmaCorp_08,Year_4_Month_12,65.37186530611166,69.1854561930331,22.08864062386649,23.128580614569497,43.517281789404386,39.57824342702787,38.737793838110946,51.38108457014721,96.62531269229562,98.43914046278317,519.3403375555514,363.7084017928041,883.0487393483555
PharmaCorp_08,Year_5_Month_01,13.429494997823422,98.45890056319188,38.299476800120644,64.40359260677158,45.479117882344774,50.70830532529504,15.94551540923363,48.264775993302194,18.31785461745129,59.245869757999806,465.76041561104023,570.9718164187328,1036.732232029773
PharmaCorp_08,Year_5_Month_02,69.1032135358632,83.30142729501269,75.77977411281826,73.17526671867029,67.68783838847536,95.60962242350821,50.56264259427938,47.94386208407858,39.68912747998953,13.24795968350896,699.0746701211895,310.1301066576637,1009.2047767788531
PharmaCorp_08,Year_5_Month_03,63.82732725005519,27.6489996785706,81.39792761437299,36.56039660244848,74.51371852487769,75.56111153631906,60.41681212662437,69.18533880062124,68.02524815116645,72.43612851938148,641.0657845891897,300.38788041476437,941.453665003954
PharmaCorp_08,Year_5_Month_04,64.78913971584996,19.9261893474468,19.77879279692375,87.10371458978369,94.34865613121406,26.40587267640065,85.32283763215133,93.19398776025447,39.18747818631063,80.61636745876085,583.6042182374106,360.14738730317174,943.7516055405823
PharmaCorp_08,Year_5_Month_05,23.364123534359113,86.92664371313398,59.33516286916869,65.75006001327971,47.52952593759626,85.02889698168492,45.470862456675256,15.900170992119037,56.703269492211255,67.7911917443485,548.4754070559089,630.9912265589876,1179.4666336148966
PharmaCorp_08,Year_5_Month_06,82.58575298994741,77.37509413856472,35.97340992358161,38.338047997794824,45.783945168235796,27.16828754607958,39.745202114961174,70.27256732484219,88.99815911478167,33.33663264571089,658.4612229301579,401.3743335748235,1059.8355565049815
PharmaCorp_08,Year_5_Month_07,16.66600896093126,14.111969669309552,98.4228866614711,86.84198790994633,80.80351925695714,72.72655578032376,29.811720832369126,25.74812762243082,48.13568639555311,67.71864762501077,536.804936846937,798.1657359980585,1334.9706728449955
PharmaCorp_08,Year_5_Month_08,70.37509699794774,93.58519241881862,58.05419949513094,44.21155933664658,48.28108990070196,61.00751147199618,48.30732196188941,99.19853850362311,91.1466480766621,20.030183630681343,722.6178265010669,252.52070658187156,975.1385330829385
PharmaCorp_08,Year_5_Month_09,16.77726430623521,30.033856281917146,63.7450415939818,15.208557115299069,18.729573922278725,23.45724808173246,61.165810861553176,91.86279884632644,65.55595582254008,96.60843404302697,338.06065255672297,407.49325497581054,745.5539075325335
PharmaCorp_08,Year_5_Month_10,11.638377949239574,31.902796005144207,10.01557091985608,95.18702624778017,84.01465466749984,66.72635948967839,48.949735901926346,31.27746463900742,34.25533077419825,17.287148494658176,400.21218562729,781.8689781954649,1182.081163822755
PharmaCorp_08,Year_5_Month_11,48.63218369131749,69.88011289171176,15.504092493654323,23.468133804953908,19.327803454193607,26.137103154021027,98.65677067898677,99.77804796259458,94.98083614796833,84.78184218348407,518.96820440592,417.34882025508875,936.3170246610088
PharmaCorp_08,Year_5_Month_12,94.13000745117813,40.571847369185626,91.3377519922535,49.43436995081499,70.8741433418457,49.21743263445511,78.50454044707932,26.510409467661535,19.963481181319963,88.333342731504,715.2417682039345,230.36400432347153,945.6057725274061
PharmaCorp_09,Year_1_Month_01,78.76862570709466,53.46090167013676,96.07461413636746,45.516239299002436,44.916503751814524,75.7013736273359,48.3768461518582,26.188742679345467,41.52597501644839,45.35472502365819,722.8453094163684,559.0370557970659,1281.8823652134342
PharmaCorp_09,Year_1_Month_02,89.97117646127975,82.50766015182185,91.83093128875262,37.850556204316106,71.83812490394686,83.96571191579157,66.11210788198555,55.811801009467445,15.181243528371958,25.63943819778757,773.7780177844686,788.1212375954767,1561.8992553799453
PharmaCorp_09,Year_1_Month_03,89.33290695781005,40.98880004240817,41.026433989846865,37.966045962711775,96.41178168606552,58.90444580106891,18.74825103324255,12.05348344667892,59.02640747989539,29.951842696863267,653.3303786117697,363.2824088521397,1016.6127874639094
PharmaCorp_09,Year_1_Month_04,12.981122940747507,38.26646354105229,44.21194710007951,51.987654533946426,16.98837943959886,88.76339739747935,17.810086600537517,78.3010398964549,28.90115655834697,27.91759776422585,352.03000041120396,651.8958855817318,1003.9258859929357
PharmaCorp_09,Year_1_Month_05,26.739341140250517,50.00384225517629,76.22021037501477,26.40652744004846,30.88717464478017,91.98511468725083,94.09025489819275,32.2247204277354,51.57391733478571,26.89076634823004,523.5468057767497,506.08707305698084,1029.6338788337305
PharmaCorp_09,Year_1_Month_06,23.16024971138836,99.03907053247958,25.839790848060005,61.53395021214768,98.86931843823713,37.61309929507998,51.46138590264395,11.150089492493215,69.60209328770206,10.792875520204209,547.5594962685957,376.2701585386465,923.8296548072422
PharmaCorp_09,Year_1_Month_07,94.13956917563954,59.52250329031605,89.28929990256306,21.283126743991936,12.445409003952587,35.36547481549502,92.37468923821375,55.89018967566674,98.57816645245202,52.95608227987513,693.0055036377053,526.2970499758869,1219.3025536135922
PharmaCorp_09,Year_1_Month_08,58.31013014534555,75.7282103696273,47.990441472564854,24.230449239561608,89.5970171732728,76.53103937422684,69.04728877797255,94.29658653586695,99.40402979800504,40.418259863858175,666.4459947271037,637.1129450485562,1303.5589397756598
PharmaCorp_09,Year_1_Month_09,44.498236842528485,26.161916092289854,67.26636201327041,13.849431987702685,76.22142617358972,83.76362613649336,84.78358336852976,31.7908688621806,96.19100273418037,72.88805767093359,495.73371295418593,657.0755611523184,1152.8092741065043
PharmaCorp_09,Year_1_Month_10,98.9077798790227,42.9895869534264,96.91320497569303,47.290376599141965,23.188689743879287,52.800522294063875,97.85302793888599,90.88104540627329,98.86619095175004,66.16828033023387,720.646633661684,698.3849197077463,1419.0315533694302
PharmaCorp_09,Year_1_Month_11,92.53732770357486,23.38075973053286,52.75896387685722,88.03205191784143,93.0210238865921,72.76027087210167,45.63968252345816,47.74741696787198,86.43751422389487,62.69548220088363,716.119147450574,326.21695177393735,1042.3360992245114
PharmaCorp_09,Year_1_Month_12,18.137660380748905,70.89242093049182,64.76202201778344,53.47770323044035,31.37516632498485,28.949746922656182,93.21962658957582,75.0719623993205,94.08085448799545,57.042363024926516,579.761335607184,600.9154389645903,1180.6767745717743
PharmaCorp_09,Year_2_Month_01,83.12630057764434,35.690886822541714,80.33312904243942,60.50239671146616,49.43683522137711,86.86576005294464,73.70588597707805,42.68297890993794,21.59200186288228,97.30436599651776,712.9708269602119,664.0005964531392,1376.9714234133512
PharmaCorp_09,Year_2_Month_02,95.68748686259681,59.97060425412145,61.34703250519673,64.06948672067524,99.53673897972709,82.9393202462608,98.16334621749488,75.9958549199039,93.5959658870596,65.10169802248693,849.1349269271468,339.49880844990287,1188.6337353770496
PharmaCorp_09,Year_2_Month_03,77.2531570183254,55.60315635950458,51.64372061466055,33.0791217719095,79.49667845850936,93.18962275768965,36.03875178625226,19.16015436533893,43.06466354727313,46.13948051460189,626.8791211926722,326.65312689354727,953.5322480862194
PharmaCorp_09,Year_2_Month_04,55.604542886988455,70.55683279191376,67.17873641137464,58.2653835456209,20.6116665526717,20.901608997496563,83.70816757828841,12.525005282505488,60.70955094803258,66.67628597000973,582.9952920648271,789.7073482712844,1372.7026403361115
PharmaCorp_09,Year_2_Month_05,92.60111499661974,66.43749365386162,49.70223986428617,44.0595404656205,58.02899654492893,23.19098184494261,30.354064874774153,17.40112850134539,15.038358618218423,48.853847204810336,620.9224370099978,509.22750938972774,1130.1499463997256
PharmaCorp_09,Year_2_Month_06,15.338337998030042,96.1459170925485,13.008989932334897,68.57180308045074,46.85269077575885,20.489311660270342,75.49057171386785,90.0804699233129,48.08440532788384,38.97214130696068,499.8677587999425,334.69661449876776,834.5643732987103
PharmaCorp_09,Year_2_Month_07,58.66290796612188,80.17228123159286,62.44838872183948,34.55676542794667,46.26006575830696,66.18445326666044,77.93846300487057,74.28594042736202,67.28752501533529,94.28183486977892,594.4270116215582,320.08513429247995,914.5121459140382
PharmaCorp_09,Year_2_Month_08,71.44260027870989,52.88620739314508,89.99900744607756,86.56553914234792,29.58657457155504,35.8888927605259,47.243017653350215,23.23845097290691,13.102007226121799,85.41668233605763,685.2848421120452,666.9407039284539,1352.225546040499
PharmaCorp_09,Year_2_Month_09,74.15172458966065,76.8168444141495,53.3577647228752,21.321164732087926,46.802883542064414,30.65966502198754,46.89131638710593,88.29958028463133,58.832501276372476,53.26792918349588,636.2407191461216,337.30840733016413,973.5491264762857
PharmaCorp_09,Year_2_Month_10,78.63147080435755,73.74650343179721,22.235538586189055,33.90988240381864,37.97058770946042,71.54378898781079,49.864932618123774,84.25492124488738,82.52106321800294,53.7982060913639,586.2407095050986,351.8295520617488,938.0702615668474
PharmaCorp_09,Year_2_Month_11,46.827955331309965,76.58830398068163,67.01948177491435,59.72619768640779,33.73038412816504,41.181625233703315,96.41683219304885,86.13509043171611,70.04353104153645,11.437834507291042,618.1571868060846,652.214598931103,1270.3717857371876
PharmaCorp_09,Year_2_Month_12,94.91810392810709,24.6959530040426,51.51434326407519,67.40936899587912,63.93384858626639,48.34319110354297,18.218076013567902,61.712500082889335,36.59014840113706,70.60750637705937,590.0975998783396,357.92947304545123,948.0270729237908
PharmaCorp_09,Year_3_Month_01,49.57237250845984,28.301883691777164,94.4521360282197,11.896873459887448,14.519950098899113,71.81261937249377,78.4617161832645,50.570853498379655,19.226384247238826,75.9278741961773,462.62932988170564,665.3957874550503,1128.025117336756
PharmaCorp_09,Year_3_Month_02,96.48411005395745,76.17967722713045,70.13037140641444,50.622739303123446,86.2942871222406,16.92226233600971,17.928463552873666,71.67374011644296,33.2658638335548,76.86417140387962,714.0777284244638,375.09965161034575,1089.1773800348096
PharmaCorp_09,Year_3_Month_03,11.705837762705706,16.08063346335932,28.90120850116207,79.66023817537193,42.755823495673646,95.94841789862252,51.42220453357198,86.20413855191273,39.9746834550443,99.64935897474223,435.868420387491,667.0014122281584,1102.8698326156496
PharmaCorp_09,Year_3_Month_04,99.74560526911375,76.76138440994809,97.78754648713267,96.31157730159299,22.60176941133975,51.36384061717032,60.885180444887524,53.35554694227891,52.281089020964984,46.146538287471685,819.1270105776706,222.4149510306172,1041.5419616082877
PharmaCorp_09,Year_3_Month_05,58.87464741855595,48.05628529221061,35.191349916261814,32.48064976282581,94.57323107759417,19.493111810302246,31.81723788803466,77.97039891261849,95.46192425624331,75.68793647799362,519.9163872916067,349.77471135090957,869.6910986425163
PharmaCorp_09,Year_3_Month_06,88.17305459703778,30.032440714261593,94.91174864770421,60.44681684295778,54.92186727158994,67.48707817853344,99.82461286425062,75.33578559421056,46.458793765245616,37.905510157419585,709.11076823154,669.3087454897342,1378.4195137212741
PharmaCorp_09,Year_3_Month_07,77.51063033290424,32.178427147742276,46.377105820349314,41.24582135491492,21.5743029899445,97.81750447242624,67.24760403164015,86.04994429650111,27.52785578021073,29.441623169229974,577.7718150652993,564.6308071826317,1142.402622247931
PharmaCorp_09,Year_3_Month_08,84.8894130085191,60.055288861407085,53.54505255241751,89.6946648576195,96.75421546614899,37.308037464346384,54.769807064890244,25.258501392050086,49.339627624485814,36.15868617898413,744.0261488512642,529.9839886502009,1274.0101375014651
PharmaCorp_09,Year_3_Month_09,30.546734236033153,48.648105427306845,43.24969833148849,90.34168663440082,67.32866200679766,28.102804617757766,58.40773627228918,84.4850801715804,73.8657975680037,17.18398779327782,564.8369040508651,524.5487474687616,1089.3856515196267
PharmaCorp_09,Year_3_Month_10,35.76546873887435,12.926037987035421,26.361921752690556,22.6533890823571,85.98357919499341,55.30839526261069,77.52709441166229,13.76029655837291,31.691171180102288,17.925451287105254,388.50498665883885,448.09840777801554,836.6033944368544
PharmaCorp_09,Year_3_Month_11,34.524397775967586,23.59148474997303,96.48310305911225,17.325709496351966,79.18636396771262,19.33551181661813,61.92948422949258,75.48071050969696,58.86063758708504,47.39468947066864,485.3563343075618,430.9298545493299,916.2861888568916
PharmaCorp_09,Year_3_Month_12,69.22589931432415,50.99163685526156,41.873566229417435,30.27903565212488,54.80889881341296,88.51105504331088,92.73051582038215,79.31616858094041,98.49153599255894,95.23097419209941,622.6753433816361,275.92482246740957,898.6001658490457
PharmaCorp_09,Year_4_Month_01,43.077147925700324,42.545778509298074,30.29076775611895,42.39157478144449,39.037199096379226,16.403168266468242,22.33633482000409,21.083602893819812,18.672681968840266,88.720520561099,330.9261906103454,313.32280187506467,644.2489924854101
PharmaCorp_09,Year_4_Month_02,57.69104641550931,25.307265130494827,62.612212839684815,96.65101042588918,25.74528563638387,83.99539619525028,97.55917814668496,48.13745767884313,70.08556128881611,21.901261309803395,658.9415299489965,578.7881238013629,1237.7296537503594
PharmaCorp_09,Year_4_Month_03,94.91060109330797,59.79775048021344,64.96105063838237,64.36933986925735,69.38898258501612,11.834197838673289,76.84861465485977,88.99881817326367,13.14677466151851,73.25408938355162,703.794916772679,262.40191150890905,966.1968282815881
PharmaCorp_09,Year_4_Month_04,63.205262642750256,72.20080818310191,88.65169530022575,94.90961413681394,69.69873186485034,57.119010869798196,58.59883687019929,14.273065182907018,39.60222684249374,64.97382079768352,750.6452858393741,491.0504458011952,1241.6957316405692
PharmaCorp_09,Year_4_Month_05,31.909082809532457,33.76621415159043,25.84693230825417,31.57802112674301,30.54748213222201,97.41769410029298,47.27243399655336,40.5437435093439,19.848047684428185,77.83529767131537,353.053856768405,792.735587998061,1145.789444766466
PharmaCorp_09,Year_4_Month_06,24.335913169248993,23.435357134249898,77.23699424801072,56.89041792347491,22.676352692926365,35.63802935643179,57.66686754516155,98.83329306751796,33.290100657191104,94.88029432945127,458.45687320386253,318.30397228105335,776.7608454849159
PharmaCorp_09,Year_4_Month_07,16.9126550824896,43.86720562454292,66.27511475652139,25.25501538231417,18.396648119729875,82.58713210604732,99.79986989652333,30.864730750304112,26.478179895793218,85.77654519070747,456.5304624533924,213.20432044376636,669.7347828971588
PharmaCorp_09,Year_4_Month_08,34.95572096071156,11.478995760421318,97.02351059195746,73.92200046195097,28.712394890877782,84.61684559177813,76.62733560861999,64.6547688081605,48.70094142473757,13.872223232319586,537.2167704628341,768.1372264668732,1305.3539969297074
PharmaCorp_09,Year_4_Month_09,23.927136163013646,51.879109523950625,40.53339517491884,78.40248280156679,17.66556317643624,70.00300156496928,97.3002926922449,60.8408381403675,64.32030454740584,35.462629444856866,516.3126561840712,571.1081129011789,1087.42076908525
PharmaCorp_09,Year_4_Month_10,59.41488656908117,66.61210487092157,76.69513046859899,30.563665915557955,34.65912363039172,23.879517815886036,84.97661057075237,57.131029015248494,55.49988352389579,73.33147840285606,567.4835067944258,390.6077074218872,958.091214216313
PharmaCorp_09,Year_4_Month_11,85.36881671819867,50.68707821431796,72.65784403298797,33.5665102866125,71.12415328249102,54.226504549041444,11.248714718784479,59.33954981134476,18.152876962099466,57.968078330874796,627.4832277485764,457.2364520418899,1084.7196797904662
PharmaCorp_09,Year_4_Month_12,11.39327967345075,41.14612331918953,74.09997683177679,56.660886567154435,23.590466941790346,14.849091293407255,61.07875806690359,96.17869809895527,53.96254287084991,91.03660392294546,428.329230381569,341.40269300037494,769.731923381944
PharmaCorp_09,Year_5_Month_01,13.749821126120128,43.642141782186194,27.57998161971547,40.32844415504079,69.41521228598876,70.33720412353551,75.55121206068867,19.561040338875394,90.6701071606658,99.6321506412794,443.5727032590337,540.249422878685,983.8221261377187
PharmaCorp_09,Year_5_Month_02,31.617141208113722,83.46745653163896,32.56889480595777,55.06490797785717,41.59657245879468,14.270246024469792,33.61249304024512,37.0361606188179,37.89583005129434,22.201979562208923,436.4421729191703,368.45913715108907,804.9013100702593
PharmaCorp_09,Year_5_Month_03,90.73499824699667,37.489914509559114,78.1880985760713,57.34876583994404,15.407689704397015,20.37502734412088,99.56525791023653,17.268092847881015,22.399664448150283,28.204944770393503,583.8010306110075,419.7087370514175,1003.509767662425
PharmaCorp_09,Year_5_Month_04,13.314455685956377,95.40215263457604,97.43989131422916,31.147970632122124,73.09162941401178,86.94610807861476,27.829130005833015,34.57869593893932,33.497909617474775,40.143290457020036,564.3139491043947,236.14138604213906,800.4553351465338
PharmaCorp_09,Year_5_Month_05,49.74969497176796,21.65545331080404,49.52024874552737,27.584630799024534,72.38081847406522,29.39901347528226,55.36928209126189,41.16169038440672,95.80472184497496,90.31064419285697,462.80243234223695,379.1166255162527,841.9190578584896
PharmaCorp_09,Year_5_Month_06,83.32340112935897,12.30947023353319,10.129487994848485,48.1414499147424,59.51643317440692,69.7218126608067,75.57058092380407,42.1590782108182,46.56242415523232,90.10099730182866,486.4476798871425,423.8876976912852,910.3353775784277
PharmaCorp_09,Year_5_Month_07,16.23568631108647,22.009185582997237,68.85219282826549,37.142909085032166,14.562357662086278,63.97189888995523,82.17303937946032,39.08215817591274,47.38413535130023,95.23935465817057,351.46761108778765,224.78224080165444,576.2498518894421
PharmaCorp_09,Year_5_Month_08,77.54667120736514,45.73795999277341,80.7754947702028,20.00783905856153,56.19083781008262,28.530572482088115,20.19345191900372,78.76262878142403,61.47523065275533,44.95920716287609,593.747433433049,579.3023978474807,1173.0498312805298
PharmaCorp_09,Year_5_Month_09,73.56835928869768,28.282198105756123,31.395035897944062,49.55701884400768,19.932494707145587,93.4779254509723,62.76431221174156,10.20541243704599,99.93847069478068,62.71728670282693,490.8476887511382,266.62489934117775,757.472588092316
PharmaCorp_09,Year_5_Month_10,53.92955688988841,98.39567365989188,64.89371076047173,32.19758094061696,14.576512510169096,10.140612790841978,23.212806291350518,78.29147050914426,57.01341382998455,73.82917376727386,584.5506616344268,411.60932113097715,996.1599827654039
PharmaCorp_09,Year_5_Month_11,95.25813666918002,99.98345986701949,34.127559343178746,27.96003214653259,30.071656940851874,73.11599472394002,83.52610480348777,72.45519369134132,54.68994310728519,74.11363172135826,771.8431634176935,546.8730837929863,1318.7162472106797
PharmaCorp_09,Year_5_Month_12,42.05097449044229,52.80657165744296,91.98553265074041,24.573814250797195,15.680377442651245,94.15693178202594,58.47206778064758,93.54501363874319,50.64904935731201,13.852525036668217,614.8870468855746,398.13870793754484,1013.0257548231194
PharmaCorp_10,Year_1_Month_01,12.891210763112657,16.019872137268038,80.86795638726957,75.25031677945444,40.627090686279644,92.55470667546254,46.62582150320801,88.00157105241047,10.269658344912528,30.144976718846095,421.57627518394116,562.4295498886713,984.0058250726124
PharmaCorp_10,Year_1_Month_02,96.86086862561193,91.64998763385232,91.08168982436915,30.882803348234976,66.88055934380256,15.864082093135297,90.52198333283752,50.53784004527589,58.07961908726295,48.345386233066066,748.6417502280859,335.96163778527034,1084.6033880133564
PharmaCorp_10,Year_1_Month_03,63.82896125786724,80.93000337613215,53.61985067483392,71.5909338677135,16.08106518050839,60.660468064832315,45.899025440838074,82.98163006494413,10.85253051000593,61.2441839480787,541.8474808633131,641.0621662644652,1182.9096471277783
PharmaCorp_10,Year_1_Month_04,20.710606914417063,33.05455445000892,50.663221680971375,71.2331173848799,60.28824805865135,90.65586948692871,57.801171417112975,65.04706547889796,82.17390517370643,32.10865016273175,449.0026618123554,298.9266292932209,747.9292911055763
PharmaCorp_10,Year_1_Month_05,59.13482465013429,16.591564669340052,21.535998492391716,73.28354459299192,48.64728090108671,96.63803235966333,40.215379145141966,38.198163592640626,76.3432764356286,89.43128493704663,479.504869806367,244.6549008838816,724.1597706902486
PharmaCorp_10,Year_1_Month_06,37.62102401583083,88.74915247666043,50.30679117344421,45.524291035528066,87.27056889307211,76.49971739267814,44.048851507774444,60.4947715383851,61.34695130490413,92.96386297785058,650.334950833897,466.3157944732735,1116.6507453071704
PharmaCorp_10,Year_1_Month_07,62.08438142986878,91.06085187851185,92.158187195969,40.3561159279246,96.61317565656236,47.80000504443737,32.79398146915632,61.06446766687481,70.6906123057097,97.15097049080477,725.0064749440642,691.8095044847147,1416.815979428779
PharmaCorp_10,Year_1_Month_08,29.164291916256964,90.73095159047841,80.85213248677978,96.92692886162118,28.302141205954594,29.008053217784624,74.47181037350953,38.926633485947434,51.32916058812367,53.76916652605839,580.0549333596798,496.60678512626487,1076.6617184859447
PharmaCorp_10,Year_1_Month_09,75.09195574347434,28.904633833790246,77.05845392661043,44.09476855168892,23.93922925613173,36.703085624701984,37.239878442840435,10.36288989086392,25.3489899254935,81.49994242304294,520.756306485686,734.5824365873276,1255.3387430730136
PharmaCorp_10,Year_1_Month_10,69.98314986995379,99.16896794212938,73.21818797401056,41.461535909239444,72.42683014118766,18.50400690561353,29.294064421384807,80.69103165971343,86.01749912415568,23.041810789691468,730.512365658195,244.8193936413621,975.3317592995571
PharmaCorp_10,Year_1_Month_11,87.21951308139191,35.51712236082825,64.86018105910117,18.888971738244823,67.78776054245992,46.47113146659245,78.08222004224598,84.1680297418579,96.6767594692722,75.77525189267712,546.933694472695,501.94737112421114,1048.8810655969062
PharmaCorp_10,Year_1_Month_12,81.79540320258941,37.57394296947919,82.18229655083418,29.766237141255036,23.104859131028345,14.267146407717826,34.127694489818666,56.60129203792052,91.43235107506246,62.301299769672504,561.3028938130021,307.8252029436388,869.128096756641
PharmaCorp_10,Year_2_Month_01,14.937628385115541,16.449691178552154,83.73946456834084,90.98930257146831,31.4281875842822,39.69490994238656,99.65890972486363,48.851506657194875,54.713947895933316,24.481322247616333,491.044525574226,581.905641951842,1072.950167526068
PharmaCorp_10,Year_2_Month_02,12.099601480196121,56.22998426520329,53.59070169719167,89.45525435397762,67.67438941489306,89.98003372244355,71.7487211356875,72.2273388315462,86.62211088701059,38.709612346632554,593.5909913746948,425.0449427194774,1018.6359340941722
PharmaCorp_10,Year_2_Month_03,90.37216560157403,33.23377172116407,93.74786993407548,57.03081621782893,15.600945066709606,63.73871002696841,50.86449328212163,38.550566005850555,96.23550543593525,59.56649120397914,659.0672259874157,769.04630168757,1428.1135276749856
PharmaCorp_10,Year_2_Month_04,31.88784175775658,76.20310810614015,31.841527356693113,36.51749396649633,54.135990070898565,21.47530597045013,11.085708362578767,39.103914282188654,95.71657972641476,85.06389653242614,371.0372681810721,772.5794616258373,1143.6167298069095
PharmaCorp_10,Year_2_Month_05,98.44836072720612,29.58991477039352,56.67703595517042,97.35311798677762,56.672154989399225,81.29169176639007,95.43984468202558,12.794430128103045,61.40381185686495,60.5766500980387,751.7176559794237,237.54453356387458,989.2621895432983
PharmaCorp_10,Year_2_Month_06,34.80150184385904,42.41623101335468,48.21146457478483,67.27433770046079,49.21459462945432,76.4048351035578,14.689389983975346,26.97881019579293,82.21159225426338,62.05604051316359,517.3785114800864,265.1555336716382,782.5340451517246
PharmaCorp_10,Year_2_Month_07,29.54487784157494,77.74375983744436,84.54350896535426,89.06888185457419,34.67309941191944,26.272701297864437,82.31098562132682,88.00300736233639,86.09998457666259,14.679257042103579,638.1677992740692,225.37535231117673,863.5431515852459
PharmaCorp_10,Year_2_Month_08,29.26546898238206,24.337349990435452,97.6214087675446,70.62747758184466,85.42440553733022,32.74672153312782,38.41652604040169,13.790565746940034,19.470231050768746,90.22963139296975,488.6866719011633,364.27029019005,852.9569620912133
PharmaCorp_10,Year_2_Month_09,76.83857487095844,10.409663934466955,32.59929109538051,88.75850353587082,48.358516654571076,56.765243648243484,13.651904568497955,71.8519927331361,50.38534686632391,32.24173421862136,517.0552061594061,369.96883094167083,887.0240371010769
PharmaCorp_10,Year_2_Month_10,19.883152006086775,95.57384737218466,27.638387147392756,50.0927722447065,11.713215653689067,37.1531545053284,96.5567400709185,59.50450945235151,67.51474553749676,27.929395928184377,449.2240861941507,312.2097601775299,761.4338463716806
PharmaCorp_10,Year_2_Month_11,14.176695447925098,38.89845542060677,35.40401309612112,97.06991246526147,98.40994357055747,90.84020088655639,95.77796806002426,28.476526985553352,23.23793332674367,27.181016224357695,538.2617861023374,668.5966843608888,1206.8584704632262
PharmaCorp_10,Year_2_Month_12,91.36806994801094,83.31032690994671,25.142284752365875,16.97941563714485,38.84155035184595,21.976778396674298,99.78049258299245,25.574565274693974,99.67909912317965,13.358694159505813,579.6346485216826,384.1176947754724,963.752343297155
PharmaCorp_10,Year_3_Month_01,99.85052684082035,75.58721358151746,77.84289905527385,95.77644953583778,63.81699750499833,16.380918539644405,99.06895092210009,75.70477683378458,42.704938325655505,76.90022039926235,826.3694214116709,343.2226726407685,1169.5920940524395
PharmaCorp_10,Year_3_Month_02,88.98773112148349,52.24703493689141,66.90544072678404,87.57451239365231,21.79733740415472,93.78162478666835,96.13853660270999,75.40005569082244,66.12588070677967,94.06198181362045,834.876318949065,710.4457941330503,1545.3221130821153
PharmaCorp_10,Year_3_Month_03,18.066122268305925,20.349164050978715,27.20888707124907,87.54673690530304,39.77517161334468,54.36869823524906,42.25607118339975,96.9197737463603,25.7623446902481,61.08821053229271,357.9183366777451,798.17620454726,1156.094541225005
PharmaCorp_10,Year_3_Month_04,71.43744144583944,36.04994415792471,98.10129065086895,82.55709643526926,54.857932178056515,31.58438598053369,23.499694783967463,57.15263461346223,50.64004133621853,15.213442547856978,664.1299819755685,482.34206984770714,1146.4720518232757
PharmaCorp_10,Year_3_Month_05,20.729788790956526,54.11184629469742,65.24401096640696,55.3337657765664,34.558887130059425,55.05203457768776,41.89706332645234,56.06423790391393,79.07275100581397,44.36730472847407,476.6544046390358,510.6639071127134,987.3183117517492
PharmaCorp_10,Year_3_Month_06,95.52192920181164,55.404347519129246,78.60195677116505,88.44891278028682,81.89432413791266,92.11291639137048,83.40867694631855,40.46088674788949,18.361477410661244,15.98156087007206,850.1128438149323,720.2925592856103,1570.4054031005426
PharmaCorp_10,Year_3_Month_07,52.123537401618925,35.24549365279571,13.172861319596333,22.114094530538253,18.250715892054117,80.72651699899569,34.20958431310274,29.567804589192882,45.335458611217724,45.065505323212015,359.5372594291833,523.8377701427887,883.3750295719719
PharmaCorp_10,Year_3_Month_08,60.95834542799669,72.92736697619486,95.67183056252709,79.20015820813512,76.63415350627844,12.056039827138587,43.9482986230973,31.89249612680981,19.06334477511124,42.33271534776169,627.0646098359446,719.1575832290976,1346.2221930650421
PharmaCorp_10,Year_3_Month_09,58.675174895258,47.06372529153177,82.39895025068834,51.80131075892033,38.59971060562829,81.24108131696268,60.415306652813214,22.907683767347308,76.80054715025985,88.63196742086078,557.2610978844366,477.031544559827,1034.2926424442635
PharmaCorp_10,Year_3_Month_10,63.34495025725741,52.317630666898495,88.11175239051298,68.14553003343892,89.24593901007272,21.015519564221634,78.98906366282442,58.186629548744186,96.51753445329918,25.039777103194325,681.9655687975884,683.361397237473,1365.3269660350616
PharmaCorp_10,Year_3_Month_11,81.8612956355687,10.386190027553024,10.877310753986084,31.576308494366096,77.851725885302,12.81345188290239,29.775745975115903,50.602276051672526,32.14843573105907,53.96830179828375,424.19405601977064,240.97577661175376,665.1698326315244
PharmaCorp_10,Year_3_Month_12,27.745671083013395,95.92182936739295,82.34920903792137,98.62674260038008,76.02206187571467,76.62448058539229,38.82656355678856,72.5574456282043,19.42342586576888,29.25748717626365,710.7118970852773,638.9001444234233,1349.6120415087007
PharmaCorp_10,Year_4_Month_01,61.00021051000921,78.1849202311305,51.34238426901518,26.916283609494577,54.20417233559107,84.43447297670832,52.510344096769835,43.410727257522616,48.269945626713465,19.130635273362017,610.2919874338871,248.75076302112464,859.0427504550117
PharmaCorp_10,Year_4_Month_02,62.05185567139715,88.54631252049091,90.0518753868734,89.67528783405443,73.58565355249465,98.35433480586943,48.93439502160781,22.853321079440505,88.42970665745752,81.24896768488588,826.7596082665009,502.07094075295237,1328.8305490194532
PharmaCorp_10,Year_4_Month_03,68.2061530031942,81.07854331628508,93.19253069956666,40.158988859014485,62.170433812895155,93.78541235424764,11.712730786807093,22.947816692019437,61.77756752200443,48.576902383407,719.1641336563512,425.2353777971627,1144.399511453514
PharmaCorp_10,Year_4_Month_04,14.496339813514336,30.20917740402543,23.709247651078368,88.49065475609788,63.98049886495454,23.544487648273773,10.849035213106857,56.51484017238605,88.97029285540819,62.37752811233901,413.02772527727865,397.5832518042147,810.6109770814933
PharmaCorp_10,Year_4_Month_05,11.235650534521728,28.097348732380254,61.527029606808,38.28776733295129,39.464507960224026,37.33446290267244,38.73964049135236,97.33819199297191,34.686759969593346,29.272790949345076,376.1789839741866,407.44617399091686,783.6251579651034
PharmaCorp_10,Year_4_Month_06,45.62916013091245,30.510340374487978,78.79296195787964,94.54093202420589,25.379698457025807,80.52829506052177,94.08847381917876,23.566346725988296,64.20988723927569,62.467049645553004,591.1798614347091,673.0300267931036,1264.2098882278128
PharmaCorp_10,Year_4_Month_07,37.27491907589767,57.404043125720364,39.373720528342446,68.56847837114498,49.959848412824584,54.27475204653847,63.245190388684726,41.5527383112083,37.13883170819683,75.65782229310675,515.3046318165817,659.5365877099246,1174.8412195265064
PharmaCorp_10,Year_4_Month_08,97.7324977660401,63.40096881516888,89.43176839637918,98.71118577973681,95.1559041660959,82.3724700988613,50.07036561745353,36.748414405640474,93.34677905974992,90.8385211615849,845.0771787034919,386.37817286744007,1231.455351570932
PharmaCorp_10,Year_4_Month_09,83.14865065751934,60.73180694411239,22.920618294881002,45.29346604862994,32.20345295527597,71.18869325427957,33.27044981947544,21.688601949969012,21.27164959079601,61.492209011220936,559.5114881901039,342.2059323827607,901.7174205728646
PharmaCorp_10,Year_4_Month_10,47.038651125350206,99.76785868760791,70.5864179611476,79.60071677651064,99.73362593838186,55.901158403005496,80.2696115195484,90.03769281746445,90.4689319739753,59.25992107644641,749.8394015741798,743.5050144287137,1493.3444160028935
PharmaCorp_10,Year_4_Month_11,73.06274011881953,96.17378735394097,60.48938390590312,95.72020684522536,12.072561183256889,11.018930022726106,19.347629214131373,29.366634872550044,79.79114551386577,37.59755851525721,617.9686602213636,624.8184363346896,1242.7870965560533
PharmaCorp_10,Year_4_Month_12,41.108147986457745,95.99862867911969,84.49028858702317,31.577307505127152,17.78578677586701,84.22148438611774,82.33433176111028,78.55429280195405,28.256539750752985,50.923940611556915,647.1237016737534,542.0431950446093,1189.1668967183628
PharmaCorp_10,Year_5_Month_01,27.38900724531531,50.73636860122497,52.93628559947921,30.530815002474103,60.33821730972028,29.36390342440382,32.50806664563211,25.203801038795852,62.69740715906144,71.5717906642415,435.9169270280479,444.7393489109828,880.6562759390307
PharmaCorp_10,Year_5_Month_02,36.489467498458595,64.02638165835896,32.9650649388718,76.45639724527253,85.34846867846595,23.509248779755218,79.33391542560477,27.071712735352303,78.24068245357111,81.98303980389332,548.7743999444018,281.505249838385,830.2796497827868
PharmaCorp_10,Year_5_Month_03,50.050919864839095,33.61450744082191,44.87577836873659,80.7446176224358,85.99993445440971,60.75839275085237,10.428815473031808,14.365407834618356,29.110831176832793,59.07048755018577,633.5843018671073,797.6114655151316,1431.195767382239
PharmaCorp_10,Year_5_Month_04,24.034058444036532,22.493821600997883,33.27682508796333,23.802084211078224,93.89327175099548,62.46406639753288,55.62655568759796,60.22624131863612,51.941856860932724,43.3580298783293,447.3698333931714,540.5306657063367,987.9004990995081
PharmaCorp_10,Year_5_Month_05,61.00578020135052,25.736048337948006,39.96487357257079,27.779714809516754,22.756588901904387,61.765417955461444,79.93386831401095,35.79985790564078,88.89265521314834,77.32057216967702,445.20719850848167,659.759121350411,1104.9663198588926
PharmaCorp_10,Year_5_Month_06,53.65074895440085,54.775510359797835,55.655670582708986,42.29354968119046,25.66667048064461,72.19758002117156,60.54693770816836,57.930864452015314,45.43112174938871,50.18483283323311,548.9462381465287,296.11388758198143,845.0601257285101
PharmaCorp_10,Year_5_Month_07,86.42971002128569,77.8995400180681,16.282026230257785,62.752782517582325,25.25897862581965,62.39824879176963,97.25789724613502,83.90094913705305,15.799033708722074,40.36796962396599,654.2491379904391,605.8489853403751,1260.0981233308141
PharmaCorp_10,Year_5_Month_08,35.66190967770866,11.561249057688457,34.99615722308936,99.50750557948275,16.794145043989253,45.95429970048533,80.94810394353297,86.3499138368094,17.466814619172098,36.09345089161315,479.3130237335044,483.34290374667955,962.6559274801839
PharmaCorp_10,Year_5_Month_09,38.72895689831632,52.2261149313245,96.17201073870706,33.348646670747726,10.789195658050385,16.997597935396243,76.55997306785004,59.12391526180851,13.630526668903059,56.28263958988855,542.1552988052388,454.82606054975196,996.9813593549907
PharmaCorp_10,Year_5_Month_10,36.2706943244804,88.99626405524067,53.006978605496215,44.197821234160884,33.82471983074803,94.35214780737779,89.59536081587702,58.72990194954687,68.88856602618864,30.497522483171025,579.2212938911883,502.15874716807514,1081.3800410592635
PharmaCorp_10,Year_5_Month_11,10.105859126513248,30.674768551189818,49.44056952247534,52.605422802716845,17.442623005762954,30.47091002651766,15.782955472284392,11.222986682391872,21.821083102673906,40.6651095135288,315.9147051872284,739.8882820478116,1055.8029872350398
PharmaCorp_10,Year_5_Month_12,73.24415145504392,94.12671048594734,90.04800168403344,96.1397302621437,85.84940630887293,47.24296353331489,29.20250257056653,87.26494583057863,56.12262452135931,95.74788237679843,849.5821905140324,622.6198994960586,1472.202090010091
