Company_Name,Time_Period,Logistics_Freight_Volume,Factory_Manufacturing_Output,Research_and_Dev_Budget,InCar_Tech_Integration,Workforce_Headcount_Index,Corporate_Digital_Score,Dealership_Network_Reach,Tourism_Fleet_Sales,Powertrain_Energy_Efficiency,Ad_Campaign_Sales_Budget,Net_Profit_Rs_Cr,Total_Cost_Rs_Cr,Revenue_Rs_Cr
AutoCorp_01,Year_1_Month_01,43.708610696262625,25.204155676494807,78.24368763361203,96.0851258469532,40.65437499231625,70.54326947880082,22.71011890358345,86.49633974528848,21.14614240352357,31.9595772117225,527.2428654140531,200.85700584750603,728.0998712615591
AutoCorp_01,Year_1_Month_02,95.56428757689245,35.073130512876276,12.212822481292136,76.37575235131062,16.45406999628859,81.7013257472235,61.37896751555286,27.662114503554907,16.34820738336609,97.00608047815973,588.8434977174135,469.7500117521574,1058.5935094695708
AutoCorp_01,Year_1_Month_03,75.87945476302646,25.93094358490721,11.991119637609753,41.79262676518577,46.86660054057088,32.54211089132491,26.674331984499133,21.29948109086294,91.84865533172888,96.23243078240465,458.19313760555684,702.1180533359554,1160.3111909415122
AutoCorp_01,Year_1_Month_04,63.8792635777333,17.983228038135003,39.12491972345872,36.68820231588897,38.00957455570543,66.23866896462991,35.07787568035327,96.71319527268948,27.11158896868351,32.28684787642948,508.33733045663223,543.389111378046,1051.726441834678
AutoCorp_01,Year_1_Month_05,24.041677639819287,20.857228399054073,53.977887136419916,41.47329067712646,70.94085757615085,61.45713848293738,29.68388202912249,19.724010343876643,83.91251391037339,41.324675992958845,385.3849116400909,799.5243793660645,1184.9092910061554
AutoCorp_01,Year_1_Month_06,24.03950683025824,51.47008912294532,79.33666760270138,79.71881780630636,64.52013245074212,84.9547339109444,26.45540018819354,53.06419630964702,59.01677839964222,90.60001667864965,568.4804859074122,372.10798738832,940.5884732957322
AutoCorp_01,Year_1_Month_07,15.227525095137953,28.570034656521326,71.49658389458547,69.5233549963373,42.8134355377786,91.54783544331345,84.31398564046003,62.70073559139717,17.007086764789264,96.99599988064968,453.78661577918143,368.27303885603317,822.0596546352147
AutoCorp_01,Year_1_Month_08,87.95585311974416,42.78428749432679,50.13124357390735,26.667601108072112,29.61032988294911,11.094109432964812,35.71368108948013,58.723697881669445,95.99033722942607,49.909519255243964,564.379495363006,295.8496761403665,860.2291715033725
AutoCorp_01,Year_1_Month_09,64.1003510568888,55.30755437693712,34.62639996534993,25.66984018006759,98.92323695400327,70.66179271529134,93.44114036780044,17.74289413296489,32.22650502927033,38.8897341076808,610.3349572683566,298.4381529592011,908.7731102275577
AutoCorp_01,Year_1_Month_10,73.7265320016441,72.13553457664287,99.74120501419401,18.85560847420576,50.860145907650335,14.665221920775611,97.29338728106718,15.132422260325743,87.36808108173459,57.34846119263878,680.4926169592624,371.1119576060287,1051.604574565291
AutoCorp_01,Year_1_Month_11,11.85260448662222,13.538092585698905,48.356317201237566,69.42724477312044,71.94468122022133,59.39727985696203,61.41344229433876,19.49350847149321,25.192900520610777,71.89922857291613,392.02287834220505,675.7040271641163,1067.7269055063214
AutoCorp_01,Year_1_Month_12,97.29188669457949,81.94693590181384,50.62483218967079,78.79353959995623,22.64976708205247,35.88694561393104,22.870101039915376,62.70289154853513,86.85485939276676,34.61270638374818,717.9015591199825,743.4540743818687,1461.3556335018511
AutoCorp_01,Year_2_Month_01,84.91983767203796,66.51103505418169,24.726143907250226,33.85417854925036,53.703072969345804,37.60989395699271,43.709341904162315,58.991039887088895,11.190593161476459,76.28258571571655,622.088053541104,785.0523018246088,1407.1403553657128
AutoCorp_01,Year_2_Month_02,29.110519961044854,17.35831287539847,81.53285938749364,11.885046492782154,12.478304788251894,41.76626531071209,81.79590370133926,31.036671283306983,56.06024109125326,14.649162140317692,373.33674182864553,339.37379245787156,712.710534286517
AutoCorp_01,Year_2_Month_03,26.364247048639054,88.62207616960995,72.43140032033398,17.39545007287846,55.490960611940494,65.9163204144649,43.06516558273634,67.39967276610324,79.24983214794011,14.436504348797481,560.2286190947425,728.778527368455,1289.0071464631974
AutoCorp_01,Year_2_Month_04,26.506405886809045,92.87851604786319,29.869265150988436,97.10740313605274,96.76156664059322,40.06449691018923,17.831549647250988,83.80607518500844,94.1315965743505,44.76589346309907,578.9353827814715,396.9530535664022,975.8884363478737
AutoCorp_01,Year_2_Month_05,37.381801866358394,15.497016386937737,17.414294105425842,36.59002997296783,44.57860416872202,75.94291455312523,60.110641983536915,13.742106386193438,91.82819225858384,41.81258728546486,354.6370388837757,267.70432671013066,622.3413655939064
AutoCorp_01,Year_2_Month_06,57.228078846901404,34.918988333248336,71.24493718672417,79.23008330543203,13.509641131742043,46.40746470164827,86.06087663464314,54.831694919323816,83.76623825928804,38.40698938304371,585.6718419006439,722.0149553120993,1307.6867972127434
AutoCorp_01,Year_2_Month_07,48.87505167779042,82.55811518137551,68.90600928530216,66.21972119688374,12.786021182740917,16.151788027896274,81.63337484291522,72.03793708924212,89.93722146951737,54.1917786402019,642.3588816023558,581.6633807861712,1224.022262388527
AutoCorp_01,Year_2_Month_08,36.21062261782377,77.34337213452925,34.59335742983884,44.37456756876063,44.91880839521826,80.53838582356966,25.76108261173179,32.70807343627184,27.929771725336884,38.86602240804141,486.553086528024,298.83853764863704,785.391624176661
AutoCorp_01,Year_2_Month_09,65.06676052501416,26.60689174207396,95.57772060253693,28.51185359759996,24.402244281687466,35.71824921334354,70.548815297122,37.69938147638342,35.576586614055586,27.303212662128274,525.959648977589,457.8987545078015,983.8584034853906
AutoCorp_01,Year_2_Month_10,22.554447458683764,28.841439100303926,23.59521026028102,20.92477763434658,12.101688669536731,48.949019163933635,29.84538370920824,65.22741126904455,36.007167242895264,37.85225941797408,276.67611814001964,372.3546169262406,649.0307350662603
AutoCorp_01,Year_2_Month_11,36.29301836816963,43.34248925122438,48.91013209383417,65.35116712349799,78.05922525551591,71.68994948997113,29.6386781096955,90.81417640993632,43.93485379015289,97.74138455292115,526.4973326761748,642.0767412261182,1168.574073902293
AutoCorp_01,Year_2_Month_12,42.97256589643225,53.60706866719192,94.9254328150839,79.71704025740092,51.26707079937016,39.92105414338408,88.66645959746667,82.89319782726095,45.398860334666985,47.000207529536375,659.7530855704188,472.04973837456083,1131.8028239449795
AutoCorp_01,Year_3_Month_01,51.046298579533236,65.64292943772664,47.775458523351006,67.95138281870176,36.032029477538906,15.092709053204405,32.470205746620714,62.481719718962516,59.00997921892079,50.02414991725022,484.04859133265137,793.567967063831,1277.6165583964823
AutoCorp_01,Year_3_Month_02,80.66583652537122,43.202227561279514,67.4673352897677,57.727191992424245,91.00748647148326,43.652894231153226,33.69226118662101,75.71995459815243,24.389178702979727,61.8890490956026,699.1547044513787,232.84698935575707,932.0016938071358
AutoCorp_01,Year_3_Month_03,27.970640394252378,51.62812445198331,45.78349581665149,13.775610108847264,20.452506418047307,95.0003724424873,10.05880516851696,42.834022318701884,72.21219974073904,98.50066915728038,380.2692990613332,413.009159681748,793.2784587430812
AutoCorp_01,Year_3_Month_04,56.28109945722505,77.2723844320381,34.67936821138031,97.16398998349455,96.03269460597873,67.75609575687024,88.36021307129658,67.6868975288882,25.080988537405585,31.74411487921867,734.7796710596328,489.14010026598646,1223.9197713256194
AutoCorp_01,Year_3_Month_05,63.31731119758382,13.30148826015381,98.55798831638454,81.88427724891172,38.25700456396176,70.43312338004861,81.33353318882213,51.95634320148013,37.92776338940928,71.31538994791904,591.7910534709467,501.8801328489919,1093.6711863199387
AutoCorp_01,Year_3_Month_06,14.180537144799796,32.719324990961866,46.84006056835387,36.35398330308683,89.95633050778132,66.90539382738758,66.45960415816103,27.09425228118048,55.301061754553864,74.43862241875517,451.2721231546729,389.5614934313821,840.833616586055
AutoCorp_01,Year_3_Month_07,64.67903667112945,74.20146272960972,90.4689283311221,98.19732964229655,64.26485888315153,27.90929250634931,77.52391875449581,73.15644464895314,81.67965053711296,64.65919751137594,783.8357117292094,637.5441494585408,1421.37986118775
AutoCorp_01,Year_3_Month_08,25.347171131856236,90.56861539184794,30.695914530197758,64.16934306726898,84.40366237673388,47.65004776920521,23.684371068204264,60.08181736139398,76.55223099148546,17.972050567297966,558.1433537155181,724.8482440933849,1282.991597808903
AutoCorp_01,Year_3_Month_09,15.854643368675156,56.05096979040995,29.1794233622575,62.418039238652185,98.56118468894178,77.58458185269865,51.24912351288179,42.27594237582323,68.09809207694701,70.91850482448189,470.6078446350497,763.2315811867178,1233.8394258217675
AutoCorp_01,Year_3_Month_10,95.39969835279999,57.89021367387841,12.802067459606022,77.3265861486579,35.956489403687115,19.123560779784324,41.60974486139028,92.02052710707676,24.019593452215314,15.768523993255794,614.8613214409727,683.0560260797157,1297.9173475206885
AutoCorp_01,Year_3_Month_11,96.90688297671034,19.645481020579844,68.65001428382965,83.05928092811239,96.50219368668337,35.00674984807411,18.439887363131483,11.884070604405995,59.234081105402,63.652838459490724,625.2926972247675,710.3481183839597,1335.6408156087273
AutoCorp_01,Year_3_Month_12,82.7557613304815,50.26711301411092,43.1673709351385,69.08307465983523,45.05337054121783,34.868719761926826,53.75174366934317,38.419583612454645,17.87018516198969,76.56230594995684,589.134621633448,530.3271803719973,1119.4618020054454
AutoCorp_01,Year_4_Month_01,37.41523922560336,57.935553980952086,87.79224248556733,21.528617172958,44.69607142632301,48.88170348350554,92.86656853083718,15.11932579998819,43.96268591169857,28.987290155795538,563.2667412976202,695.5329358560887,1258.799677153709
AutoCorp_01,Year_4_Month_02,18.79049026057455,31.82234532712567,52.588891602240146,40.44407553950485,40.63483938290551,98.23318668479665,13.605320714562502,78.98745845994645,47.216487726096325,85.74598067884966,441.73561993400443,382.10234548877133,823.8379654227758
AutoCorp_01,Year_4_Month_03,71.58097238609412,34.231890785444286,97.13740851232495,93.52752762934448,58.72668466128267,16.075229201543976,36.23148221444145,73.18967087024134,13.583029550117844,12.731842497970383,650.8993129289505,439.08725726552865,1089.986570194479
AutoCorp_01,Year_4_Month_04,49.61372443656412,43.95557467941604,26.697296413280903,30.215405065946673,23.873053886063836,56.68308949425355,28.67868425851331,39.82169968626853,34.658928952297465,85.94315772924755,379.7404568142936,390.1478082911266,769.8882651054203
AutoCorp_01,Year_4_Month_05,20.983441136030095,11.806407799995373,88.17608511600497,43.4950321453762,59.834033682221005,26.14282138109894,31.43319882991267,70.80966119863658,96.00845205398404,51.42961455784886,448.69151890451013,480.43240126875526,929.1239201732653
AutoCorp_01,Year_4_Month_06,54.56592191001432,38.987124902486045,79.89371675125676,48.88691946497764,58.75343311690036,97.36088908687697,91.75910966914377,45.63435035763548,95.82693470467206,29.582914593848002,649.0299063423346,371.34776974318186,1020.3776760855164
AutoCorp_01,Year_4_Month_07,13.094966900369656,29.03032062968902,79.38296601796468,49.5464490725007,78.5711631344383,20.19731542547178,52.12621488108611,78.0628412280191,41.70943488272854,22.040033049457122,379.2933247018775,776.9668653526682,1156.2601900545455
AutoCorp_01,Year_4_Month_08,91.83883618709038,39.47476169601232,86.03049053051988,65.1645624245073,85.0284965743827,46.32409021254321,51.966947164583694,50.876529646303545,13.879009805349165,95.79764508241352,737.8081337770326,387.7067768034009,1125.5149105804335
AutoCorp_01,Year_4_Month_09,33.290198344001524,20.778591863732608,78.4921591848699,94.87682539702368,49.639721528118166,76.40964863511455,78.4518078209754,47.1051755048499,26.118544539536337,16.539902882304105,555.2203021463438,258.8267228665639,814.0470250129076
AutoCorp_01,Year_4_Month_10,69.62700559185838,90.14745526659054,66.35982894682738,31.662344064925446,37.20999244163444,73.40989852247007,23.90429836044332,94.12569239394709,45.299601409018614,27.91840779423331,697.1900750471243,516.090299630248,1213.2803746773723
AutoCorp_01,Year_4_Month_11,38.053996848046985,63.42332081986438,21.81203899141488,20.935123867082623,33.3401407585385,48.0455773204539,53.85388186900457,32.579118990163025,95.30017281723067,41.304011268974136,396.24379179127567,234.2594470671058,630.5032388583815
AutoCorp_01,Year_4_Month_12,56.80612190600297,71.11920872300406,12.927356154212672,27.77234408739436,27.516145303438474,41.18717511574464,48.69866927089537,20.840260599690886,22.70791571834664,65.82113640650084,350.59529648893795,266.3258997851483,616.9211962740862
AutoCorp_01,Year_5_Month_01,59.203925140895166,81.02541147466044,92.87630630341182,89.82324101883425,15.18828239791224,45.78511406975835,63.72196214919905,62.60888019335123,78.7164259301391,59.032097674848856,712.5123179967557,331.63363351774774,1044.1459515145034
AutoCorp_01,Year_5_Month_02,26.636900997297435,54.85979790361515,65.49852830686643,68.12297313896855,40.8203180951242,33.78486368427754,99.96019329253947,97.2389631055761,19.781428543722285,21.307914317108256,551.7837939099601,478.610149929285,1030.3939438392451
AutoCorp_01,Year_5_Month_03,97.26261649881027,17.82282592786813,81.68835618785587,35.73161103152441,34.322292291770495,28.479964483611983,79.25040046738424,44.0055292354468,98.31318196521491,36.07551853643932,573.4587333214869,459.95055938541674,1033.4092927069037
AutoCorp_01,Year_5_Month_04,79.76195410250031,58.3395887636693,53.3370116361295,83.43522450717555,96.97756472797666,53.473572780300096,45.807913271568445,15.583308726590337,44.34548491982215,31.487659397742167,664.0585984197187,679.8151172016746,1343.8737156213933
AutoCorp_01,Year_5_Month_05,94.55490474077702,62.815700621879124,20.557737006615504,87.52329967270924,60.19379436250395,34.16803804608466,84.47977470466422,40.537474057861075,79.77110850091505,29.218856904130725,777.7517380200935,643.6847923304681,1421.4365303505615
AutoCorp_01,Year_5_Month_06,90.5344615384884,77.0895526765897,21.26672129822954,86.18629048212502,41.25493351274568,35.87154984075251,25.363752698123214,55.53384888876026,40.833197453001866,47.002990283198834,637.083237027375,455.7909763944208,1092.874213421796
AutoCorp_01,Year_5_Month_07,63.810998092997664,48.84935916067114,71.70087585060742,92.7033880275599,62.24208408943264,69.10804571271014,12.74173176780641,24.573070596899235,66.49019894429279,73.36283073324913,659.6240179193741,400.22252454537795,1059.846542464752
AutoCorp_01,Year_5_Month_08,92.96868115208052,21.48222725160074,48.72753054095164,32.701691815602544,22.527703121112594,97.16835985299029,28.400353521784574,69.22919962508428,27.281447626603306,29.570763899551235,545.4386519018748,389.8812704368992,935.319922338774
AutoCorp_01,Year_5_Month_09,17.964325184672756,35.539831521885205,28.047225403030303,77.95377358716505,49.963937428198264,64.32734805034376,40.637040050283375,99.79744501091805,23.141891736726627,43.00109917326833,372.0946881117073,664.3970523764053,1036.4917404881126
AutoCorp_01,Year_5_Month_10,27.638457617723066,42.67740667587716,54.24350920672932,51.4485547546726,66.36108892789574,16.928152035846963,55.95226817136039,50.656552838329944,94.42577256113182,45.1825684157046,462.16515616028516,231.24344373276185,693.408599893047
AutoCorp_01,Year_5_Month_11,14.070456001948425,68.13255171984412,15.778804336762068,85.77986976010554,54.000804861320624,16.80252524686603,65.36162264870799,41.92557010571914,92.58825501139901,97.88108764918691,441.199960178855,207.6929897063635,648.8929498852185
AutoCorp_01,Year_5_Month_12,39.27972976869379,61.37004742020207,62.37742617229589,75.5641609445452,46.160092058889184,95.62808987610094,91.95451454929795,46.063375015102,89.87220461915942,95.9199721191162,625.7922140012613,677.3266351559888,1303.1188491572502
AutoCorp_02,Year_1_Month_01,44.98095607205338,42.048705330806165,34.209406399158794,79.88027018497522,99.44635500097283,36.756171127660025,55.886860859541194,20.363156055568105,66.28901051499341,82.01238244768683,538.9078354325738,486.2878255934296,1025.1956610260036
AutoCorp_02,Year_1_Month_02,34.42141285965063,98.78637239136818,81.78031905734693,69.05456539129644,89.22832859340343,18.28602874742279,55.11480801631564,89.49462412836014,82.74413900946504,31.749302873726666,696.2253612002468,278.5286831321456,974.7540443323924
AutoCorp_02,Year_1_Month_03,84.58637582367363,64.51973374211985,37.932576303121635,25.968589252273617,66.10653623434962,63.91401284353434,14.521870884068392,47.33430899692168,16.21332432202374,16.12335826825027,584.010606402624,341.33956075670073,925.3501671593248
AutoCorp_02,Year_1_Month_04,42.10779940242303,31.350411256239504,50.969813417362104,59.05242270072445,61.24396250640545,66.12839004612394,13.142039739060143,44.85469702823572,40.131013770161125,38.52137239485623,437.33199598207773,759.5023718584296,1196.8343678405072
AutoCorp_02,Year_1_Month_05,35.28410587186427,19.160422535836336,11.045848591729058,98.62027655720574,65.85944318421257,68.36543381068194,59.60439657247348,69.37212456374269,38.233281228144065,34.01150944904478,487.68540940544165,715.7017853749388,1203.3871947803805
AutoCorp_02,Year_1_Month_06,58.84264748424236,23.75732252658988,16.5202199015103,94.36492598474071,28.118089704018992,34.066182507178716,49.436075192351005,49.78300788380112,67.20807897573519,55.53332201317545,416.20563310862656,625.8710301343835,1042.07666324301
AutoCorp_02,Year_1_Month_07,22.683180247728636,32.136195554605735,45.32442007660163,13.885636221731051,45.56239689378867,11.359961579302754,85.52623554822688,68.34101219270615,42.03619961235765,79.99551190610137,303.5285055506614,489.3351382023959,792.8636437530573
AutoCorp_02,Year_1_Month_08,82.19772826786357,24.46132359336001,53.19449512454111,24.833333415649342,13.551357960180939,96.85138325090247,24.461162624066066,15.530166111770875,23.365610347931273,87.24906449909722,520.6614509759316,512.1941757148314,1032.855626690763
AutoCorp_02,Year_1_Month_09,16.709557931179376,26.79103216461752,64.00184933073734,21.85558961091057,52.7991433738144,32.58037411219922,12.247449590534464,83.23510093500047,63.682036787218934,86.03776768694577,378.9385728843691,785.1467211703751,1164.0852940547443
AutoCorp_02,Year_1_Month_10,98.81982429404655,35.65856518244624,36.24963208383729,75.3381918986766,58.87221255618969,70.84236592472928,50.41348911371133,94.64535575914623,83.29455286021734,42.3708005100761,697.2039517874852,779.4622663305722,1476.6662181180573
AutoCorp_02,Year_1_Month_11,79.50202923669917,25.603623576527934,72.54836975138883,83.60067968712505,30.497476249288862,73.59668828908386,31.373070107703175,68.38888475434473,44.39111450139759,71.85109091146145,586.869669169359,329.1614274715006,916.0310966408596
AutoCorp_02,Year_1_Month_12,27.884411338075516,90.70888821637827,87.41101574702842,29.216022967960473,96.76259624489623,64.90066753715371,14.46529360049537,95.91093359729297,21.904184358863354,38.1550777771798,596.8378902654292,686.6627397831909,1283.5006300486202
AutoCorp_02,Year_2_Month_01,10.496990541124216,17.2210371095478,80.18658900040148,55.52674236566461,91.85091498435177,38.16166547922834,75.21384581628661,23.628908293296696,27.701937758154074,15.481498891166444,433.52428808025576,318.3455997002101,751.8698877804659
AutoCorp_02,Year_2_Month_02,83.39152856093507,57.20602506132292,13.565694281352144,85.663272521008,74.99289119103153,34.398662838765915,20.043369996152272,52.96745705323183,31.373497465244558,73.14087390426481,555.8335798404605,328.12248673037084,883.9560665708314
AutoCorp_02,Year_2_Month_03,73.61716094628554,46.935714429069535,53.24562525320461,75.95213902896255,58.004796588882634,63.79014544324328,64.74875500069945,64.16260605509025,36.990783369508264,10.884479731280907,629.6303449835256,605.655820498746,1235.2861654822716
AutoCorp_02,Year_2_Month_04,75.61064512368885,98.41407552177458,19.44371605763574,58.80134849426634,88.29722436829165,87.94860702505224,35.29447751502002,62.3562982679068,67.85155634556781,46.82643287126397,735.487040484499,443.000659152529,1178.487699637028
AutoCorp_02,Year_2_Month_05,79.41433120173512,20.08350119512471,31.78405142762747,63.13129214128956,21.758710944111662,95.2060356031056,25.61464453195198,46.131560118013894,64.08509360839471,39.64413423718682,574.9668837760624,758.9266442639121,1333.8935280399746
AutoCorp_02,Year_2_Month_06,16.664018656068134,45.80700391411675,98.79963339404318,55.752449222465195,81.14588148473965,19.531522396338186,44.17763706273857,40.427596842963524,72.64718754103353,72.40397846669671,499.66820402457955,253.4058409376053,753.0740449621849
AutoCorp_02,Year_2_Month_07,42.261915568984534,97.2523389947832,22.824598861136188,36.77936061869385,21.23387325701635,23.934575133794787,82.13011986006583,21.414162029537692,42.62517860783618,78.9620925484341,511.5954157537058,506.9153844856958,1018.5108002394016
AutoCorp_02,Year_2_Month_08,20.428215357261674,87.89564133045822,54.899933810622045,60.85197935731145,81.47895962944649,95.02626329047717,45.28842192141154,45.256820550605035,84.15978866919805,37.368517237415546,548.3970221693924,751.1129182658727,1299.509940435265
AutoCorp_02,Year_2_Month_09,87.67930832880342,83.5364863854352,65.63401608863072,71.99967718450816,34.819081142622125,76.28817055013133,77.56926842899502,24.639473359493664,28.367889504018425,83.04643130003682,762.7121909832929,742.4681962877031,1505.180387270996
AutoCorp_02,Year_2_Month_10,66.09683141448022,33.211254434044584,73.22184734896936,88.59906242747269,88.93815229163701,89.46944423467957,21.29376671192356,76.09291088429966,52.213667276633856,36.45250844544404,659.4047962978409,293.91752804944474,953.3223243472856
AutoCorp_02,Year_2_Month_11,39.78082223673843,25.379882865105923,60.36838151382227,67.26622185813233,94.96378844428581,28.236937072180883,79.54942776985712,28.7947841945131,82.08448493872872,50.16937239879051,545.8450913179214,419.9826200578739,965.8277113757953
AutoCorp_02,Year_2_Month_12,15.720251525742128,70.17788979319879,10.87937626772653,78.50093833388422,23.391637246460405,62.882728399846165,31.32399924159838,15.270877475608046,26.21427829593573,75.43166743127206,382.976840264362,571.4728400280178,954.4496802923798
AutoCorp_02,Year_3_Month_01,37.9884089544096,93.64383902148272,39.38151774195927,24.40644714591157,51.640804455885416,73.10256349757262,70.96538168999855,59.712952403551085,19.887680236670466,72.36282063023097,594.7214506068418,295.6369308628413,890.3583814696831
AutoCorp_02,Year_3_Month_02,39.266498982407235,60.10866037125368,56.59404790462403,51.54017269778109,98.28886403464166,71.21006969022754,60.92033993568967,63.57067594474614,89.53155709191907,98.863162508098,591.2673084065873,780.8133032274433,1372.0806116340304
AutoCorp_02,Year_3_Month_03,75.66455605042577,61.44514205229099,17.907984923035002,10.839845784438397,53.506669237583196,46.73365217800283,93.62302454905186,88.4721755152455,40.86366964832763,30.26449217943387,586.5184350994498,748.8495972365962,1335.3680323360459
AutoCorp_02,Year_3_Month_04,67.38017242196918,35.19811842942558,41.55642380882627,32.20109780694607,87.71927702630906,11.385540252217762,44.85902661777826,61.92834511759137,71.54831124181288,69.60861221856241,518.5315016868291,300.1701074206815,818.7016091075106
AutoCorp_02,Year_3_Month_05,89.84914683186939,79.25436398727432,12.98827979122299,75.38155436017044,62.985836991818786,62.46334511238368,15.95486699509964,41.09327683511012,12.281374383754464,64.87137174481997,638.7976429128672,272.6932767565912,911.4909196694584
AutoCorp_02,Year_3_Month_06,52.49934326457544,26.833937370177104,17.072064743951866,99.26289562144271,43.77969171276417,32.779138526164786,11.72399369961276,82.27106933736884,72.10421995685047,92.3588609041027,470.23386792671977,251.24508968495917,721.4789576116789
AutoCorp_02,Year_3_Month_07,20.763482134447152,39.131131276381936,45.72309485814365,18.92602896284943,35.72051999732832,50.52288215286013,84.41727048754778,58.62510038686789,38.44911803922734,24.072592748038755,368.5013226344082,745.6661984219787,1114.167521056387
AutoCorp_02,Year_3_Month_08,74.19203085006956,48.28927947547751,21.94441786387543,46.13448842751594,28.290078197747853,96.18229135754356,57.226207389528895,17.135225616807258,15.016676822869757,77.66183472282397,533.461102594397,316.1742858772765,849.6353884716734
AutoCorp_02,Year_3_Month_09,78.47065437552077,55.68493408160095,61.07867634354023,82.00638718292436,78.56183722399275,45.913178587819125,79.77196466514543,60.9265504281922,64.88314853933053,61.14417546418915,721.3108557676977,449.77095712661287,1171.0818128943106
AutoCorp_02,Year_3_Month_10,60.51494778125466,31.816875917357223,72.05184722235391,28.363207116600897,44.78864561407251,85.5821445997984,31.098304001036322,91.72166908794962,31.672343446585593,34.71992828091149,560.3972741588715,469.3108193912018,1029.7080935500733
AutoCorp_02,Year_3_Month_11,79.38704619591049,20.335314226528318,82.05280291981745,59.95764543720576,56.0147915980676,26.9686545174326,41.05753709619104,45.66813629483985,44.8126517846692,52.69914227324567,591.1199784740363,559.4066265281406,1150.526605002177
AutoCorp_02,Year_3_Month_12,54.44160367279517,64.95580381974693,28.01352198203291,75.97641664267073,54.309293200106374,70.52144482225259,12.709348499018704,36.66932217098201,17.252273105786223,40.0398937362818,564.1779322491611,243.04120624845498,807.2191384976161
AutoCorp_02,Year_4_Month_01,57.045954644379464,35.97674979162302,25.07343240331628,65.43869052341611,61.95511263098181,97.93062589950492,96.53430921167009,22.912251131621804,23.24469259854508,62.13820625096148,588.9272260233702,336.05517044030955,924.9823964636797
AutoCorp_02,Year_4_Month_02,48.47869165226947,62.31143992803511,19.411105630096024,26.922226115387453,87.9019431062097,19.17037907856431,70.10811160307321,23.63009697418216,36.817951194625934,90.01005497331992,448.13204779705694,758.8942321513556,1207.0262799484126
AutoCorp_02,Year_4_Month_03,12.287721406968567,23.892644374678206,67.2787224589273,41.984611181716545,98.26654092250864,10.748794800447282,93.98845789833756,48.949433590763704,18.078355050414142,61.23744859709818,456.10212039961874,745.0460643611417,1201.1481847607604
AutoCorp_02,Year_4_Month_04,19.7102284293974,53.30260916693357,73.5828153838211,80.54126060368574,46.68257877164353,49.02245133693529,33.89467666861651,63.611184174537655,91.97436382176836,66.85501764939256,489.620670989735,668.7743884434153,1158.3950594331504
AutoCorp_02,Year_4_Month_05,12.828626711806082,57.93304892964273,12.842753034307783,59.8803862718815,84.47670298956727,18.336293474623048,65.03172501030947,17.25538646526416,10.544233886558057,56.68730624032385,404.1319585921667,211.64074737092926,615.772705963096
AutoCorp_02,Year_4_Month_06,67.27693701374024,14.664118314018422,94.25910216193208,10.470665218862147,78.80750151892458,77.35459147086083,71.0649971463374,94.56117301226492,53.54741969778803,14.604895580092832,634.3702430624687,396.2040610976612,1030.57430416013
AutoCorp_02,Year_4_Month_07,38.2920382968694,40.294385037452855,14.677415528632517,78.48916840252845,61.617605631001595,92.3093797463703,38.579473023182956,77.96202557006764,21.09227123192963,30.95727011884848,442.561449794009,576.7752412057447,1019.3366909997537
AutoCorp_02,Year_4_Month_08,55.77136220482325,22.09732092450768,58.71667017709634,13.178021944621516,96.04424292507397,49.061887543788295,86.32983115140671,62.79615264552964,37.69111805301537,54.28015564888745,535.465911116968,365.11412706408544,900.5800381810534
AutoCorp_02,Year_4_Month_09,91.68098265334837,15.703747342549097,73.81544675058248,77.1160404458109,28.042706397556252,33.284047793989686,95.24453166102231,84.55948038450917,93.3453603836439,37.92117553702343,656.6373987434777,745.7520170322664,1402.389415775744
AutoCorp_02,Year_4_Month_10,32.43630062339874,99.09642091509507,88.3872211371477,28.223250414871366,19.83377892786593,49.09629871059488,89.63696059264039,17.216808113090195,24.552509794658818,26.35872379850748,547.4681911019866,580.3336770994651,1127.8018682014517
AutoCorp_02,Year_4_Month_11,46.93446307320668,39.01184604772507,74.2678238919185,96.22661321074422,86.85657702598799,75.1103036065001,76.51602783454352,52.915498995981196,96.92490877464994,55.37195577265945,720.3848763210583,243.14403038986737,963.5289067109256
AutoCorp_02,Year_4_Month_12,77.99960246887439,82.88870012691714,82.15552747628126,43.11466761718761,49.52348349703735,10.814874542233389,34.971821175245864,66.7083814175497,28.521493929047953,39.052881410306526,639.7254018713214,745.4033533014218,1385.1287551727432
AutoCorp_02,Year_5_Month_01,30.59183489424602,32.917658928738746,40.55051732885255,39.42384547042712,86.22719687863544,63.050859053622744,35.34544378950686,84.57876155064604,76.74094976201467,33.229687885607326,452.5141834485597,774.6599949057335,1227.1741783542932
AutoCorp_02,Year_5_Month_02,16.92819188459137,71.33524500015363,83.3342602371861,23.39992452992002,90.37811846758734,65.19625163986412,96.70242884014341,80.51226040443409,59.200953840758054,51.75868756963427,597.7049434025328,246.62745103503528,844.332394437568
AutoCorp_02,Year_5_Month_03,36.077630762239124,78.42050739007179,17.210336174620764,37.50437939411934,15.62118342571643,67.39194222063419,10.925604634212283,34.936232474205966,89.60308548370833,21.995583227395585,451.48667061238956,519.4161409167889,970.9028115291785
AutoCorp_02,Year_5_Month_04,24.5099158528604,63.60748665470599,90.53349904544748,88.89856856453805,89.51182866874547,31.781987198278948,74.44449759179301,94.67921526032839,59.85939299528179,93.49711597678666,651.2453143168793,382.0185693285023,1033.2638836453816
AutoCorp_02,Year_5_Month_05,93.67278871083158,52.441856969514255,59.28331385383626,99.67009038645226,50.348714983247994,74.2647451040314,73.5621546299736,21.19112572877833,58.11032972406778,88.09318881273151,780.1147487680098,435.70344588884143,1215.8181946568511
AutoCorp_02,Year_5_Month_06,82.73083416079753,47.06568227325417,83.55679929662443,43.14785774561635,55.9389240103809,18.225233769859877,66.04205868548178,88.76202567590369,27.59122003315599,73.68585271664818,670.5403093786144,307.79073077320515,978.3310401518196
AutoCorp_02,Year_5_Month_07,67.00633808593811,41.39814398886958,50.70864560664701,50.37495678590883,66.39332599838892,27.934330282012073,99.10979614781792,97.38462246441567,24.960642584649285,19.55924448296106,540.8985005081901,546.8432612074475,1087.7417617156375
AutoCorp_02,Year_5_Month_08,88.43145311689459,93.65762298230433,67.92199256768725,74.98638443824633,93.3744346057078,88.97230419890337,38.06914921873527,25.9438170900363,92.48402360039628,79.82895290227238,815.2490840990616,774.7876119493344,1590.0366960483962
AutoCorp_02,Year_5_Month_09,82.33048692092031,84.75574670089563,57.37623948425019,89.75762024185671,11.720448498678763,76.48508356539097,40.597467741392336,74.98594577834068,39.50543789650307,82.7161595298117,702.442246312237,501.84356016296545,1204.2858064752024
AutoCorp_02,Year_5_Month_10,26.791305299743225,96.85242195998613,75.84305695797987,63.37399007681057,52.91591214860354,11.237099861021072,17.10454626519,13.625696690019861,43.48740294666064,79.09881559429039,544.6029296213684,249.7487488366887,794.3516784580571
AutoCorp_02,Year_5_Month_11,90.330309864098,21.186750113699027,17.34669838275306,45.23731283600464,71.89498381875046,32.353863433282015,49.85183228893637,46.488054262523946,78.38412925855495,20.256929840731704,463.0219212002946,572.000800086445,1035.0227212867396
AutoCorp_02,Year_5_Month_12,58.540801772408564,75.77807276832799,15.431687559150742,47.13596567637614,75.04362619284056,29.29658346938481,33.49436736113633,56.46549692779066,40.49411341805266,67.95171613609882,612.9496097908576,404.13379667075424,1017.0834064616118
AutoCorp_03,Year_1_Month_01,82.66961396476563,94.45064111389341,32.23929106091318,72.60563318471262,72.32791883833971,34.37256952332753,40.90480319598798,62.25807033186707,95.68562019751025,85.08923161744588,732.9296488891065,713.5551137547787,1446.4847626438852
AutoCorp_03,Year_1_Month_02,90.64821699311439,26.310975954909413,24.359021210186953,10.289643724385082,22.099161646730966,32.28037932518978,85.11146112300649,94.23435234237036,76.41349920989202,61.961806109770095,523.0050648294592,460.8068889898821,983.8119538193414
AutoCorp_03,Year_1_Month_03,38.62031274746775,15.984664063009975,88.46052099329815,65.76304037138567,36.94560295345131,15.627366616856117,94.19360621747461,70.50256185647751,63.7686318316078,68.17666377052801,549.8655922366548,315.70376536534735,865.5693576020021
AutoCorp_03,Year_1_Month_04,19.90467320749091,76.70085843610532,29.72925886222399,41.99437093972217,42.28439728753121,51.30464649371383,26.715976480466708,53.31501560973133,89.28056444902772,51.252713148367555,512.5718930089993,314.663373614687,827.2352666236862
AutoCorp_03,Year_1_Month_05,30.51416462877475,61.70258018619207,97.82787302372182,81.47775981493758,82.39934869115545,75.94601273075486,43.52580383981193,82.87075326393004,14.464531751453448,57.58365878956474,683.4893672050262,661.2585084326962,1344.7478756377222
AutoCorp_03,Year_1_Month_06,48.43970097636307,85.76458990824449,40.320621259399616,18.369157584081893,35.088388517309774,64.60585522456927,93.57675059038547,95.5479538858968,33.13564229702879,13.09391725165527,606.1432360974588,359.35255898441596,965.4957950818748
AutoCorp_03,Year_1_Month_07,83.62132893302439,22.579513896366056,26.390612411982936,62.93820402535515,28.963446748048284,70.55845017382718,15.562761462030037,11.985953381406176,51.853270079881895,67.50667197759562,503.3062749401556,660.3400364955338,1163.6463114356893
AutoCorp_03,Year_1_Month_08,87.46575249307091,81.57405806739011,81.07286564282312,53.28756008975114,96.17032171342865,17.303426068261523,18.312447530024066,98.42691450304348,30.42806855243689,17.33024916020433,745.4730878798288,323.53238645995964,1069.0054743397884
AutoCorp_03,Year_1_Month_09,10.625691747807164,28.14645880429701,69.28369979507886,67.80929733147048,10.7976956602122,95.63416391591085,24.651189028560644,17.751892515731228,76.95146685719368,49.151313490620105,386.8980821650068,393.01182122078563,779.9099033857924
AutoCorp_03,Year_1_Month_10,55.967257231980916,24.729034857913405,54.837614480782506,15.836823503467151,99.80387701137803,85.46426504587224,63.56915507141873,83.29481013418852,92.72872279483526,36.338958790066705,554.2408269481044,479.29218346381964,1033.5330104119241
AutoCorp_03,Year_1_Month_11,47.56699028339011,24.783921813789362,59.982719584386814,62.198540868531815,70.9139168971656,82.45812866460965,23.542504390539772,35.23012772962713,48.1393107937831,59.08851551905418,502.46086846298726,765.9175098160704,1268.3783782790576
AutoCorp_03,Year_1_Month_12,29.98970294236572,83.3117248208244,74.72816004450374,60.533612916357136,84.56223695042054,84.06854245375908,97.12687433056601,21.896169197848458,40.79193401007055,22.007470197088637,618.1407470047354,759.0388548522948,1377.1796018570303
AutoCorp_03,Year_2_Month_01,20.787883060031454,69.867749862658,30.560926719816884,60.459408497455385,36.51574567115738,93.94394573194852,50.20430745326683,49.58700757424514,96.53956589238096,72.24790617759864,498.5750617998303,324.1231252533727,822.6981870532029
AutoCorp_03,Year_2_Month_02,40.385365426326516,57.07588822922074,99.67005244510678,64.31388999368093,11.288374990035399,58.982856950232794,55.13661643151497,67.95609215028522,50.03671895447867,81.55103832356234,533.9781586207329,414.9314247458437,948.9095833665765
AutoCorp_03,Year_2_Month_03,94.86187335212672,42.29474357111523,97.73138459321048,70.8821143503726,76.40825667053771,28.02538160808633,32.19927542248658,44.28566605211275,54.01435604043549,24.701900476884084,729.3559009042581,289.6396330722634,1018.9955339765215
AutoCorp_03,Year_2_Month_04,39.088263881867974,88.94804867317974,68.52931177122431,82.44900997126928,85.07301373006082,65.5105247067287,52.38642271912602,14.910886745442905,41.648488510771486,19.388177861669394,660.3895807986413,505.9910475880983,1166.3806283867395
AutoCorp_03,Year_2_Month_05,56.691155956902946,45.32005966803718,27.958820583623062,34.28386481153929,76.64285187581672,76.85933443011452,69.57222693733104,63.95150256928449,91.85936257109245,23.096393450862323,568.4935944189973,476.34953041679995,1044.8431248357972
AutoCorp_03,Year_2_Month_06,73.27170630056601,83.49394955244193,71.22054181881622,84.25444691620558,22.856525857075475,76.41256540186228,77.60594232586385,91.21629484996072,61.20599349536657,88.94148057086515,742.6756014132552,740.4560974704394,1483.1316988836948
AutoCorp_03,Year_2_Month_07,42.726664214136456,49.52214177131966,16.497856808125825,54.843011403710825,77.80851300312722,56.93041217501921,77.84812744389217,44.48938293525265,78.59571284634802,57.53703355807205,611.0359958439985,758.0032266746435,1369.039222518642
AutoCorp_03,Year_2_Month_08,97.46038744488646,43.92499864824168,12.758725198522546,16.935245122089803,79.20305038968769,16.161284740022026,62.01020014246795,29.469949986774434,83.06260465157978,52.05348964067523,597.6648772880236,430.1404346043753,1027.805311892399
AutoCorp_03,Year_2_Month_09,96.62025654479001,51.64118071026458,33.19145996600923,15.269583631958128,69.26864641030494,43.4001644587115,91.39237974944714,49.831961133953385,40.766413772553236,19.604063719211887,589.7125817548609,495.0427658113937,1084.7553475662546
AutoCorp_03,Year_2_Month_10,32.66040662428277,37.12400867477279,51.636066106538465,40.08144868264547,78.95043395160276,92.86899476170215,83.56670625754984,14.352643994390277,49.03248981883421,68.46004060812656,521.1725867860386,737.7417494876798,1258.9143362737184
AutoCorp_03,Year_2_Month_11,54.75236553031469,77.2848442158626,88.14452548675425,80.64072794003208,86.1329295709959,62.60040187816834,78.1343303228763,83.84388260322473,86.36245969656382,88.11996327055809,756.4275455005779,684.0246846470368,1440.4522301476147
AutoCorp_03,Year_2_Month_12,37.07904788350927,55.24483510832312,75.44521627896772,73.69128412668242,65.22437028137125,58.44987489301421,15.004496951241457,84.3706729855168,42.69298165082292,84.53672823911077,548.1977550993615,202.19378680678957,750.3915419061511
AutoCorp_03,Year_3_Month_01,35.63564449397208,30.89914256321356,76.84358690799829,80.97534682051658,17.974424257271117,34.196816294397415,10.619016599768438,62.92004170866656,81.45416201066662,66.34492380827211,432.72978953056855,392.0357385101495,824.765528040718
AutoCorp_03,Year_3_Month_02,13.319825261907951,90.96171159471116,48.29440010032678,56.55421507974484,53.88650287004898,43.1604027924921,29.120254947592567,41.779260004455054,94.68930903169934,16.775084498650628,511.06319432568796,453.06454516167554,964.1277394873634
AutoCorp_03,Year_3_Month_03,64.86079005819072,44.55020992358903,41.13414932922666,49.61790981599415,16.988440120444455,90.58114802378523,69.7171234522107,81.9805028001205,66.08893357612062,20.115732445841168,555.1880961694376,337.82977020993906,893.0178663793766
AutoCorp_03,Year_3_Month_04,55.24111209059753,58.919757500258974,43.393488668614246,23.270727403565555,46.678872792918774,69.98167427741521,47.007773999429126,59.921832230953044,76.74645587067,14.437808839884221,565.8109596441644,319.7429695375632,885.5539291817277
AutoCorp_03,Year_3_Month_05,14.633087612499041,91.58248998680922,98.88846073624521,39.53734782483804,46.63958402130649,80.86483240770995,46.21656333693806,84.33390776950147,82.45875808370214,33.17312948432224,640.536419053283,222.6707039574078,863.2071230106908
AutoCorp_03,Year_3_Month_06,35.07818178129503,66.18141963225929,13.609827227123423,49.061742955648775,15.940885972621743,50.89108807608896,89.61281994066523,66.83129133247186,86.05356840069783,22.209532044434,512.9583566697743,586.0218350418563,1098.9801917116306
AutoCorp_03,Year_3_Month_07,91.74392973699884,20.520823663752765,88.03283465102037,17.97403867116555,41.39384805725314,66.72224975105422,90.60065633186548,80.59649258915175,45.554800407111635,33.40432362271905,624.8493819914697,357.5061742898994,982.3555562813691
AutoCorp_03,Year_3_Month_08,31.560570160027517,94.58489112521276,62.080786771515406,29.855075744009014,19.989828891218338,32.354524786888675,91.82577376482271,63.8706693895984,14.613711325839835,44.65522501470655,545.1455212769579,231.40830705878784,776.5538283357457
AutoCorp_03,Year_3_Month_09,23.04053848821008,66.4937247764276,49.47538772706314,63.840276465736494,82.74116890082999,73.49147472551377,38.24902688635245,47.27269613940996,46.16886441130656,94.86845056640222,557.488873259269,338.58758631683816,896.0764595761071
AutoCorp_03,Year_3_Month_10,54.05074842498067,40.14150531913775,75.27318943736229,76.20968028152708,95.29192233680237,48.48412003330036,72.19502314653356,96.21512739335238,70.63806068056809,64.9338453803523,662.2425020295155,681.1483717016758,1343.3908737311913
AutoCorp_03,Year_3_Month_11,98.70854086995406,22.53448653970485,53.80020472822326,99.85127602536546,16.508482773214475,49.8290963333271,34.44698631469326,58.70024423909603,50.53153472027135,85.14764071146661,609.4380485171229,710.893508987928,1320.331557505051
AutoCorp_03,Year_3_Month_12,31.784974436035036,81.46226703432664,88.60809142734945,93.98019982092019,95.96036865625312,68.43900921191934,27.15488497670048,64.45805666864845,77.40668357743587,73.9316350641099,751.596537455524,489.8397471159816,1241.4362845715054
AutoCorp_03,Year_4_Month_01,70.49219926652907,65.80654803356622,91.06316776101326,67.83086795816723,57.031893940307064,94.2652559322034,26.616921161263228,29.843887547327434,42.12841865217975,20.125281747396855,712.2338068116018,449.6424022452117,1161.8762090568134
AutoCorp_03,Year_4_Month_02,78.54576537958458,58.01149827786894,47.95488341861099,47.91232479646648,36.96091101584865,15.760571194775883,40.789685877723464,66.30857104845488,67.12697269936265,76.23283657365539,596.4149362501829,786.7122161010691,1383.1271523512519
AutoCorp_03,Year_4_Month_03,31.38737895931597,90.45033247458619,34.914501751154646,67.25596282374094,16.917586774854716,84.22689136123068,48.69618578018395,61.44468845346495,26.777782436857713,34.7588993403212,513.1152581725494,320.338795752842,833.4540539253913
AutoCorp_03,Year_4_Month_04,75.53947137506736,80.97374901020777,63.3115295734026,80.70864562722087,55.056184126337605,36.31447993709738,84.78542539495615,26.635455815232245,77.44324929804613,67.51970622952356,684.9567245976739,329.2155697127651,1014.1722943104389
AutoCorp_03,Year_4_Month_05,43.10048194473279,23.650739175947606,92.11270110550218,20.65025718310486,81.50639900416738,49.95275090557401,20.790198412544086,15.362838761782935,59.112637193172326,40.68657762786897,466.2454479669506,375.1203062218399,841.3657541887906
AutoCorp_03,Year_4_Month_06,66.90752475342215,38.05498610159934,28.95959701050999,46.891440072665944,73.63778295400283,11.972199589750806,76.14332626554048,64.3923387743294,28.365794969194052,99.79050369381933,522.3595526879876,303.65439096865236,826.01394365664
AutoCorp_03,Year_4_Month_07,67.01767396848052,32.36402258330192,66.06699252071346,85.58220570720555,14.520341031757638,37.094147005088175,57.83094227703748,78.73230424152885,36.27200561480265,33.71963315471,544.0005678249969,427.61935892251194,971.6199267475088
AutoCorp_03,Year_4_Month_08,58.21972156672826,76.95516633154092,66.84041980832686,44.54496567397396,16.561165183111317,55.236811836711745,35.91508084083932,57.10612338298074,77.3747837723649,35.12174236968427,586.7884599529557,746.5005361938523,1333.2889961468081
AutoCorp_03,Year_4_Month_09,18.12607930489675,13.017919126220145,75.98017201737528,61.46850441044679,46.25859543693734,15.055846961269511,54.353762607954216,30.409536278768112,53.43411120953686,93.76050300061584,337.0358845607276,569.2087043771446,906.2445889378722
AutoCorp_03,Year_4_Month_10,85.17722460303142,61.29007163841849,21.841091661453383,62.89924247759784,36.57614446431489,54.19861564448486,36.99478627993204,69.98697790237314,29.442829635376498,12.21799641726904,564.5976663861942,447.1679291673582,1011.7655955535524
AutoCorp_03,Year_4_Month_11,38.870205847456226,78.62128171666215,74.42424682138797,26.602862782027543,30.914589075044304,93.43995659725846,63.64737597144754,17.2095153948642,97.05440713332679,72.70200890858771,598.0958032672394,760.6464767427289,1358.7422800099682
AutoCorp_03,Year_4_Month_12,26.786665935986882,88.90890730855745,91.81292685990769,42.601189748705956,35.29040490178423,19.485389629702468,49.04595305697198,49.76503343217591,74.36125178351992,75.27937516622903,571.7163407757841,229.0785394854934,800.7948802612775
AutoCorp_03,Year_5_Month_01,13.669762739928753,40.78735738443167,26.171479798321776,40.1060159867739,82.31344689671961,78.7996655267954,24.796497617099085,24.703008255857817,96.14213492858165,85.27407196693594,389.85861086641876,326.1657067411168,716.0243176075355
AutoCorp_03,Year_5_Month_02,63.18036488694176,83.91315742048116,31.378899243148986,12.35770376788583,93.63052482686685,46.87039480383934,20.492476710012703,26.601314595389503,48.43945408243089,97.69953795746278,526.2994005548582,539.5331630610553,1065.8325636159134
AutoCorp_03,Year_5_Month_03,70.98079256580542,19.95685632596865,97.42555846374756,12.177258750221972,46.45924250748098,68.96563430719041,59.20261138649171,28.206455424238328,52.759030662254844,97.80417272409872,530.5039377990986,569.3315739159075,1099.835511715006
AutoCorp_03,Year_5_Month_04,11.492904603507053,86.18070625610663,26.28792574385408,84.85273393081961,91.54999019192473,33.42129381867064,91.21717299574931,44.80363513395801,90.81596945665173,15.87490818098175,547.9988903928466,223.7345039375679,771.7333943304145
AutoCorp_03,Year_5_Month_05,56.088375246935286,21.47397960987842,86.89465840326213,34.576372897553114,38.93461311230938,24.354303628722246,40.956191790191696,14.603518505835787,57.254440622084616,83.96553904776123,492.8264480037867,441.8232547442793,934.649702748066
AutoCorp_03,Year_5_Month_06,30.384619767814417,45.755856150433054,54.30500708032313,56.62708896149339,52.87932877094124,24.44163528441038,75.97000965003609,45.801409683618836,73.65510207151004,68.16789402916432,512.2652817752423,589.4923788985236,1101.757660673766
AutoCorp_03,Year_5_Month_07,68.06555113685049,81.75658292015983,32.25079669628593,36.88530162298957,30.342609803439974,16.344275107883018,69.27952194457902,56.05367024032308,32.6955589745977,68.2607920935782,538.4306403168339,618.842327842041,1157.2729681588748
AutoCorp_03,Year_5_Month_08,25.69297861044923,23.492568461389638,88.36749111452603,94.66113206038065,67.64284379582597,26.708203441111873,93.83994228785329,53.49648564696927,50.205382183237646,21.55149339532253,519.7047114720853,582.8839415097616,1102.5886529818467
AutoCorp_03,Year_5_Month_09,72.18439642922193,30.632625570937734,50.077472950239894,33.336708297919635,98.1083003657328,69.77974464900714,83.88829155692268,44.45056903627365,21.11048792293196,68.5168449801088,614.4044959752415,392.3379346165547,1006.7424305917962
AutoCorp_03,Year_5_Month_10,44.806181167048365,75.00273115537597,56.333561853672116,48.66911314650416,64.31437864390408,89.35215506591572,60.99447330149167,85.52319472636772,28.53820322892655,98.4234322541123,603.9941270077877,256.1120741587457,860.1062011665334
AutoCorp_03,Year_5_Month_11,94.30569898630611,74.80328828914669,42.33100324597891,88.54572254361416,42.203267570219396,83.27131170320456,69.13274484106967,23.07940231784537,10.084907374086798,92.06367125855023,715.2535106316403,456.2674678516005,1171.520978483241
AutoCorp_03,Year_5_Month_12,22.376884973139394,67.70328695967676,63.36557662914347,85.77402101126278,68.30357013914755,71.66208788870357,90.85478199256313,55.51270694032366,13.533854648379421,49.52175947243655,641.0670765348165,277.2526624208333,918.3197389556498
AutoCorp_04,Year_1_Month_01,40.695971594523265,72.455360002039,24.717148532652047,26.749127606164958,21.06286106188488,19.93886770699924,45.95669061282413,15.583727526089888,97.95554408592363,13.59531759574849,440.6490757375153,768.5741951124003,1209.2232708499155
AutoCorp_04,Year_1_Month_02,20.212616911653015,58.84519990128366,45.197338298658465,82.23789788161393,89.97931722388587,36.02687016663549,39.41152352719996,16.404011099011875,31.811832562308606,42.60641410001843,495.8505749016744,485.10251961357693,980.9530945152513
AutoCorp_04,Year_1_Month_03,93.22242564507064,32.66191530162575,97.24710901017588,51.23681980641034,55.27755557018527,37.88261877902221,10.97299752716767,61.64792647093867,69.69796385536017,84.37512804404997,624.6873752886895,390.35550461412055,1015.04287990281
AutoCorp_04,Year_1_Month_04,88.9605418042883,41.112639415352746,33.23200894310148,53.46719848768197,50.441476783567786,32.496125175785906,84.38959667723178,60.94165823990389,85.51897289196503,73.13491913186493,626.184378029004,659.78244267134,1285.9668207003442
AutoCorp_04,Year_1_Month_05,33.21474649436401,26.34379451212831,69.1062998087163,22.01319751743494,62.727830960816725,56.35050937387508,82.08826303630283,89.02301615600112,59.559441331290785,51.340929003456075,526.7030141769526,498.76915554935835,1025.472169726311
AutoCorp_04,Year_1_Month_06,69.39856414307611,91.76055052002656,39.267105780222536,17.254136238141218,66.23054765104622,58.199843339170535,19.400906629013626,60.208630809406586,23.783005007556056,14.9591381642948,584.4920001751528,386.02041440747007,970.5124145826229
AutoCorp_04,Year_1_Month_07,83.54999801810942,62.50526152895084,79.61258131179406,75.51453762763887,16.459822560386172,42.11973776539992,61.917164301943025,96.38119183643651,75.53047936025497,48.420525504097235,753.0115727318272,687.180645434481,1440.192218166308
AutoCorp_04,Year_1_Month_08,59.96807304395161,46.07662750872759,21.778629464651484,54.68150371197698,71.43554991010622,41.84102428627924,51.75835283501986,14.382536355993679,64.02262690896248,52.212244574609514,549.457106645604,720.2912906006732,1269.7483972462771
AutoCorp_04,Year_1_Month_09,57.66855205204058,51.58052232797194,97.28389405706902,49.31656323536616,31.773851228397664,84.57000381154732,20.683818595820032,18.820691630266694,75.81255304126375,93.56999796047224,649.6303716854283,603.8048997732062,1253.4352714586344
AutoCorp_04,Year_1_Month_10,31.76670618104065,95.25550056506339,50.841058724527535,75.65574057871571,74.25573692559308,81.0363563487717,98.25114043546512,13.965927541334326,79.27719605713784,67.69774932239434,672.0625211803592,228.17865344460037,900.2411746249596
AutoCorp_04,Year_1_Month_11,18.379249102530927,23.801626280447216,31.244541701181756,78.89616090919988,84.0281314945777,37.70162485126711,29.322629871701988,26.674916530018603,97.78693309162706,38.0487624989184,429.01966699691155,539.7937280999192,968.8133950968308
AutoCorp_04,Year_1_Month_12,90.74941821579941,62.76068488151175,16.614707259701138,24.30173509024182,82.35626567972683,92.24095994859334,16.051076208150505,58.714309984751026,61.6206952024039,57.27864380056492,669.7305741545578,657.976947198369,1327.7075213529267
AutoCorp_04,Year_2_Month_01,91.03762514469975,55.52998109960194,25.27821145787867,64.92026345298771,59.72508706671002,95.75335153022554,63.536264155171864,68.10149632846853,40.747700142154166,15.944977703994407,702.0772167188366,281.9018072501493,983.9790239689859
AutoCorp_04,Year_2_Month_02,66.97913115459411,65.0308811891183,56.77965537004159,22.1818674049917,56.81529030796761,39.40682878270367,76.49800094197295,14.10266421538019,68.36181012102134,97.53114120847631,564.0991701026711,337.202450830762,901.3016209334331
AutoCorp_04,Year_2_Month_03,40.51268119438306,11.629916543875646,40.33028587881577,77.62375774261412,22.858836520547055,41.89824539137494,12.919910144246828,95.13738008610393,16.15966383183635,42.40539117376534,388.3437011445579,729.4970630408818,1117.8407641854396
AutoCorp_04,Year_2_Month_04,41.428861715139476,88.49115180497364,84.59950292943485,69.12596406404256,79.7811535362822,55.5070738079763,69.28458748543198,85.7948838985343,90.76575864894276,53.00806194218222,730.9622531304603,212.0730331118444,943.0352862423048
AutoCorp_04,Year_2_Month_05,75.33601109832155,93.89064542352511,48.779877129562536,96.09531589751121,34.42684424020429,94.70087312803062,57.9062688356309,36.69512339413838,20.74429102043771,41.97555768132303,697.4705237715549,651.6362826955856,1349.1068064671404
AutoCorp_04,Year_2_Month_06,90.73992339573194,60.861986523028804,32.384284532886696,16.206221472077907,54.70258805361519,88.86874898280804,19.293850798754356,16.946877720382115,39.505855409723644,71.42605571045802,577.9039722969237,484.26397550865374,1062.1679478055776
AutoCorp_04,Year_2_Month_07,89.83777818386056,72.6985741489203,65.5430487943627,15.134924903612887,35.5846683634765,19.231116632523083,25.527148925172586,25.289836589715154,83.41708425635088,69.60089424966338,629.3009406761458,468.0632953037641,1097.36423597991
AutoCorp_04,Year_2_Month_08,80.18879912718614,93.02494430595661,73.60994951969013,35.39683672238802,22.044552669972383,45.345766894427456,61.11768675844725,21.42499723794754,63.75811404976407,74.37900794762221,602.0516499558972,204.25791949693232,806.3095694528296
AutoCorp_04,Year_2_Month_09,67.78284815388591,73.65147708820587,25.033771711085485,33.55351153623154,66.66019272025629,59.80340707747946,36.672185216195956,21.095540136905214,45.42719682496979,34.13289066507288,603.7850603877247,691.6389385798957,1295.4239989676203
AutoCorp_04,Year_2_Month_10,17.572596849554394,23.72851386228352,25.08572946594859,32.22809191647998,14.889883134061344,55.28192252963861,94.44841557861845,56.670551979916056,52.60920934375193,38.41016330476594,369.4782183615896,415.8949403819399,785.3731587435295
AutoCorp_04,Year_2_Month_11,24.54658426851524,61.86595241501318,13.300428424018868,91.5629122468933,77.378071071358,27.44767611432034,83.68662065356457,32.12626982440602,86.90926538819623,21.272610798658715,493.7204516783722,524.4593787803258,1018.179830458698
AutoCorp_04,Year_2_Month_12,90.86987696743714,64.60435417445703,76.27618135590765,32.45915798645555,38.5828115735005,87.29350940513392,98.52104858622967,42.232574487623,40.60039474539029,68.99589746615013,741.9822505552625,606.3804118013957,1348.3626623566581
AutoCorp_04,Year_3_Month_01,64.57861536936309,48.17176041721474,69.74240748596246,34.47547535157679,10.012122370403679,70.92467046971535,33.370375505537254,99.05548000458901,88.26847163309542,13.581741460208729,573.2694467985677,621.5777458627495,1194.8471926613172
AutoCorp_04,Year_3_Month_02,10.827734645496669,76.27998120622506,52.71677881748325,78.34584361761674,56.001622531350684,85.41175373666232,97.27512695181794,71.58828240328103,17.932098787902234,63.79141019711132,610.1261265595357,773.5880352956434,1383.714161855179
AutoCorp_04,Year_3_Month_03,19.132438857942887,94.09303132921134,85.97534040722775,50.4765858205486,14.216671767484282,87.2887851414525,48.81104828124021,95.40826003423012,79.91185934877677,88.27262963664705,629.9335706868869,518.8039719419655,1148.7375426288525
AutoCorp_04,Year_3_Month_04,69.71515921972502,93.30116616160987,82.51031376550479,79.9039501259663,34.85526020388095,77.35202682991658,41.276691578237916,22.8300899529804,86.27928697492626,90.17489334606702,696.7505149296306,439.83173058465655,1136.5822455142873
AutoCorp_04,Year_3_Month_05,10.455542546159682,50.57554342637189,62.6818927957077,15.882954180794671,73.62788387101446,49.52895411247456,14.531457427241792,44.392552734931236,26.36358875536049,50.41339843329655,403.4946200106781,772.2221758950247,1175.7167959057028
AutoCorp_04,Year_3_Month_06,24.472724627574877,20.19142412566797,88.14441524619328,53.88140743060459,15.642065945967929,64.94920795138822,14.748873207364236,59.92586229541188,48.73118791349804,51.337331939176636,415.63432717136135,585.2661410153127,1000.9004681866741
AutoCorp_04,Year_3_Month_07,59.38604104299275,98.63570790661011,28.52570890330914,13.025224016495436,85.54046431204021,24.432886550776885,72.28101303519892,16.90822556998642,24.894979719729008,16.927226470721564,570.3964837164926,378.89021376593337,949.286697482426
AutoCorp_04,Year_3_Month_08,72.27056779234239,85.50082778013407,20.072765745795508,15.638788310981907,10.34379303927248,70.62808757274169,51.213609499062514,10.376869926516207,73.5943716094796,70.36885228987322,506.02509679925447,275.8785472421427,781.9036440413972
AutoCorp_04,Year_3_Month_09,68.67651335523405,21.219641308294015,34.277465036529065,91.57937080099698,32.2141482281712,26.132793016535267,30.386946343249512,70.33909004172259,58.1812991255491,83.91334783355609,564.3926748438763,705.5327008791088,1269.925375722985
AutoCorp_04,Year_3_Month_10,30.18423785145038,92.87576943556351,15.137817048038336,22.532083400583566,76.68136505368643,72.45546314591411,65.25732756927093,67.76375651212918,67.1791012037489,32.01895491442417,563.9823809188621,417.308961676491,981.2913425953531
AutoCorp_04,Year_3_Month_11,74.09612992127823,88.29067258559155,57.80525752009288,57.91786140476954,38.46431347563761,30.66383446785718,32.75723064251001,46.97099289996506,27.683827026059003,47.91707934700282,610.7150335456704,596.2818328186587,1206.996866364329
AutoCorp_04,Year_3_Month_12,31.352417874712007,56.69542514134649,94.29451230654654,46.99860423406359,19.17031492594122,20.579617013519798,61.98685789099803,54.06796684288294,29.057127584717758,85.49554030887433,459.2809996068477,482.48985161953885,941.7708512263865
AutoCorp_04,Year_4_Month_01,39.285972834334096,63.21478921704363,13.540918660165868,41.26089936329584,42.42105269203851,24.87560411286617,42.32878722844213,47.389870053288064,13.734759295891573,88.94084208960592,397.8800753979014,319.357867877023,717.2379432749244
AutoCorp_04,Year_4_Month_02,77.18422646062217,45.910243348311724,20.989892260902412,90.98500111185452,34.3353957746073,10.179292169716325,84.11970039506372,12.160454036039997,38.98607816761567,31.886198223780333,563.8764388341888,561.011965172279,1124.8884040064677
AutoCorp_04,Year_4_Month_03,68.46696091424931,14.928547493982819,50.697912545509176,11.964105709794055,85.84407119444994,74.68656560681772,83.86265446901014,40.18344455957162,60.37701952003074,59.55135710872278,551.8441608900519,236.4098413704094,788.2540022604612
AutoCorp_04,Year_4_Month_04,86.43010694447601,40.16775174813108,94.04875157751144,69.74107175580302,38.20131258266288,75.91609441525412,52.96153583101612,25.937402985756087,87.2141422597596,27.324383557224436,743.1598474803826,448.00547592271533,1191.165323403098
AutoCorp_04,Year_4_Month_05,69.18516030703091,82.25681037382103,38.45404944790755,96.70549907921954,81.00392245984065,56.34400149219335,41.5737198401514,18.858177019123186,70.02347027128127,19.169088772560087,717.9043133668588,527.9689637982026,1245.8732771650614
AutoCorp_04,Year_4_Month_06,61.147774300192445,10.416882070414257,55.65113278195532,60.41513651156578,90.26849303296612,24.522652094984533,42.63038169031851,96.10483905004148,49.18566910597763,92.00084512527619,571.4473142456552,461.62818447114745,1033.0754987168027
AutoCorp_04,Year_4_Month_07,18.430729104528325,40.014925452202974,13.741557314535289,94.31402158297827,49.04356776188766,17.519890375962078,82.51430731013961,63.94237525379491,95.7808102954724,83.84567538088983,446.9095841811761,649.2033051505945,1096.1128893317705
AutoCorp_04,Year_4_Month_08,43.09442227534902,45.8351824231849,23.350888086587997,14.703209135742139,91.89488294689528,11.721606979355832,39.53615345178508,75.57906558129424,74.73206805182487,78.40314116228565,399.006118844442,696.7549727271875,1095.7610915716295
AutoCorp_04,Year_4_Month_09,33.86821309135529,58.36560426441306,98.79671106629623,47.69139871667453,43.95862485668736,24.917335926869864,28.81534363361614,38.38273689395058,93.7148682576295,14.388968693182637,527.4251152136283,662.7458444199068,1190.170959633535
AutoCorp_04,Year_4_Month_10,31.95906790411752,92.78700547714844,96.86068267924409,33.414201186584606,96.76705748410974,90.17699814848321,17.621950768777616,45.383241654461365,57.48291759449491,85.93559134392318,691.677368486632,223.28776868708127,914.9651371737132
AutoCorp_04,Year_4_Month_11,97.57094992772011,41.17113949293651,10.444598284096866,75.77388684826568,18.036057207301564,31.738315753151358,52.00238087959676,31.323159450705113,33.30138473138256,49.423966831484535,548.0798612507624,316.47726226758334,864.5571235183457
AutoCorp_04,Year_4_Month_12,45.378795220008435,41.22578817066049,95.6630606880915,98.31673814475221,71.83173398529185,41.88441944954941,53.391888902785766,18.72691038688823,14.754401772824979,40.81556109662736,629.7999211679371,521.9645055582646,1151.7644267262017
AutoCorp_04,Year_5_Month_01,90.2841899659402,76.37511232987735,67.52079440339503,33.0877056199823,54.44326364112358,19.481093603319987,85.68178393626164,26.112847369742543,75.34763663354654,59.18287249228388,678.332605947603,760.8932242662808,1439.225830213884
AutoCorp_04,Year_5_Month_02,66.80247633975367,50.69961468008265,88.112646506802,68.8757141326667,44.88839249100823,30.012517427335325,29.91148268014576,81.77626407668373,20.91726982049807,18.221791845120023,592.5512210981013,700.9740650312701,1293.5252861293716
AutoCorp_04,Year_5_Month_03,81.53301731874836,30.214434064598375,50.92658700704732,27.82878694837661,66.94406908737409,56.73021137021846,44.28921463015599,70.97912246653982,37.249761544477046,78.09818944171589,570.6044091254083,705.520705011081,1276.1251141364892
AutoCorp_04,Year_5_Month_04,55.23733837946729,50.7195564519424,56.40364257213252,60.879722911444894,73.34713824708982,64.69774147860873,82.75651650043218,59.22359883869292,57.92238170955076,62.41915691994663,637.3919767934613,381.92491625580493,1019.3168930492661
AutoCorp_04,Year_5_Month_05,61.92134961637232,22.677131834181985,53.99619222312282,51.75392380195026,10.392694268527817,32.081708274959,84.12612496740762,52.75808855800913,60.79749290017729,26.793108718585078,470.99948709365214,457.66873824722154,928.6682253408737
AutoCorp_04,Year_5_Month_06,54.32659244369775,25.874828785560098,70.01778317914939,97.48047966683833,25.025777987247885,15.195894330260549,44.61499683808914,93.0190855290512,64.05248772884224,26.940897979214103,542.3266847565192,482.42356838956243,1024.7502531460816
AutoCorp_04,Year_5_Month_07,27.571868901824004,54.853099546553175,22.568612928068163,64.76745454268199,74.17414455708868,45.19295822146588,51.32116209580128,16.546145300080155,24.962979731473055,26.58237864154068,418.5848839732661,294.42295000994625,713.0078339832123
AutoCorp_04,Year_5_Month_08,75.02069037353547,47.70329045540931,12.697623088541015,41.455573487813695,69.97468722203858,31.078303383370073,37.29573017643546,35.25407319141244,44.17636643394839,15.130214879674059,542.6165447515236,218.6408781466738,761.2574228981974
AutoCorp_04,Year_5_Month_09,35.26951261967702,92.33613109612901,37.713694743207185,20.268620639914005,96.94427546158094,29.759853090682174,93.92993905773808,41.494406821364265,65.54748044052701,62.90186044345163,560.4064970186105,768.1417396763101,1328.5482366949204
AutoCorp_04,Year_5_Month_10,12.188436978830845,42.61545092049698,73.4212686462982,23.612214586144113,78.49340112257048,96.38765224421097,20.677938916742228,80.41832309915091,97.28369781704063,85.63133598296572,531.1381693806901,344.427551398104,875.5657207787941
AutoCorp_04,Year_5_Month_11,68.09250663164511,62.25295152502391,28.166810691065354,30.27852369561116,95.56954369582043,65.46704373331517,94.0374480701323,99.32631581457743,75.48680239297198,11.574839258864975,706.4305515947889,343.9693422341788,1050.3998938289676
AutoCorp_04,Year_5_Month_12,25.939961146634403,66.90378591275774,70.60891899924256,32.58699952062682,73.22864513813263,60.11905988548863,71.54798066518089,31.660346328143774,93.0343381384562,14.41041804741462,548.1990628385995,250.02743226125574,798.2264950998552
AutoCorp_05,Year_1_Month_01,94.64127259176229,11.178501092950027,97.29208414965434,86.5554452057024,36.824698777549884,47.41975931709897,57.841493741805806,88.68766007233725,78.59908524827594,61.54932490182512,678.3770439211168,757.1046511662671,1435.4816950873837
AutoCorp_05,Year_1_Month_02,95.85357193023286,69.71836348150396,18.451064421047654,60.510050945427245,19.482843002577084,48.60499000871298,12.93931547060463,84.75604843886121,63.25452720031604,83.75461168474472,550.7881581309159,547.8422689638633,1098.6304270947792
AutoCorp_05,Year_1_Month_03,92.33779511984037,26.02323701827763,70.53419064026136,57.10518202369298,80.3641477010442,58.68145034542727,52.803657263980746,30.219165787758996,27.282103222271008,39.40650015117703,613.8863475772221,600.2221142752123,1214.1084618524344
AutoCorp_05,Year_1_Month_04,43.31428302299,96.49632857225096,49.93751973741141,20.32919846822957,67.97342993283243,72.67868263324965,46.6973294502459,45.93993221793003,70.00170867032617,41.465295892694996,551.5032139778245,746.9461323578315,1298.4493463356562
AutoCorp_05,Year_1_Month_05,11.391095487598069,23.379645497780167,88.13280289397548,87.41257240144915,14.336741115396661,73.19314865636466,24.50969307776103,46.87055823632672,66.10416093639164,63.671184774709836,484.6022723530683,407.3721013404737,891.974373693542
AutoCorp_05,Year_1_Month_06,93.54867063289528,47.316171135432135,25.94348105026473,75.05328728876353,42.40454193108805,25.45245169349046,69.07686431505911,98.03986016739024,64.22222534115397,34.67916002117323,649.6113286837799,572.9043866828505,1222.5157153666305
AutoCorp_05,Year_1_Month_07,48.53657334855829,17.681470127077947,72.33633570035481,16.090152571000143,96.11198339358576,55.01014768689643,97.40358166314572,26.28027112410085,54.080728118941664,12.394752946991572,540.0431793333776,223.27967283733247,763.32285217071
AutoCorp_05,Year_1_Month_08,96.99893371393026,99.71868266613527,85.43037606832992,73.70515875067917,55.03610311391811,47.07622855306918,60.59699299580726,81.92421739943039,57.579094359034805,76.17056662914365,784.7206922227755,312.0635169386776,1096.784209161453
AutoCorp_05,Year_1_Month_09,96.72579793803276,55.19755092981183,95.0152797526621,58.918439560838145,48.94562224177342,88.34742696424458,74.32779487995512,40.07734427557989,40.09982744062937,66.30849216473078,741.5229409309471,698.7474830539654,1440.2704239849127
AutoCorp_05,Year_1_Month_10,86.7708509920624,63.58465155880394,71.49232254606812,17.355281117210044,51.192964464336455,66.82770290965388,16.160540730941513,75.77833111985443,56.73814233780728,62.26803991500932,674.2889985025465,660.0610138030015,1334.350012305548
AutoCorp_05,Year_1_Month_11,36.50040028626271,16.036882964958473,54.74572876075846,51.247057737579084,28.799445160464735,57.92536597743836,47.590029623529524,47.800990386609655,27.780031511063044,76.75157160926408,420.3230192330547,410.38561487428814,830.7086341073428
AutoCorp_05,Year_1_Month_12,44.658795574173276,77.496442335926,65.60625161810924,53.622665841704226,43.18364537783157,20.38551779610256,20.47226366480463,62.0523786804886,82.46569576243391,70.77077538058337,548.001304580627,426.0863766645275,974.0876812451545
AutoCorp_05,Year_2_Month_01,86.60230043651713,28.891503378602717,88.20144860308464,24.91970861469482,43.283193038845894,64.50741003910703,65.15162519828593,84.9350595993518,26.719925922883704,28.529378936048904,655.9607775458184,520.1326601321477,1176.093437677966
AutoCorp_05,Year_2_Month_02,38.522980464064986,90.82488604966424,61.35487719749467,95.11283323002542,14.711951816872517,20.548351511221007,94.46339423927391,82.37490084854957,17.646966090051976,41.72329422490161,666.4950412433493,200.14460281108072,866.63964405443
AutoCorp_05,Year_2_Month_03,25.254347201748324,28.462567643380645,12.734835372715317,86.49778343325957,79.08108656661264,40.34859180091769,69.55999592244746,87.97808651857301,49.26214237214416,21.34991275107625,454.50732159966844,344.7466016228167,799.2539232224851
AutoCorp_05,Year_2_Month_04,60.11211362125152,27.16189485972999,93.78538259562801,70.21201035961974,47.485398871349105,22.855776833289866,16.912274348297938,15.365559281019312,69.24766955554557,21.68713120760929,544.2733908185838,324.93908516492866,869.2124759835125
AutoCorp_05,Year_2_Month_05,94.25392967447029,13.28947010632854,72.0574075928405,51.606600490054646,83.9961898134781,72.28662823219321,41.919958448657454,72.28454977357703,49.39451424401872,70.85761717208854,676.3286883250138,350.2897680498581,1026.6184563748718
AutoCorp_05,Year_2_Month_06,72.64268170074757,52.48602505989993,70.88620471995219,47.05889874260576,86.53132010079058,28.562690245253734,59.55970414967664,22.59886390495866,34.90787187561777,87.27400962842484,698.0184190460453,683.5435055200649,1381.56192456611
AutoCorp_05,Year_2_Month_07,61.30550530804285,60.83570199363548,29.410763715794545,68.58761204358588,29.079464922879225,45.26734358692234,46.2886980519927,47.42367112165699,60.235406550139665,96.64593254750251,477.9476059683661,367.8043139278659,845.751919896232
AutoCorp_05,Year_2_Month_08,18.74588443936917,15.913777548551714,69.29969232093916,59.088868246621495,69.16181339531157,90.61072998569009,85.0279609427655,59.372957354921965,41.230210187097995,66.55124057945,517.8370701720985,314.9127932300889,832.7498634021874
AutoCorp_05,Year_2_Month_09,65.35065040292528,79.79748550255096,45.44779650887426,15.604579529369705,52.50536237466835,28.388474505907325,83.32039042389903,46.246553627214766,93.95809211139698,26.569119102486127,588.3864724514232,502.5580764758189,1090.944548927242
AutoCorp_05,Year_2_Month_10,99.10484650938369,50.795995127322485,68.61096793373429,56.12523838932985,89.21410641293366,55.70245575629012,65.06479180928993,56.76505082227067,93.03806256432149,19.508531090403764,781.9011360227396,719.3870218236392,1501.288157846379
AutoCorp_05,Year_2_Month_11,22.60756137128716,57.195124239482205,19.593372727719164,82.57632555095556,29.41666112588087,47.73444950494198,43.611215061943476,99.68736779187573,55.21346379748859,83.15658743830821,437.2919067748063,344.8098223024999,782.1017290773062
AutoCorp_05,Year_2_Month_12,56.64966871273631,49.668647224440534,69.20607741427324,51.33158898372623,71.00318802790397,11.631163694115676,32.98027363869197,22.169558234156924,39.50955946164326,62.08808287239994,532.6276999903613,247.12174567567922,779.7494456660405
AutoCorp_05,Year_3_Month_01,88.96357647351599,46.06867547877934,99.94723531935999,14.676091979884157,64.69769100274503,81.34823022155315,19.528688639181638,70.7910440802783,76.34191725609752,65.64565189123479,713.7442075235449,413.84284150979886,1127.5870490333436
AutoCorp_05,Year_3_Month_02,76.6691755978784,60.36762981773961,14.339083497450043,80.76503794456298,36.57713298146495,16.214131568313974,41.94079151378986,45.64008697470537,13.304164913475997,80.33158798792383,633.2007698543333,648.5910947389866,1281.79186459332
AutoCorp_05,Year_3_Month_03,72.73141668957412,23.971622133764125,97.94567657991855,28.122740392237695,22.294081328605536,52.682951887925825,47.18552654869476,21.970881901659588,52.72921054392861,73.29495049592065,568.7051494622917,530.4143268168768,1099.1194762791686
AutoCorp_05,Year_3_Month_04,73.22356755883983,26.3735317445744,46.621716465058356,33.275875139923485,68.64757844295488,60.46104654450549,70.82406325936662,24.286308703687858,40.26910548433002,85.1012427570487,520.4147924309408,690.0760217446084,1210.490814175549
AutoCorp_05,Year_3_Month_05,42.35420360977797,87.56070589121656,88.36781053035332,24.823571808906628,76.47377123190977,66.55838109531284,69.23438418678161,95.43457956210553,92.84822965922992,15.059251491389062,675.3491355738561,775.7552885655404,1451.1044241393965
AutoCorp_05,Year_3_Month_06,36.4232659838044,95.15039159202695,80.4146935652446,39.71935583843478,38.4064609387015,71.9768466377088,16.309732567713127,89.16413470405858,11.08027245454143,77.27685730718544,579.6072672590531,675.5974860509702,1255.2047533100233
AutoCorp_05,Year_3_Month_07,82.84250399306623,43.597838465177766,61.0314634888001,78.10763551197715,68.03493436200824,32.79451451704436,45.5733383888042,91.63377643735197,59.753338814651414,86.5767481589886,623.4727053981492,562.2818473062521,1185.7545527044012
AutoCorp_05,Year_3_Month_08,82.91020552112627,34.367020582919835,76.46042883261939,56.744727355354364,45.56178168503529,10.898089899260444,26.360098049562573,99.23794982446479,76.65972229599635,35.752153821248285,603.9490161207766,496.0049528314283,1099.9539689522048
AutoCorp_05,Year_3_Month_09,88.03650867220934,67.95995889151142,89.06640051712131,28.43931467356413,74.18861949543559,75.10992961194208,24.113143478512512,28.748385100766615,53.65161887716371,67.64025465939275,731.3635920917775,224.04145180896,955.4050439007375
AutoCorp_05,Year_3_Month_10,92.19164973008242,46.78607539882868,46.37262894859297,89.00470703368367,27.92937474046478,58.20909394128207,84.45719347635213,41.98954036276555,17.68627271464495,38.274585745327485,631.1873556028333,790.5931872884248,1421.7805428912582
AutoCorp_05,Year_3_Month_11,56.020815897484404,12.284772009431038,39.43298454069148,89.16236694563763,90.11935023725569,85.25059328865238,13.772369504463178,70.22971269323801,97.5215251025112,96.21739598342086,603.299386616178,430.0886735450255,1033.3880601612036
AutoCorp_05,Year_3_Month_12,55.136466521847964,24.053733762957133,70.08340470072262,88.35205825414062,35.866863681902174,83.92495266106249,47.72645883119092,53.542228587458254,56.62093882384881,13.008121519195338,598.1187449043648,291.3369283501201,889.455673254485
AutoCorp_05,Year_4_Month_01,81.84656610700976,74.43750059626578,82.70613477471328,31.491659024338535,43.10073889805376,85.89935510090949,25.13832901898664,47.65505800405002,65.27676198871103,62.18135594496595,667.6230337850602,600.0253132378741,1267.6483470229343
AutoCorp_05,Year_4_Month_02,68.49675376999886,69.30315477191363,78.60566212989542,50.61154097628893,15.22827568723148,53.65851939815862,89.13971941106266,42.20301244020337,31.29488044367566,24.98531923445636,635.1262321614025,370.57297345727557,1005.6992056186781
AutoCorp_05,Year_4_Month_03,73.17701895319331,12.438639325313513,81.80322839727711,98.64906905267875,20.036099108914875,40.02655562531791,60.13364619475316,63.4402568749107,53.514827659612344,74.09981846594428,650.9263543283829,551.4669625586286,1202.3933168870115
AutoCorp_05,Year_4_Month_04,81.6213402492491,29.97749457396545,49.20249833316397,79.48112286789913,56.42757124410953,81.2402382332233,30.824257273916324,61.80340857760738,48.623454276248964,25.83012550767959,654.0101207466192,552.0607447067548,1206.0708654533742
AutoCorp_05,Year_4_Month_05,90.10048076358096,30.796731692926425,83.60507945575195,12.445067910300384,34.08334090551743,50.616470172632944,55.218455844973874,24.531205065781606,16.740625780178537,31.18449357085218,569.8278518339189,467.4378925417215,1037.2657443756405
AutoCorp_05,Year_4_Month_06,40.41956411663823,70.47034692388556,20.81881498335476,15.868413213444285,85.1932203167975,26.509797676309105,75.83377237328042,52.45658537665952,19.55443181927205,54.493372994118225,470.69858775350536,701.6711693270256,1172.369757080531
AutoCorp_05,Year_4_Month_07,43.802465737594964,11.773948397892774,59.00401881647646,51.75382391310995,11.322404978945846,86.9476617605327,96.23062080274904,59.81245985888649,85.37252676568971,92.33514549971903,496.12861055015634,358.9802369332658,855.1088474834221
AutoCorp_05,Year_4_Month_08,18.45837458567821,19.369772378611646,10.518279444830942,91.82981852754041,44.11846438047426,89.43038890951125,29.840140382087704,61.325824485825144,31.58379569859312,29.054293493317374,372.01242105289305,469.1795549706405,841.1919760235335
AutoCorp_05,Year_4_Month_09,62.045212689655656,81.99244768358705,39.21272469102433,58.48316181574428,40.36109920921834,51.96787805261531,89.75635949164106,28.909647362111663,27.546244434876748,22.981601900629315,548.4484264433644,522.6152771545828,1071.063703597947
AutoCorp_05,Year_4_Month_10,13.234804641706788,26.069019584890025,42.98153813842581,54.80312572308612,11.739486782584093,16.812975457880874,94.08737027507412,76.80442530270581,55.44203061251253,78.30791486686276,420.24545135334165,598.1748324603798,1018.4202838137214
AutoCorp_05,Year_4_Month_11,51.90382163192142,68.74714970666872,45.655542244832986,19.492632996096752,21.19315591004592,44.90434809252381,92.47784900788596,12.267918533896268,79.18724182262616,55.055757910053785,512.1606713200604,670.3831103033538,1182.5437816234141
AutoCorp_05,Year_4_Month_12,58.838017123681894,31.436450294205386,72.5920486020876,69.11020942518647,47.227840742677174,82.31838935163431,67.18729211757189,41.934866998884644,15.575186672108913,92.06066011435942,604.966645137902,436.88436972695365,1041.8510148648556
AutoCorp_05,Year_5_Month_01,35.7887126915456,18.949725348341065,44.97022911433112,83.9892844540203,54.357812600270194,91.15966256916059,66.68385889912369,80.21913836820701,61.912712767443026,23.195310144385807,529.8919093135225,587.6281664579576,1117.5200757714802
AutoCorp_05,Year_5_Month_02,63.174993451210966,31.88549718995087,50.38242603602776,44.23780067568061,46.38607725293822,28.312546824783624,46.28895698654405,60.75036289498621,20.728939855651603,68.13351037207354,472.6041211108364,290.36657184111147,762.9706929519479
AutoCorp_05,Year_5_Month_03,12.745022494514448,75.00402386700932,31.378971778689472,79.80506658327947,57.78439105708844,16.027625082274437,77.71580940734091,33.504618925977425,13.281494574305661,30.959123153663352,452.4199223786393,759.5888603254872,1212.0087827041266
AutoCorp_05,Year_5_Month_04,13.361336987429297,87.01268212956572,43.59266124664061,96.80289885107304,63.561850741511336,88.96154078195548,57.81646165158387,72.54578074087429,14.746955694599565,24.108438578647537,542.1686489266981,429.8352838526021,972.0039327793002
AutoCorp_05,Year_5_Month_05,84.03405045936924,84.71978781102925,30.454266453683633,28.338981321492017,10.893143901505207,45.04644450809877,70.9694264105465,61.0651849740466,85.07476973875973,71.50864736415434,680.0522479120826,637.7128531858631,1317.7651010979457
AutoCorp_05,Year_5_Month_06,42.41715772701366,45.74651766566093,16.587633139159927,57.09966680752672,51.768564350815346,58.758486784080695,48.56121134639159,81.66192485107484,20.61752352652554,63.43161579178599,433.02016879027565,212.20464912930657,645.2248179195822
AutoCorp_05,Year_5_Month_07,21.435446138669633,70.12766229135815,64.31037340432401,35.8424162276118,96.71493167988295,97.1259230845683,75.83468176388251,76.1522667570841,14.063622797106277,77.93447125260981,562.4181353629868,323.1122857428842,885.530421105871
AutoCorp_05,Year_5_Month_08,57.001893404932396,28.448586587423886,70.13915186995146,81.35689771304554,56.71290521165938,15.990825512280058,84.20243658440941,64.90971298326112,49.41098984286211,37.85163188015641,570.4672216547297,492.2495265941468,1062.7167482488765
AutoCorp_05,Year_5_Month_09,79.29941977887498,36.383295723491194,65.7541311408653,61.98340292930418,70.97880407130579,68.3486206706886,23.17926309425345,53.93599077797326,85.95941247478223,50.317449074397096,685.8909215825362,726.9514806394079,1412.8424022219442
AutoCorp_05,Year_5_Month_10,29.423892474715885,90.67022366690078,51.71446394205151,67.11241757952735,38.06774721251949,16.669488031738037,84.96367440168052,21.986391310077106,33.61675388403717,46.49245086973766,533.14891080788,516.3530899704062,1049.5020007782864
AutoCorp_05,Year_5_Month_11,66.06014282371002,11.170173115966243,44.18072021613068,81.81227436543047,79.65922403374863,43.79220356198503,58.62668786112765,33.51997160968454,47.95413557733247,98.56805175698628,512.7083277787231,757.9222893763274,1270.6306171550505
AutoCorp_05,Year_5_Month_12,17.68127184943912,17.695767776902127,87.70002846146427,45.63734253962094,79.56293336885035,82.3433090674102,86.01993181812018,47.71895256253767,13.593027930737609,36.30240610654491,537.1257381103239,490.2781379496778,1027.4038760600017
AutoCorp_06,Year_1_Month_01,14.651354905174692,28.70976296314246,56.71736066225962,92.3581061566339,56.916644288872504,49.012500948007094,48.81715357069132,63.93693583057498,50.417066272138825,36.53355145120902,486.46425910623384,494.26945804157,980.7337171478039
AutoCorp_06,Year_1_Month_02,57.82191684113332,12.387898348643773,53.126368986675786,57.9725980521526,97.84124409512923,99.74641185126553,44.11364368447315,56.23370696937744,61.98517725734203,41.909338794574666,599.0574431748734,271.84807310031914,870.9055162751924
AutoCorp_06,Year_1_Month_03,58.657160944909585,26.329189158081757,12.307785922579212,24.21593405518132,21.2995193286388,60.315335645194196,92.35546592655001,35.93660733635765,61.38163483769303,60.813467316128936,445.34311013388054,681.5937464913319,1126.9368566252124
AutoCorp_06,Year_1_Month_04,67.3686911348386,62.473740487272295,40.71230448635407,72.63092063519221,11.525289840062289,38.904593737235814,32.605234079356116,10.581792201073949,39.918402295692864,32.70904698373707,597.1436629250346,348.1792474802375,945.3229104052721
AutoCorp_06,Year_1_Month_05,75.34822003503955,47.92820955332481,44.21760569072713,81.3935215394429,79.31423905813864,29.81001933142778,85.97910927575288,54.66152997107326,38.3979862596822,92.37609463413465,721.4602444048462,739.7674936233891,1461.2277380282353
AutoCorp_06,Year_1_Month_06,97.82668715162812,90.34045399692774,45.894050280721046,38.5085509360774,82.64399836283943,41.54684808575456,53.56185152584637,35.70633897060188,19.59612570429381,33.911700837963714,698.3015288542659,746.4945321982377,1444.7960610525038
AutoCorp_06,Year_1_Month_07,56.46703134710758,83.56992055645968,62.215513230459905,87.14613312988777,20.818650620851862,43.52799463835957,56.268589829613376,76.11474706394816,43.01184885816416,90.62341584041752,695.4920084263999,765.9860671244899,1461.4780755508898
AutoCorp_06,Year_1_Month_08,39.06608256471213,40.76356165280884,58.02422920541906,91.55289292891898,33.90245496627455,16.18423099515649,37.76214533405356,12.155163874343515,18.95452019856682,19.31275572819262,472.29497440835615,512.138293461854,984.4332678702101
AutoCorp_06,Year_1_Month_09,81.56675752918333,33.34810900881632,64.71145835141002,34.921403864002805,11.579712702996602,43.261677948409584,61.57379805571141,62.634503017521176,78.99363502408464,69.09064321596871,578.5086439094234,606.2562708701867,1184.76491477961
AutoCorp_06,Year_1_Month_10,34.374902613586684,44.17231673505402,78.83949353879154,98.51693254436998,36.39777497025082,51.781466776530245,39.26900766485902,94.73268137554588,96.96468679733673,91.62869665944193,539.800842075763,667.1095280369981,1206.910370112761
AutoCorp_06,Year_1_Month_11,49.507427863507246,63.1265448263327,83.16871648444841,22.664037524388256,79.58276865268044,75.04639770149242,13.534247281748709,25.696834040034958,97.30670110000362,25.187449455840657,585.2704699742781,278.60877119027936,863.8792411645575
AutoCorp_06,Year_1_Month_12,17.061074320803936,34.125727674058865,74.6310768603845,28.181410156224096,56.6164474941321,69.10565362494472,34.479874480992045,52.448454167553585,87.85639894378545,97.14942640893295,417.48883954512,560.5743169984983,978.0631565436183
AutoCorp_06,Year_2_Month_01,12.281566907391177,66.17340170642206,95.99713263594413,26.580235531422353,41.328603385145925,73.78890897062388,10.574113906593162,18.227979263542437,64.07129344056571,50.75950243739605,489.10308772013934,220.578740781987,709.6818285021263
AutoCorp_06,Year_2_Month_02,96.63835732101326,46.84704869721164,11.640932440872547,90.45907390070833,43.456536541569726,10.75273136891714,98.05193083511709,66.31137210352173,73.07791275194919,95.1143597596922,679.1670878745907,498.53965003323555,1177.7067379078262
AutoCorp_06,Year_2_Month_03,85.23821084609853,59.68424627667822,27.620018711519148,68.88632970924657,10.121826314392134,29.590065962248243,96.91724888377728,59.547851253660305,35.66852224123727,70.91380392670423,541.5442813724084,292.90560897213646,834.4498903445449
AutoCorp_06,Year_2_Month_04,72.63767854843282,49.2513876221785,10.68065874803279,23.68938549000456,36.98204748087123,69.5515859559871,45.56397677250745,46.66289717915491,66.76933781553586,37.14281828861964,496.4417845112708,309.75375557725084,806.1955400885216
AutoCorp_06,Year_2_Month_05,46.80576499728429,36.50191835877259,68.27272427391426,49.62910765315141,68.18128674741374,53.559043136177245,75.55337689056815,56.923931932636705,51.00845944958897,26.947227242539576,595.3792681578872,419.0285400155609,1014.4078081734481
AutoCorp_06,Year_2_Month_06,25.596488806376122,95.3607976265941,90.82274940549883,65.37682225628218,97.67749994347214,10.478212810151135,41.12254885693825,90.69171926221091,53.38156057992393,37.33615416025894,646.0520796480008,459.4623000299018,1105.5143796779025
AutoCorp_06,Year_2_Month_07,24.079333840397744,78.72452147437848,31.913406691866935,17.511767649044497,86.23547442855096,82.40451781886401,70.39838413773785,27.666487207996035,78.19989043376421,18.37156683364075,536.205648903866,573.9034547193123,1110.1091036231783
AutoCorp_06,Year_2_Month_08,32.52186083481358,22.61018581898073,93.4331090316676,89.41747315666049,12.123546818097621,79.55286159613037,82.48870387413812,12.030806053481252,35.37265200375265,22.94811697089968,536.6280815272336,244.6570510631094,781.285132590343
AutoCorp_06,Year_2_Month_09,59.43039982355084,88.16211783081215,15.424065126060476,82.32431818973816,90.87045442073554,59.357724669420634,95.20806202230166,87.54983962291908,38.62356505250679,19.4194396311833,711.6932449934993,502.2150567424668,1213.9083017359662
AutoCorp_06,Year_2_Month_10,74.31363304300561,53.86880784245623,94.09924241249628,55.46860962189744,80.48785719687633,15.981699319864491,46.01910482647048,61.94053741491158,93.2177612015773,48.0649189367402,681.6045962547352,309.5750781518607,991.1796744065958
AutoCorp_06,Year_2_Month_11,69.41776390459582,90.50970042046822,41.6460418515671,97.04139537332534,80.23385112138824,78.98635445793262,80.49681846604429,90.15926099156582,15.060186536587501,81.60205386318277,742.1351304712458,544.3851050190451,1286.5202354902908
AutoCorp_06,Year_2_Month_12,35.19405072513486,81.98697303525837,19.127874560429486,47.59848813475897,51.21961831032144,62.53422289582276,33.93356055689069,63.72507010718553,53.707086857200636,22.724519879470616,467.7397317284894,582.4427673567101,1050.1824990851994
AutoCorp_06,Year_3_Month_01,95.93787525968747,48.26921540223101,53.72845832676931,98.56992871328481,45.82047636590525,80.37639794421632,99.12990734142835,82.91449809637322,92.15207203670755,21.72883898551023,814.6894288244042,534.0255539317122,1348.7149827561166
AutoCorp_06,Year_3_Month_02,76.41072250261917,12.022237748810566,33.109891094845715,70.11279989232644,37.26241559498733,77.65722931562564,12.319263888791603,48.67060270196332,64.93267070363413,67.90860545655977,514.1597092152714,642.9773062869846,1157.137015502256
AutoCorp_06,Year_3_Month_03,59.891864726026064,34.180962344645145,35.638561176573056,67.12041459285473,15.91253730589292,82.27018647620534,64.31759258510088,77.48739381594419,59.176636679091885,27.746468377125964,536.3284281268275,401.3655465445408,937.6939746713683
AutoCorp_06,Year_3_Month_04,65.05486716109169,58.747079319478026,37.65609684336579,24.935940576620652,30.54118271443292,56.62072597641623,69.35553834861943,92.17373202008704,32.47697613064197,18.784903429809244,535.3000559861666,659.0639549798785,1194.364010966045
AutoCorp_06,Year_3_Month_05,47.764005618501095,67.01303978435325,82.27233080493971,89.37349824741796,32.19432714802221,22.62920663741635,71.9241001366716,61.49106673499857,40.89479401580034,25.016372038501988,614.7458496475421,459.6602490249162,1074.4060986724583
AutoCorp_06,Year_3_Month_06,32.29578905510417,33.20989168898821,58.52451490077291,48.474071912855365,53.566936273918145,70.40417260417198,20.83488209101801,26.27066355061416,86.68435742242237,93.13582562890986,487.9547787931922,490.5106989935581,978.4654777867503
AutoCorp_06,Year_3_Month_07,42.03754107861354,22.54204666655417,38.01769292404033,24.60100652042314,77.26999659370246,65.84264065467735,94.46768051258174,34.19178535271784,60.32963185916123,83.93241274985718,461.83373737694035,588.8612763566429,1050.6950137335832
AutoCorp_06,Year_3_Month_08,78.20614994179321,85.14372131193691,64.93004049798265,11.134676797818313,52.64288455581519,76.80278684791784,26.306495114507452,27.87801192076652,56.32679743811019,41.865810611958466,598.2767405157579,211.01503039953437,809.2917709152922
AutoCorp_06,Year_3_Month_09,11.295413976678027,98.5961962633197,74.45356068008742,60.37801152745443,15.206000450244455,25.289290544566178,66.04780629158569,32.21713248361596,18.962174218602605,69.02386905946535,517.882394927684,592.396532852149,1110.2789277798329
AutoCorp_06,Year_3_Month_10,20.446537645622463,57.312116407241724,34.53616006601804,57.46596599104087,96.20108208893835,27.54776799102603,30.040847121077647,37.57739044159327,11.442534080961082,58.354810630123424,434.4739054601487,571.1510894432693,1005.6249949034179
AutoCorp_06,Year_3_Month_11,14.140237781957747,25.451135726347317,47.21941913728163,74.74182601322427,94.8451887184701,90.13685654973956,37.649477531914386,59.96204080778696,96.73166698183442,70.94118371343075,497.7617109355316,385.908270051968,883.6699809874996
AutoCorp_06,Year_3_Month_12,13.665592208707313,34.50765938674321,20.96974840032528,90.1232247716022,80.66705888335676,77.49800186068637,59.18126875553119,62.91924665174495,43.92875505581575,71.44040372164834,515.5713257214383,251.4765709396937,767.047896661132
AutoCorp_06,Year_4_Month_01,86.99145256099065,11.655160889272006,26.303441458121227,17.146592617872656,99.21951114077986,91.74056398302906,47.547407670811886,48.3849772517675,64.28917558895539,66.58606135539937,564.64485712282,254.56126994782468,819.2061270706447
AutoCorp_06,Year_4_Month_02,73.32920734420213,92.28689259044491,71.30060685684845,75.83468413063261,59.00340995202367,78.28437890475287,24.420304087885565,65.38787018387518,17.174356586855648,33.94912316835777,747.3046759330801,753.9342481911372,1501.2389241242172
AutoCorp_06,Year_4_Month_03,52.67564461785927,20.597597460112702,26.329451292606425,26.8670749687824,96.64915152278854,63.743977539127165,25.384276217876348,17.341743305022934,71.48028571507419,13.51057786865363,411.1951623325591,613.5675927355023,1024.7627550680613
AutoCorp_06,Year_4_Month_04,18.805074458590134,61.88648279628282,57.26470453003542,87.23593478414476,16.80445365550757,68.87194633250863,47.63303093465197,17.900941335234396,93.93100378353648,51.00101037910979,488.5343692154495,276.26156826244426,764.7959374778937
AutoCorp_06,Year_4_Month_05,54.24542876051491,34.66496986184854,73.81416355501895,83.71571624754905,42.91126734352342,90.0215131546009,78.15546804479507,25.46465143218926,61.80987276976777,90.18764962216335,639.2380826361486,414.0339015853438,1053.2719842214924
AutoCorp_06,Year_4_Month_06,52.61245937025091,59.87602022642141,19.618923078526947,58.671437948698994,30.284314120608926,62.09260790607465,90.81681821630097,56.62697482363103,21.35037901378695,61.254753266671834,481.25214916105887,555.4897963409578,1036.7419455020167
AutoCorp_06,Year_4_Month_07,25.58816829190137,68.62783495166778,61.058099766601316,73.92185187609803,27.6249775720843,66.91521918955488,17.571489603344457,29.25952108284822,62.3549374726129,84.9151937531717,505.7303194251039,701.3430230543893,1207.0733424794932
AutoCorp_06,Year_4_Month_08,49.04664843141757,84.67676233364814,33.09065053312274,38.29151018653735,22.672265400340848,24.08290444032405,45.3793516803461,35.49559631433196,78.97124917941872,99.24619086651053,498.5969512081012,226.1965572278051,724.7935084359062
AutoCorp_06,Year_4_Month_09,45.86542609576361,28.577914458454288,96.66341877138218,52.405110903953315,66.0172277409397,52.652909810449245,19.0221007350589,46.028155255569466,46.57748829166168,24.725458372444862,542.8391316123435,341.9798788820053,884.8190104943488
AutoCorp_06,Year_4_Month_10,65.42650882469948,10.989624579263243,53.51910820479323,83.94732079394245,80.31896701725745,74.4757400762289,11.49332325693381,83.06795116093419,89.1853973147321,72.2599875227784,624.7975924220113,733.849394177228,1358.6469865992394
AutoCorp_06,Year_4_Month_11,67.15842857808795,22.319706706192655,82.53932947976423,51.33386774558925,62.04685594783246,34.384842848472886,69.5546814379561,11.24759223215741,68.38146580216281,70.68642163300223,581.327263281701,205.4993301102899,786.8265933919909
AutoCorp_06,Year_4_Month_12,14.077360879484006,91.00167776632946,59.52038879406356,42.20184387928976,23.22664386293887,28.202876247208142,64.2204497769929,68.44409382129601,90.93240264602822,98.19599026224506,538.3218745599931,320.83946167633246,859.1613362363256
AutoCorp_06,Year_5_Month_01,43.71513531638241,88.65010698062638,13.907127956933724,54.47912025252699,83.00113929401238,38.244412740197404,24.67172024333976,70.19888779366168,66.11547801226035,98.70406605575204,519.829969646989,775.4145055837796,1295.2444752307686
AutoCorp_06,Year_5_Month_02,66.32739241428128,63.76717919532775,66.98362380346201,84.54243271934965,67.23592364473556,31.73505651935501,31.04315497837577,81.87902023209729,21.81591748043418,71.80107505517165,661.707436760374,568.0411079133027,1229.7485446736766
AutoCorp_06,Year_5_Month_03,55.28226327220789,64.0465174390288,95.62630079859913,40.16872426337855,44.934913551429595,29.342137333275627,12.133697828006653,93.94776451542819,37.87225399946702,31.925331278397483,593.9595364860736,357.00281998250387,950.9623564685775
AutoCorp_06,Year_5_Month_04,87.08408570694901,69.853300709163,64.1450638131698,25.63854338221694,70.67172659824567,48.23657585812782,85.14524851249634,11.812406405436084,28.161545342721123,81.87002543175392,638.9865137000481,240.19465663750856,879.1811703375568
AutoCorp_06,Year_5_Month_05,69.28242684570506,25.783415076110465,83.72699734841112,74.08126182977027,33.39144813185496,91.70546624951807,97.72215364436963,23.840533496189458,91.79438479451761,19.63262207899343,691.269470770462,216.91480426833328,908.1842750387952
AutoCorp_06,Year_5_Month_06,24.664098437328672,92.29707513324638,89.5785817013567,84.33803914372736,41.06729876447895,55.63536820648464,22.191358311522173,89.75541646503937,78.43600605587343,80.26293737544658,707.5595739177371,346.8470477821563,1054.4066216998935
AutoCorp_06,Year_5_Month_07,16.351187266038686,47.68934724028658,30.527179475403923,19.057373067118,92.57372588187911,26.912834273379072,30.832769238876832,51.26667059683138,70.87585320190055,91.91765117302268,380.72148833673486,728.8914917533463,1109.6129800900812
AutoCorp_06,Year_5_Month_08,67.8177350385684,44.48246754245477,29.0840355917404,31.588670148035025,36.145405510427835,16.927450244278667,88.15685715522406,60.81315750401171,37.086968766845956,44.45500552915917,512.789251490586,449.5481925785057,962.3374440690917
AutoCorp_06,Year_5_Month_09,12.386017948745963,56.70259347545538,64.98828899658926,22.77747907848945,52.298944134214295,72.65405306241327,93.38174181605663,69.67244833508326,26.564029484519217,66.75717654847725,481.4527182492467,632.2000214995958,1113.6527397488426
AutoCorp_06,Year_5_Month_10,62.7198023146117,14.226937009754954,46.99256228260342,41.31472704239499,90.11270236564131,44.451888799274904,47.76646445261293,71.11599440460736,78.08059791900206,48.71284588871437,511.70384374446905,750.9710212279747,1262.6748649724436
AutoCorp_06,Year_5_Month_11,94.62072172824618,24.965503188047148,85.58751725800484,50.53158810148714,73.69492152407747,83.96478519268233,14.55602250421667,93.85663629848574,52.67421512911717,49.39885494893156,648.596775798634,444.82427696169,1093.421052760324
AutoCorp_06,Year_5_Month_12,61.792676008829105,76.42302547837333,91.002081105821,77.39437032669758,15.598290354823249,69.35596917766932,13.545265032353747,99.72544756705027,30.32105969355662,37.933380019730805,652.1286255540167,314.76642262243826,966.895048176455
AutoCorp_07,Year_1_Month_01,44.935293358586975,17.45188011326138,41.807924137244626,68.60328263935068,23.257273985107332,81.66173054872317,61.65548794621094,74.81417148378462,65.49597803487475,78.59166584052922,444.81712935537945,510.2707585141517,955.0878878695312
AutoCorp_07,Year_1_Month_02,67.89593965981179,64.28368985197494,31.318350307703387,65.8835710730588,10.705743169472514,34.47514354766039,45.36055980038611,35.84990882846357,13.630046692460677,94.25589077498546,568.242770195887,744.8502122359126,1313.0929824317996
AutoCorp_07,Year_1_Month_03,51.2427601442365,32.081419871318886,80.24729637194757,41.71374519486889,66.7829611206247,72.31230302149524,12.578718481988906,89.17771620649093,39.35532287154282,94.6675773311015,552.9095175718008,682.6246484826204,1235.5341660544213
AutoCorp_07,Year_1_Month_04,59.105511038434145,45.036605263777886,34.73254319933225,85.7302797776284,50.29060828693765,33.76557862243469,62.49271530813011,14.429882308668544,52.17012951320212,25.730315638744045,529.162291848181,239.49790601789226,768.6601978660733
AutoCorp_07,Year_1_Month_05,94.73183278988726,35.98243630936299,84.03528866623105,52.41584506583481,22.084736581204798,94.51616315052624,11.017228293012023,30.79727675870466,23.316250069846525,88.72692846909095,663.9741360185719,615.5436800465491,1279.517816065121
AutoCorp_07,Year_1_Month_06,44.74923740206968,42.01054448184542,48.13644282838865,98.11944442136391,96.21407089510934,67.2736853380037,80.86347623343457,90.76471457173434,98.61890298317556,76.36882972844099,634.3428662251891,543.1385134753723,1177.4813797005613
AutoCorp_07,Year_1_Month_07,96.50715074415228,74.71413146658209,70.07949093623233,67.07279244661632,57.66937515510579,39.20606201578079,37.57895404330344,33.05723629954194,28.818762813065284,32.75536606212603,698.1691494409438,744.4779058078553,1442.647055248799
AutoCorp_07,Year_1_Month_08,91.48155777604573,36.74095440608575,18.59817824512014,21.363826740805244,31.770396470160026,34.25606760630454,13.623220270830888,29.858595365957363,21.7317817038939,16.05561516293631,458.8702883993151,273.4888501101783,732.3591385094934
AutoCorp_07,Year_1_Month_09,27.62120213103668,60.976417626720746,66.14733922089158,70.85598058678906,55.05432140392368,27.183392656447914,62.9516998884838,22.43127638262225,28.318138649820675,34.11975401959402,540.024357997363,520.421667922794,1060.446025920157
AutoCorp_07,Year_1_Month_10,16.24251707876489,52.84453619791897,50.65909108635062,39.25936138885291,71.1658299461597,72.5176863004355,45.79159729897492,87.32005818822249,79.21550198437518,92.0987413103373,505.7841597053467,727.6776161071353,1233.461775812482
AutoCorp_07,Year_1_Month_11,19.070020123968398,69.73040488263834,62.79476168579267,71.76944770174876,16.861529617620803,29.684405169813456,97.64203720214346,55.0052433271978,48.295509334465855,66.98608074061951,515.7187714286383,446.0142720450458,961.7330434736841
AutoCorp_07,Year_1_Month_12,11.639964308639476,94.31467653922822,25.12127869703771,16.267703334616517,34.72334335431028,63.57729393347402,58.977879625333195,70.74038827487394,60.88743457772842,74.89491948080847,441.2471342576924,489.1969506397202,930.4440848974126
AutoCorp_07,Year_2_Month_01,18.499866468033556,75.93148874892253,76.31863704497638,25.739329345836346,82.62689417955943,33.81715242328216,34.771526293330744,31.51597456675267,11.890824128772467,33.14371159981863,497.34446470554735,242.276406600175,739.6208713057224
AutoCorp_07,Year_2_Month_02,71.47060960747211,29.34463407316811,87.65173697889057,87.01635330152077,51.36983833623951,69.57720503144817,73.84949781705774,78.22363789100949,13.09881777159831,74.74493400173382,689.5055189662385,366.8861842693465,1056.3917032355848
AutoCorp_07,Year_2_Month_03,16.40697836142061,12.80648215551562,29.506582008169808,30.44616013211634,59.191942782906544,83.34457556864852,34.43428022884402,78.40049904658886,50.124299484431454,12.530935565013138,321.4557451498901,394.70398950136837,716.1597346512585
AutoCorp_07,Year_2_Month_04,38.70780672643852,33.60376398698426,18.614309996814555,85.3337012718646,48.953440198852235,80.02227188301879,91.38189622668087,38.13382224174701,83.49897188814612,43.778921119571244,517.7573242596708,767.0734692469322,1284.830793506603
AutoCorp_07,Year_2_Month_05,86.03877798725091,63.55701376302294,12.127472744170277,35.134847960896934,13.95099483787046,78.47661978377036,43.72497734566388,46.961436970925455,89.67149908368087,66.4078013688098,532.5716352582365,369.6004163246954,902.1720515829319
AutoCorp_07,Year_2_Month_06,12.094474216224327,14.628323213582531,67.77743503989393,67.8593719052837,24.917480183814035,26.895016512302686,59.48817064985847,28.872124968718076,17.80359108360762,23.14869089871882,352.36828995945865,476.5212411617912,828.8895311212498
AutoCorp_07,Year_2_Month_07,83.30216343300422,54.67296224811127,64.63846324799027,72.47355161588479,50.09874748677018,17.954645228606683,14.551579344180597,97.89049209906139,58.45267918909205,84.07032170022413,633.9633108989518,602.7826541385679,1236.7459650375197
AutoCorp_07,Year_2_Month_08,35.36692972960599,63.71585640252003,59.2027671442663,56.13892778305476,28.826691886713505,72.9053945638647,48.35091141570077,68.10423193525705,92.19067176513434,31.15281689307268,625.2375275599878,297.3100234447264,922.5475510047143
AutoCorp_07,Year_2_Month_09,20.634834485949064,40.08195017352647,30.875238650437787,37.47796090270582,14.498112579371085,43.15124924149162,84.91271856948954,94.1089492643964,44.917547895809776,68.70530015366016,386.9388969429107,491.8654322851247,878.8043292280354
AutoCorp_07,Year_2_Month_10,72.70634488277355,79.38209833712398,45.18153963149632,29.13799387339865,85.92846976466413,48.911160376301254,82.50839248270077,37.30469892662198,84.66092482855318,46.467742831779674,626.6695230132595,643.1234236855446,1269.7929466988041
AutoCorp_07,Year_2_Month_11,66.60485621018955,19.593842782039463,63.50287016675557,12.987041910618359,98.30732762477042,12.803418351405195,30.188670296817364,80.37018216972008,22.03260889594926,63.643923592988244,498.392383265062,720.1131278162396,1218.5055110813016
AutoCorp_07,Year_2_Month_12,88.97248121743476,16.762400356222788,54.709017297325246,37.355176111665145,81.38285865970656,33.361880434754426,30.347116390950642,78.92727794962678,94.18550407010189,19.670549736601732,609.9031542544171,575.755564797456,1185.658719051873
AutoCorp_07,Year_3_Month_01,76.15639394234972,75.5369880583243,98.90069681933986,68.78465114781548,86.84064295342003,13.030876348701762,83.55747809919131,72.24900866798873,77.62809857781724,11.522151992944659,837.8508997494471,601.4321091901687,1439.2830089396157
AutoCorp_07,Year_3_Month_02,82.31328373463637,54.59421845855786,22.27957773010598,94.44743366036344,31.777941728534085,89.12671953411228,93.7358578152393,96.90750777401203,94.72009535082115,91.8607984642271,695.1523746170996,275.7700835507414,970.9224581678409
AutoCorp_07,Year_3_Month_03,35.38311153141758,71.95621567849625,72.56300986428344,88.40840340367468,96.45642779618798,31.90570148966774,18.58248291457032,45.4199802495684,70.89555101972559,34.26670078904645,571.4847314750696,767.4658983478083,1338.950629822878
AutoCorp_07,Year_3_Month_04,25.969558940175055,49.13446047433716,46.38868912938629,78.94582988817723,27.723313400808554,60.160345261570725,50.505277548360276,21.764559123078158,42.70635387994843,83.77093025024132,482.28244751454196,279.54444649068944,761.8268940052315
AutoCorp_07,Year_3_Month_05,77.55532764767725,32.17618299151961,48.53796534330533,80.96026089279688,95.6286829325649,13.508138859501738,40.370885106780605,70.45379733196546,94.43630552722502,99.94152704249802,594.1104178618516,664.803762309079,1258.9141801709306
AutoCorp_07,Year_3_Month_06,82.61512653405376,83.71920859067798,74.58379890923587,69.84864131283958,99.5337364569356,70.01626521750923,88.36196099116954,75.63788204294856,34.80100986782607,29.028813219902005,822.024187105786,358.8897930669913,1180.9139801727774
AutoCorp_07,Year_3_Month_07,99.1454627800606,81.94742910720814,72.31925361919326,33.42581718094027,74.05505251714439,39.07246111786844,17.51724232120169,61.75545161129332,39.89552698555593,33.865366706502,716.4808433173205,760.155886220751,1476.6367295380714
AutoCorp_07,Year_3_Month_08,47.135590922028385,72.52268237689842,99.21303943319695,91.64755276352469,98.30293586126398,90.81272682618993,29.001334830223367,28.613610382005664,73.07275762015664,69.65738088711991,741.9972268153377,631.9757236216877,1373.9729504370255
AutoCorp_07,Year_3_Month_09,43.481627721350485,34.49306235069665,21.55548605087127,70.36590807152507,61.25858016103933,89.93063700406323,77.72215038278449,55.40103475024198,78.87846695728476,96.89037711405591,555.9078120478129,652.2882277870214,1208.1960398348342
AutoCorp_07,Year_3_Month_10,79.87716646677971,63.12076001821784,19.36986844457497,60.439656788239596,33.35876048584813,39.2761556525573,14.616446408309402,38.09707629122165,93.64631354642384,92.42329133716696,532.512709540504,331.43550383593,863.9482133764341
AutoCorp_07,Year_3_Month_11,40.672318622771606,42.48765072460241,75.1904935415867,19.989052229213296,49.32962970990588,91.08648061214211,54.32818426428604,48.471987535002015,28.432216815058855,55.25879680590264,507.8479590048393,465.8239859810965,973.6719449859359
AutoCorp_07,Year_3_Month_12,93.76815930432082,18.242386599397072,62.05482253057682,50.23499894257829,63.42048418409074,99.6541906148901,49.7896331211748,68.06967182601974,81.81982316973016,81.55992542740522,675.5238106638126,570.6879167535719,1246.2117274173845
AutoCorp_07,Year_4_Month_01,87.25714766587106,92.55822179160185,34.67445999038253,51.43224440817337,16.577340582431347,84.28740977115532,40.09610610898738,77.06932684217512,76.46914480572671,22.217126778991094,693.9673694621331,661.9841709239606,1355.9515403860937
AutoCorp_07,Year_4_Month_02,48.609462463751655,22.313676782706526,17.147743209008794,87.8107248570403,66.01089381555215,86.03842129797061,45.51150837870314,30.90022218112088,15.741510062823808,97.96943657836111,492.31171757262894,262.37562554743374,754.6873431200627
AutoCorp_07,Year_4_Month_03,77.57839610123476,95.52136184387221,17.70924246367875,59.19833981690096,98.3060053086065,32.41078624981809,57.694652823720965,46.4792824582258,44.85008270891863,96.79179106323879,693.3977228516346,777.4191898727171,1470.8169127243518
AutoCorp_07,Year_4_Month_04,77.90885866762142,50.140519566216014,90.47717871977065,44.23604940733687,27.109688480535485,61.903215897198066,24.523062254954482,34.224541389246625,35.44889113540887,24.735606209125386,636.2664090914869,734.1324023327336,1370.3988114242206
AutoCorp_07,Year_4_Month_05,19.281148195233936,26.66196359547577,27.268059224686862,97.91202956595934,81.33356046595449,16.05303225706311,61.47962904552335,27.87684524756822,37.404138191862735,36.94808123227959,432.59757306951275,362.2091542973506,794.8067273668634
AutoCorp_07,Year_4_Month_06,91.229761601161,58.77108526405223,39.10344059039687,19.96485339936841,91.71089144016574,18.542614313950274,82.48890963699877,80.50484979962546,98.46521915992308,19.013949775609024,682.4080707535575,693.6561458193992,1376.0642165729566
AutoCorp_07,Year_4_Month_07,55.472713520307146,88.56512522887675,30.399076200428922,48.02935854807502,94.93314335381987,99.90033508299615,78.41448368111432,91.83274249932931,67.84996721319351,34.45458390083617,660.975612883366,510.9943538238941,1171.96996670726
AutoCorp_07,Year_4_Month_08,84.38117194969675,75.9002397768605,41.94966752487436,13.782220765426477,96.41220439649025,39.39753244833199,23.85099142243963,43.32089671161191,74.59085420141496,83.4360210473686,634.0832220104178,477.0838889372112,1111.167110947629
AutoCorp_07,Year_4_Month_09,38.804464092755055,82.59050330753047,16.248145847148404,76.59137086902373,56.93136748493247,77.33655208439617,23.43245227673265,77.61510319363902,97.89558735835082,44.04840464487335,587.48160280808,388.66046348684324,976.1420662949232
AutoCorp_07,Year_4_Month_10,90.59709056465805,69.29050300396456,56.715381181744334,92.62688969792356,97.95771171923533,82.59985477241348,34.1356930970422,90.72957604279699,43.94816042118748,17.955727043208256,833.9104420318016,548.5811519789554,1382.4915940107571
AutoCorp_07,Year_4_Month_11,45.02815108607468,72.30489080660672,16.085130723299343,35.20335965954405,78.1579186420995,87.22209439065062,42.49672537069335,86.15117894772084,82.16561516075254,40.80029723010141,542.7345917698733,637.9334706221587,1180.668062392032
AutoCorp_07,Year_4_Month_12,10.975388633226853,86.42760864087873,82.03208570401254,87.25075091192087,24.55042926132657,99.78654676619409,46.76100232676343,26.453204968530333,49.107786697404585,98.32450008171521,558.2524030634615,446.559742977655,1004.8121460411165
AutoCorp_07,Year_5_Month_01,91.48437787773373,32.470120797326736,31.034087371938973,36.2996407415708,52.9210095821173,31.734683673118106,71.17274951500107,96.06626933620252,88.25803046334818,66.67152357332827,580.981942382573,577.5315158049752,1158.5134581875482
AutoCorp_07,Year_5_Month_02,18.21580091075202,54.04824672788264,58.601072314405954,91.96931454795237,74.64980578348036,13.631574417372974,15.101238894925187,43.900879638651624,26.259178718017285,47.4544851765542,486.78083547366873,619.5877526931822,1106.368588166851
AutoCorp_07,Year_5_Month_03,38.73822738313734,29.908849763764202,89.20711788053124,77.85657132371055,32.2606284237175,47.00723661951274,13.120543380345975,40.531659505645266,95.29175593578516,24.9884662147543,544.5882921853502,626.6730902091715,1171.2613823945217
AutoCorp_07,Year_5_Month_04,95.50557703457244,98.89012071969823,68.57896321424747,82.44160991572947,67.65536651939986,21.707260284605226,45.27195066495181,15.61881945500023,29.68945375697917,98.75591175553254,758.869634857445,231.17965887870815,990.0492937361532
AutoCorp_07,Year_5_Month_05,95.55464322438004,94.9653405717952,57.966200789620174,11.620590004040904,69.99404311419573,12.018330024584962,72.74473229241823,53.75562886943947,39.359845628283836,83.87641083368159,726.2838161949096,715.8486834110402,1442.1324996059498
AutoCorp_07,Year_5_Month_06,61.60940993109575,13.54841302316553,39.190037780383804,96.65293213666233,24.64297694277093,42.43841444273375,27.40918086608343,19.811225407683583,78.05730106961025,35.33295722058274,480.308457893106,474.95198885902875,955.2604467521347
AutoCorp_07,Year_5_Month_07,66.86534909528194,73.50176552641196,39.97017217523781,75.40038928632909,60.85767812074806,80.53644259677128,67.73540331306265,32.36858388346834,45.437962740886604,16.30618261490705,662.0640678776905,357.4496490177287,1019.5137168954192
AutoCorp_07,Year_5_Month_08,50.36009697804878,93.27234856740992,70.25382596783712,37.427598584752,79.44642198807469,60.95626221025638,33.38453241462695,38.52483595905532,64.7390239089802,15.096300163980223,638.0795492197291,345.058704487809,983.1382537075381
AutoCorp_07,Year_5_Month_09,36.388969452825805,26.25178106146002,99.47254250990508,84.64551983729622,54.900609808234776,38.150019028931865,89.74774979321647,82.79436911425157,50.01161509624856,20.834033455498044,623.3299209135677,489.80846770637027,1113.1383886199378
AutoCorp_07,Year_5_Month_10,39.57980908329243,61.11507074973665,69.56552708644408,35.3369078573437,11.089280509849669,68.89078049434477,90.61209498399549,88.79397853563069,76.81329433808037,62.26917252529795,570.463875399868,732.0989236813755,1302.5627990812436
AutoCorp_07,Year_5_Month_11,70.52666104693346,92.39394678292376,60.20050756330224,88.54784556095152,10.813462217136296,30.881636227792963,36.75584838531938,37.22196857153227,30.549812713174976,93.58870790849431,710.5878210523202,427.00854900958814,1137.5963700619084
AutoCorp_07,Year_5_Month_12,77.7137076493912,13.055138072721896,75.75854592153215,20.132235137074332,42.1326409573011,11.294330146487653,30.699437856691645,87.28283091201165,15.26121885131893,54.706908520538605,466.43351362670023,649.835448070126,1116.2689616968262
AutoCorp_08,Year_1_Month_01,81.24211393532637,72.76782405221559,51.86850510553463,73.33173797147163,93.35746615886038,78.79180477927846,47.017357485960815,87.15078436328119,36.99364577257596,85.86509342105775,775.6562313402055,258.09123859233114,1033.7474699325367
AutoCorp_08,Year_1_Month_02,81.06563285150985,36.761410663529574,15.412810834070669,58.66286289804193,30.580910164324788,66.13687763776082,31.647842666213386,78.81858553463861,52.687779838158725,50.129795787382704,523.5458981874906,485.63402129063707,1009.1799194781277
AutoCorp_08,Year_1_Month_03,18.208549274382133,93.19565758388774,60.60671342901188,18.688102317589674,67.09273199845185,78.6072362050864,70.51454589625334,23.202560261366337,25.12180469734107,73.77251911910427,502.6489746365796,795.0116842356414,1297.6606588722211
AutoCorp_08,Year_1_Month_04,54.49782742323233,97.39524206488309,96.18627560548421,31.770444543295508,29.986828362398853,13.504421501889905,84.34582160934569,72.12905622106561,41.93175606907498,75.86854635578507,653.0099981303567,662.2626816754022,1315.2726798057588
AutoCorp_08,Year_1_Month_05,15.180288401497986,94.98398402020905,25.777264812189365,11.11636326495833,38.950299069359374,85.34076650475869,70.57829178200953,95.05216581225119,45.998471646421166,25.65673353130048,486.03739835949096,326.3170930643678,812.3544914238587
AutoCorp_08,Year_1_Month_06,59.4575994091362,52.67927949917174,72.10044017385991,52.189116891805526,86.32378806413355,65.7573580032673,84.19154025244146,71.42864308904413,15.165265931944619,42.50944530782306,751.808682653498,500.8648842187464,1252.6735668722445
AutoCorp_08,Year_1_Month_07,49.73774512360393,87.58383858903821,28.084031979315082,37.11387346840003,75.59752980429522,60.70558156413761,45.72929459867267,39.845516419705056,62.49765233657841,67.35719408842215,567.9256981400583,340.17485818913997,908.1005563291983
AutoCorp_08,Year_1_Month_08,89.89337644824698,86.00944586815633,58.22449160257732,63.852173586798294,18.585934958188957,66.21526433030783,24.06852736379748,55.052138568774815,89.59090851741587,16.362694736592957,670.3925602131372,445.73655635750555,1116.1291165706427
AutoCorp_08,Year_1_Month_09,41.58235112968708,38.71904259189301,18.700880468204765,36.751402693775546,48.58318188877902,87.79899221815276,76.41558526578329,68.11525390159483,23.65686216577472,42.53861689866609,475.77792112511133,668.0504142409789,1143.8283353660902
AutoCorp_08,Year_1_Month_10,20.536031478484528,84.60239267356096,50.53338426323666,36.99272003562862,12.625278728073802,62.824285590301635,42.44270546273985,55.951336785565324,63.80272120613626,58.13195196530732,405.3948168943928,662.7348891742422,1068.129706068635
AutoCorp_08,Year_1_Month_11,22.869251384755227,13.330687124394336,78.05469960057215,76.8873878858443,53.28011319427081,62.285534189936136,70.41437427062192,20.795764755787282,69.82652844197617,99.66020437401748,476.07487039463393,336.8602267414311,812.935097136065
AutoCorp_08,Year_1_Month_12,78.5359568545725,63.66428906338477,41.28143718150839,14.33285523805181,69.61906105309612,99.16112413591893,34.35795477835891,38.08576401868186,47.74012123773595,52.70802063601967,612.6085914355622,753.3339908929161,1365.9425823284782
AutoCorp_08,Year_2_Month_01,65.6396256984635,30.700795355893273,69.84205520384963,91.26054956727886,20.66523612383364,78.10571503617112,17.31066713260054,82.21564274982693,73.0987828627843,83.44510814028912,628.9069061806644,555.5409096588961,1184.4478158395605
AutoCorp_08,Year_2_Month_02,19.101040851051124,20.851019719955094,81.59049647107562,86.70374869520633,35.99964450182491,49.80644249060217,99.33236159389871,87.52762414859657,46.96583891419108,48.8860556559956,547.974571776045,427.95457457720875,975.9291463532537
AutoCorp_08,Year_2_Month_03,17.569612550349767,16.925788146628825,93.44600375315073,70.10242149037659,45.805296295194125,73.6657300029635,24.058135713753934,22.357002944401323,55.41735591796914,81.6751650357738,436.47147894560675,501.1613484685164,937.6328274141231
AutoCorp_08,Year_2_Month_04,73.08722183132079,72.66598982903258,31.117787366990818,63.389941309664586,92.75779221904448,45.03074245226097,98.95788945671329,95.71480771588521,10.661774009898428,63.587332145809754,695.4693156814751,563.0427520626463,1258.5120677441214
AutoCorp_08,Year_2_Month_05,16.548670572777418,40.58874673912595,45.938432422837735,90.3072248325687,99.39295138806676,30.59879162351491,97.95519393098026,39.59403560637484,72.254810272122,89.79358973521585,505.94792951533356,535.9343191074713,1041.8822486228048
AutoCorp_08,Year_2_Month_06,83.96740533613206,75.22900943758853,23.71744119973757,26.6797161575843,14.042016909605426,63.716668919898346,81.44362935172357,69.60823648576479,69.5208411050252,46.98482971150989,573.5604191058131,491.84302132170694,1065.40344042752
AutoCorp_08,Year_2_Month_07,73.56180044408467,15.882070671904813,99.32351519425377,17.107224597174575,78.49071311458529,93.53638883025563,69.34806658737978,77.6642631361013,13.45607895937101,64.3873977839331,650.7478001436841,502.9596824536401,1153.707482597324
AutoCorp_08,Year_2_Month_08,17.32139025777098,38.37613040475493,93.43008711318657,31.55591529185843,43.45516597621089,93.62255680139165,62.002634522597624,83.07516111740951,43.14250966556198,66.70168125569447,471.88484002816836,305.8471462567317,777.7319862849001
AutoCorp_08,Year_2_Month_09,17.635394267667273,58.55421631378035,58.59614172525036,81.51204508301713,45.3212367606532,40.77147502949413,87.94913908400513,95.1174732003337,98.11286567125006,47.5644647620426,542.7784240024405,687.6397425828077,1230.4181665852482
AutoCorp_08,Year_2_Month_10,98.7975620651058,81.16508483550672,85.78299649387792,13.120324005383498,77.88384760123205,57.490971959952546,36.04955694575391,38.162759322594034,47.86629063117551,22.988083931873337,709.966816911869,525.0561919646093,1235.0230088764783
AutoCorp_08,Year_2_Month_11,43.68437161805083,38.68772526388629,56.8862179544838,62.45261515751407,92.65837889308678,29.047230871287507,52.091309123638936,87.26558090963991,55.17508646186575,18.420346622110202,576.8940659232265,278.64791702282184,855.5419829460484
AutoCorp_08,Year_2_Month_12,43.357793236020186,66.33022387933082,66.12271192024838,99.5893764572179,95.58357350522935,99.6067998548995,65.74509724298517,21.851821309258632,91.89371423437467,11.500439553966979,768.979273711259,659.6942609496668,1428.6735346609257
AutoCorp_08,Year_3_Month_01,83.15196105317523,89.73799734125684,18.021198890441497,87.01264844537855,61.94103274344887,98.30061170811422,47.007142828254196,73.45368157182335,74.55356882791807,88.61808378206932,711.0174605678573,759.4663870264105,1470.483847594268
AutoCorp_08,Year_3_Month_02,95.25237196454728,65.42768693640741,77.97433784471271,56.93011201392305,42.14090433704526,68.45580367367026,48.473780868124116,76.77799565625872,62.38631180118012,31.28274210148251,692.5804127388124,768.3841395421773,1460.9645522809897
AutoCorp_08,Year_3_Month_03,98.74009574405838,30.96635272782704,21.494213527171134,15.72768183579781,80.87941772729013,82.3972653709726,39.72562007518759,70.99509170811885,81.80242132069652,29.035607435359125,604.3490616792262,421.4106394467036,1025.75970112593
AutoCorp_08,Year_3_Month_04,77.80403667330475,12.196070340088422,84.34608672272755,84.82361629471389,32.59012449360702,74.359014515533,60.780863501608245,32.70832625216377,87.79296398103759,76.2431860383459,638.1182220241152,281.31012413645243,919.4283461605676
AutoCorp_08,Year_3_Month_05,43.86336269778242,88.3088986510837,80.38252789033473,63.90806573594895,60.7666625950166,63.384239713552134,86.55170752136044,88.5738832313683,51.119926456354015,38.801450177865256,712.8935159607239,511.0397759798391,1223.9332919405629
AutoCorp_08,Year_3_Month_06,17.51506450288019,11.914246976534843,73.78702279686789,20.343969735361014,42.272061537238585,14.801319729000792,28.137554020568157,25.19726170333555,52.759752843865186,55.54402231706529,292.6759629759082,267.5655376095324,560.2415005854406
AutoCorp_08,Year_3_Month_07,79.94322243346932,88.72315054157795,13.254434247228591,18.44715563410206,69.09679663370885,50.9287908297395,94.09897348780973,14.827131236874775,44.74458420866522,24.625995876771064,608.093482332214,760.3924511075703,1368.4859334397843
AutoCorp_08,Year_3_Month_08,60.256382476222456,57.60434206244908,37.28155203507957,91.86641374929332,31.635902160415622,70.73076719506695,72.01788883734068,74.5718491550721,97.00355260166145,96.37711493157722,648.5874137268406,310.1477764130876,958.7351901399282
AutoCorp_08,Year_3_Month_09,48.17998083222786,94.51609286616066,33.680131291975854,70.22802366442706,27.24336511613432,70.97784524953161,84.09458914120272,52.79281437094603,72.74496288613153,86.64232600155137,657.3334172866396,351.6595159706984,1008.992933257338
AutoCorp_08,Year_3_Month_10,91.57189465852623,81.89049121962988,42.41227667243672,84.635811938508,92.64151780078933,43.58103565801452,60.05716233670105,86.41882179628085,17.490075958726507,87.7410660668503,719.1797196473209,443.98191613098226,1163.1616357783032
AutoCorp_08,Year_3_Month_11,20.00777340755362,99.81406994800037,17.88784720874547,89.10810102540405,19.162331465458323,94.75227879922275,80.15650312816571,44.505742695243306,87.66636609817166,46.60963737148047,556.0061108510803,429.8986811354755,985.9047919865558
AutoCorp_08,Year_3_Month_12,54.336259386177325,41.564063390653914,94.32620407279565,61.459511684348996,55.53621169614385,25.062132901310292,11.458035760552049,25.145072965694155,53.250394675264126,78.61250923364555,555.332396329505,676.7977354387334,1232.1301317682382
AutoCorp_08,Year_4_Month_01,11.021828029067716,79.04694600380142,59.842201664113865,56.570171657953715,29.876750466670803,55.03235015940046,83.65423823015817,85.27979732228827,16.18785157802387,22.948853985080213,482.10851532257175,473.7900923305774,955.8986076531492
AutoCorp_08,Year_4_Month_02,52.17945777947136,46.1737822248318,37.49718795922212,48.73846692888912,13.50369669931007,72.17955788957406,13.612497317682987,59.40186684760645,59.47455296469799,10.775710233260225,518.983765662349,302.46095600200215,821.4447216643512
AutoCorp_08,Year_4_Month_03,15.067294811365361,53.18880582735179,45.72833653668551,38.52519290120074,13.241693646228375,72.74222253026284,90.09220387265762,27.027621315131938,47.54478510781318,11.79756393202253,394.4592469307356,360.32593729164444,754.78518422238
AutoCorp_08,Year_4_Month_04,20.693612464126474,66.47549168965331,50.24822864543521,49.11363647728406,25.76995948952446,68.3775061091934,99.2766472514779,74.83455987278012,88.99744643763624,62.79415636641044,522.6806961457874,505.46803111251324,1028.1487272583006
AutoCorp_08,Year_4_Month_05,20.577362209939437,88.63094027677049,64.05349000245556,79.64916901571408,88.00933190554002,34.77593921066742,36.46607159591,56.00022746405505,28.359514324844863,50.98554147231467,601.2987726135243,288.47235045568095,889.7711230692053
AutoCorp_08,Year_4_Month_06,68.42892719044572,98.56751222793656,56.4111484926848,64.17310879136184,35.4230869579324,24.058591181795975,28.92867006572143,64.38816840162877,84.38181485429647,56.621381401766776,638.4941926555712,566.9934053876084,1205.4875980431796
AutoCorp_08,Year_4_Month_07,77.1440391338881,79.14460724780663,92.74527758929756,90.32709609593614,95.54132535177662,67.23462941440397,78.88270274722366,51.48085043859237,60.191982206690746,10.671682637549747,791.2073796601468,539.4483839306876,1330.6557635908343
AutoCorp_08,Year_4_Month_08,62.503188858744366,47.59901039506004,54.726713461524724,49.90420129412689,62.34600636902742,63.937190452549395,32.77237068282279,84.58380854362058,14.914927289212214,48.04179576916832,566.7551052350781,628.8213898293545,1195.5764950644325
AutoCorp_08,Year_4_Month_09,96.59552936270877,47.922130204936316,99.29422133409814,64.63806208468786,49.29527707918895,26.142040926031687,87.90061448549831,84.6606444114745,97.46607711929362,74.62613450807747,807.7674721301715,762.6227692276206,1570.390241357792
AutoCorp_08,Year_4_Month_10,43.73835215713336,76.38240714300024,86.62824619705862,66.81767977827899,62.207995120250914,73.4625231013507,19.255833294172902,73.84499396419477,56.135371969287995,49.842433177069225,643.8188203877653,747.3527366606934,1391.1715570484587
AutoCorp_08,Year_4_Month_11,35.714087765367466,31.48994311914721,28.765946292160223,63.2527446075693,56.5028546703641,50.96547925602908,21.335967674142243,19.486123965681607,36.17891688084242,75.8997285681,379.57627099869177,767.6453708412988,1147.2216418399905
AutoCorp_08,Year_4_Month_12,88.17392153705143,19.94267018182552,93.75356931795247,73.23703957769646,78.28986283815927,70.09845324428376,98.1236399590554,85.4968475713662,52.24661577903323,30.97170679571513,791.7289441568892,346.8293582142206,1138.5583023711097
AutoCorp_08,Year_5_Month_01,30.123625466750738,41.91599418766989,20.472975809692848,31.369012153732566,35.424645937556704,85.36303717931357,70.64550084430041,70.39116824796189,87.207200516574,83.1827804033553,429.7362802673306,278.9391839836128,708.6754642509434
AutoCorp_08,Year_5_Month_02,96.69002854965501,35.85150924886736,83.57047376420724,56.11273997912116,41.77453524402721,25.275558571923085,86.21985019860576,72.73217494038695,37.441281194655716,62.95881164081071,672.9293170129596,381.3660202978691,1054.2953373108287
AutoCorp_08,Year_5_Month_03,11.09390272208347,36.66773084103911,44.256096412892205,19.38023225275129,90.46848722799257,11.723038119715302,39.18964396163662,42.66845563634845,27.340875683803027,28.96867894869156,346.8957178962605,737.0511036597887,1083.9468215560491
AutoCorp_08,Year_5_Month_04,97.28909440368751,31.024697594491894,89.01768884005625,44.60601948803313,95.1810861835365,80.11923277562082,70.8835374568544,89.13516005413061,21.61641222377933,31.304842826844965,788.6487258123597,783.232084774093,1571.8808105864528
AutoCorp_08,Year_5_Month_05,13.884392075551851,13.78838706727257,88.12510210967054,53.8900361759138,90.33024047378271,64.87276826373544,63.48176445777375,75.28344402113717,36.80734585511901,66.52274181125833,565.9636738249764,715.5949706422856,1281.558644467262
AutoCorp_08,Year_5_Month_06,90.2028802328264,11.608654126007243,82.5332860105859,68.70018335909252,47.75031945615822,72.96756126599095,64.28351081106523,20.133141987627504,80.20432783360391,84.6945633891199,680.7512817125485,266.01063267652614,946.7619143890746
AutoCorp_08,Year_5_Month_07,57.49309981776699,98.89501507624284,81.10273926763553,95.54779473275832,80.23289527061935,85.43394774897783,71.42792135839494,46.70002309655464,52.44637286757355,47.40650038262397,842.0125800468489,768.4567988358759,1610.4693788827249
AutoCorp_08,Year_5_Month_08,99.36683165073703,48.49958203622761,37.42112251882367,64.05859598935203,52.87021599709889,82.25298413420505,61.78232558161887,89.77423257641276,30.4733443324186,33.2470386214833,689.36205691755,454.01481641047155,1143.3768733280217
AutoCorp_08,Year_5_Month_09,16.641690826185897,44.58939824437135,17.282735474612696,76.92345245589038,54.778586693149194,96.48281322359422,48.615613237239934,14.24770315276411,24.95664996487743,88.03104462195404,393.2562981544114,205.5861744574122,598.8424726118236
AutoCorp_08,Year_5_Month_10,59.846885596118874,71.16825544237628,46.268216088864534,55.56394535456825,28.421209815155557,58.23415709669064,34.83304249424921,96.52749576778446,39.94565288593412,70.23414625757513,587.2775589413056,465.43624444891617,1052.7138033902218
AutoCorp_08,Year_5_Month_11,97.2372282057189,29.642849907855776,25.61720634878578,67.06936282386982,63.20172729326648,53.96460693939148,79.17231978218818,71.12463114876064,94.5931935597138,50.32769385547689,663.7560986937978,227.64150180528054,891.3976004990783
AutoCorp_08,Year_5_Month_12,57.078805975313394,95.49650655552028,72.54559800122155,16.383899452039607,26.752230797801314,46.16984799016571,30.36451870028676,66.82383798790389,40.872404133102194,53.911017575137166,552.7470945506418,526.3267526966706,1079.0738472473124
AutoCorp_09,Year_1_Month_01,66.64587743217362,80.77105129739968,41.1489753884007,32.89524227576623,39.84082291604744,23.83219385597841,72.31188755389728,34.350333083919224,98.93116683591718,28.383082114275677,577.6500951998813,403.1324164622308,980.7825116621121
AutoCorp_09,Year_1_Month_02,72.61738200861555,18.046990208103356,97.80491807739234,42.56677838846248,86.95271814579417,61.53465095938202,30.999954038439398,32.391260986525936,53.670741018882055,66.41223670583595,628.4958125708004,484.06096015642925,1112.5567727272296
AutoCorp_09,Year_1_Month_03,50.90869582909959,47.58226982064355,67.68748696107988,52.524401950586224,28.63682282897697,34.93112718933809,66.27971529590084,94.7852397539736,26.124752646113578,42.28682594885998,556.6814500069919,567.9022164458702,1124.583666452862
AutoCorp_09,Year_1_Month_04,66.48022720756572,89.12064768059483,84.02325072709249,14.108387095214535,16.404245665608954,92.91767609916779,77.2370440416126,36.84452088107105,90.20260826141585,99.60806590069143,688.2947157849546,721.2806574906922,1409.5753732756468
AutoCorp_09,Year_1_Month_05,62.58828807307902,95.02588200622692,21.927220546766357,22.60216877979859,16.21068333515347,62.48717238493878,29.684250001588527,79.79547670470994,51.43198358213442,53.21651637356991,551.0840703397648,597.1409458831572,1148.225016222922
AutoCorp_09,Year_1_Month_06,91.10422094418901,52.06613601248827,87.58130340453603,34.91328770121752,94.6706068452797,63.35561624572991,15.394897077517745,45.38096183863713,73.87042091540721,53.72970455706518,698.7412169320195,460.42932108690843,1159.1705380189278
AutoCorp_09,Year_1_Month_07,14.090174230731208,65.2070250289637,93.0481471462055,97.43794218109456,55.622839416565114,41.9432194789309,21.78763686947567,22.53286637062336,98.53404248882366,60.92666086696047,541.7522547525668,691.6567122022191,1233.408966954786
AutoCorp_09,Year_1_Month_08,35.28668706330073,25.03305514828677,53.83557269370423,39.82123063927457,46.84708646353165,14.679041677993673,64.5397270543923,10.964376792582305,14.51578152879766,92.50804028068721,346.50889980462944,743.3492825438793,1089.8581823485088
AutoCorp_09,Year_1_Month_09,95.53703356689029,99.20517635232788,64.56276439758797,53.383695230087426,82.97907229071266,12.856938883568976,86.4501765603162,58.983160331372574,18.702510380881044,82.07362898737753,839.8492203825737,271.8559798593183,1111.705200241892
AutoCorp_09,Year_1_Month_10,90.12374055018248,30.850453124509905,78.83288208126959,27.648794146455366,85.22433351194644,48.100162973787775,14.049713911188192,97.82009366940395,74.84110673164805,50.601706281805725,655.5979446288449,519.1597865316749,1174.7577311605196
AutoCorp_09,Year_1_Month_11,51.009107750714165,94.84585967216131,25.73547645343713,64.97020639681915,39.89719298040441,17.610884028751407,76.07361331374817,43.2222574428284,35.36425029659248,74.68293393755164,557.7268423527329,370.7071758454665,928.4340181981994
AutoCorp_09,Year_1_Month_12,65.8119338021383,68.46819840931316,55.23094688170982,35.26148939643769,72.42562517264157,64.61622599861252,40.71867813550469,42.147310059374036,26.587125725508916,62.76119489026855,579.9028969709777,228.23671872616845,808.1396156971462
AutoCorp_09,Year_2_Month_01,34.96430646830194,64.69631153909732,45.87967249950818,28.62933205945841,79.40105342666979,89.28757050756917,53.067553292757026,40.968245606449784,13.542569183775655,54.3130343831124,614.6267232212487,601.1280170683913,1215.7547402896398
AutoCorp_09,Year_2_Month_02,26.930904375138518,56.141965991485776,23.17365929460242,56.491536560138115,68.91856181793591,89.462333486685,93.59735948610091,56.84894535743726,11.966204078758162,27.308419550591548,482.14038659483145,717.6624664755353,1199.8028530703668
AutoCorp_09,Year_2_Month_03,51.7328564445984,30.760283054598283,43.07809800623783,10.495521924437874,23.643556732008943,69.31408691190092,39.87743542622609,49.65983950818642,79.70370428078118,51.75426371094018,415.1436195474082,297.74159268643643,712.8852122338446
AutoCorp_09,Year_2_Month_04,41.80170052234475,25.887522880495744,16.135507844694423,10.68976293843028,88.82947751653514,29.01086483256379,51.880324054553746,89.1923164054313,22.0990084632595,32.123672832031716,408.54847193943016,687.4481945743403,1095.9966665137704
AutoCorp_09,Year_2_Month_05,62.529050066578485,29.84375881631578,12.323071625453828,29.7161928191672,58.51850974624078,87.66971482229849,11.2314173284613,55.49687125511413,52.09485543740358,92.33579348664892,474.5907948354207,712.037440122165,1186.6282349575856
AutoCorp_09,Year_2_Month_06,16.996117326848633,26.779443592982908,22.16496602393405,13.304922625073903,35.422518373300335,89.74840917818874,17.343884800435454,55.69820543697119,64.53071336615346,40.186613214671226,338.6141148968086,748.6042655998901,1087.2183804966987
AutoCorp_09,Year_2_Month_07,97.69553268995499,80.16260262100779,96.68036004302564,19.722317871762222,48.27053668939245,27.698822645766285,33.27324320213056,22.453443524850094,48.55166205119616,95.70376130800351,750.4992851497043,359.17105345163145,1109.6703386013357
AutoCorp_09,Year_2_Month_08,98.75896700316426,41.51127332500571,59.45765823055153,40.49745844048765,13.381398135901664,76.36834771936095,12.506701673896696,98.44655868193473,12.439598710260979,57.97497610852401,630.5235964689514,742.3718391139336,1372.895435582885
AutoCorp_09,Year_2_Month_09,72.83455426177707,15.205840890705673,96.9239945037898,82.23271116218315,21.50801211001758,35.78675940344107,66.8237793443426,32.497560178194675,80.5151352329118,66.83899408085443,573.7255170941539,392.3976528418593,966.1231699360133
AutoCorp_09,Year_2_Month_10,58.24867297097084,97.21923671267302,48.924809049711875,61.484377903237075,78.89920754642748,82.23762811176367,48.37585211214603,16.60276607136424,10.946190208748813,58.8646400040395,661.8638030218789,531.4028080733017,1193.2666110951805
AutoCorp_09,Year_2_Month_11,37.8574854657695,89.54072964670831,38.06345197767336,56.14009533607748,10.001047127982952,99.75141099132424,59.333068245521986,69.68316240776879,78.57009049397357,21.644255527003082,586.8347197118565,230.30448249936927,817.1392022112257
AutoCorp_09,Year_2_Month_12,83.24155177362537,93.49770548756916,55.55276765562197,36.413994088730945,47.490924563406296,12.702340479645354,25.71824673066966,63.58297331411854,90.39740444093104,43.82390971071469,716.6870629494279,226.32865302124617,943.015715970674
AutoCorp_09,Year_3_Month_01,71.62580552984913,99.54170403817918,49.55605197696191,93.85783474895348,57.02591629770296,90.76292792118387,36.63388264929545,47.363108859347115,48.95559289514551,18.923150104986156,711.2422662981473,632.2239276393218,1343.4661939374691
AutoCorp_09,Year_3_Month_02,24.63552454104022,25.650572429753858,19.509821583556953,45.73135371134725,14.917097800087507,66.03674802387923,69.74420273674525,47.997301049261026,58.19882257880184,66.06586397650435,390.9323340532581,466.6879867866746,857.6203208399327
AutoCorp_09,Year_3_Month_03,91.98344660444582,45.661781701239285,67.67436832211857,17.838349011619435,97.57703466750996,97.6044357248339,96.87724512673599,80.6557528941788,52.92850533558884,50.2186775680395,758.5425981616064,353.77542522153055,1112.318023383137
AutoCorp_09,Year_3_Month_04,84.0283518630852,78.24146281336822,29.443436425863965,65.53598645060211,30.351279812470473,51.85085657737849,14.537509624198828,27.614137608968417,45.02877567610949,80.01864744138432,624.9783608494253,314.2480976149461,939.2264584643714
AutoCorp_09,Year_3_Month_05,95.48199219627317,72.6418556248413,65.76291594080466,20.245455412894128,37.37788476726528,86.26491375142363,90.13458887697395,83.82279870504007,89.86820818333243,29.842343289943287,746.7916877520596,601.9720945155309,1348.7637822675906
AutoCorp_09,Year_3_Month_06,75.3147557549524,23.850631570586955,68.51809831583381,41.07008285215229,37.35482610295246,15.61546617384495,61.919308118008765,68.38724025055163,90.45401596029915,24.810945258640142,527.5897849959719,200.24092641520392,727.8307114111758
AutoCorp_09,Year_3_Month_07,65.20736763422109,83.42498124915559,23.68223678157833,55.6670744846028,30.73749959056149,40.175114507046615,60.75276100800613,47.707279640157196,40.223472817738106,46.569900786739105,592.4000923640108,683.5347015181126,1275.9347938821234
AutoCorp_09,Year_3_Month_08,47.6418732661557,30.19965146529946,15.521466439960134,88.68002722166582,10.132643987768027,16.031488397608896,55.02506816869843,51.222575492548174,65.35627786132281,93.3926844896543,439.0171471238821,247.5497636779573,686.5669108018394
AutoCorp_09,Year_3_Month_09,93.94556350186119,30.14358533403608,80.26854274615958,54.41919223061068,75.64103146791967,97.78088201311635,16.245467731376504,33.09824864674862,93.42168059312777,73.93796335111705,732.5922218161429,314.8937689448717,1047.4859907610146
AutoCorp_09,Year_3_Month_10,87.94575005503675,58.32769806040722,51.382038139238816,73.20328894284978,97.01609498193568,83.5276516544653,18.08891665625446,77.69028994272773,96.58526490472164,47.70312623136268,751.2824289439175,431.7418371794538,1183.0242661233713
AutoCorp_09,Year_3_Month_11,14.069680309557047,63.364594135753286,15.234741595492821,99.35351550991633,30.186413495654055,86.72926791213735,64.08208050931775,56.158726807474096,55.80631363798428,56.55449527788795,465.3746182627219,490.9152438296622,956.289862092384
AutoCorp_09,Year_3_Month_12,12.37302770475268,62.20775870540301,99.53796854527904,21.834020790818347,69.67424726230801,94.41687082905048,40.68627142920025,38.87690884748592,50.75423247558941,17.57917100593885,482.4781664811514,412.9970694883651,895.4752359695165
AutoCorp_09,Year_4_Month_01,43.881703019024464,18.233815365797938,15.200250489672998,34.72583729675676,76.77066942628436,17.659313750780683,92.55412599199126,63.644510418485524,35.08248843356732,98.61183067385018,438.3870547052179,392.42729899057633,830.8143536957942
AutoCorp_09,Year_4_Month_02,82.94979977036496,88.97147763673424,72.55317059726978,45.511846803788174,86.35828411814722,44.7037833262,46.5931483623525,99.61610068461907,96.2984685871369,69.9766574225427,793.7078812110817,778.349607243913,1572.0574884549947
AutoCorp_09,Year_4_Month_03,98.854851638345,33.90400383298355,98.53110327370723,47.96453606849482,48.03662773122482,16.393140013960192,22.895331283237695,49.173605169089846,22.853287402558063,35.68636616170802,612.9365859757094,584.9478087460366,1197.884394721746
AutoCorp_09,Year_4_Month_04,23.537520199317537,21.656342915452377,31.526209379433304,46.99189677389912,37.26378150763863,28.971379139502574,74.32469501518324,92.86222607007576,62.18466184429525,62.72275547937199,367.6097847030972,214.05977322043293,581.6695579235302
AutoCorp_09,Year_4_Month_05,63.47176438169216,89.98732718820794,22.802443181847657,91.68499023008994,39.2765620620728,30.642919933390512,36.40180792969089,41.05151559321095,35.429524076677495,19.85341294620946,584.0006200388569,458.1055450665879,1042.106165105445
AutoCorp_09,Year_4_Month_06,44.28017709679194,96.0086348406778,20.9246445480186,74.26293800201708,74.13591997886616,52.21964899428208,57.29232766203039,14.92594362324873,35.110746131301696,96.92530019268253,542.3974445282621,725.0052198463821,1267.4026643746442
AutoCorp_09,Year_4_Month_07,97.29229580331429,87.59148555389055,37.294763281083604,64.71146926816334,83.51015198550725,34.17059507082783,72.8049506954653,28.3817895731586,46.44717286385696,25.730648909502932,719.3544489859506,380.87371184640074,1100.2281608323515
AutoCorp_09,Year_4_Month_08,85.79070308221378,82.85644672523902,19.0941229909582,37.84354460765039,26.34525709809424,19.0880296135985,91.02377000818633,47.68256289949158,99.89136422340891,68.32272862496927,579.9560402503067,256.7338068646329,836.6898471149397
AutoCorp_09,Year_4_Month_09,85.44958342400241,68.97177825751196,72.29452075247187,84.14113457991652,43.38469073419887,25.074198018469694,81.29720753215085,29.767143573511213,14.946967615583986,32.090901628503744,691.6196048692086,655.0308629539506,1346.6504678231593
AutoCorp_09,Year_4_Month_10,52.18238438154732,59.57716335482254,15.606261831705641,95.95544603364901,91.17461770742351,23.254800719688184,70.87249610854516,10.020433439642998,62.06876363831783,74.58052443836822,547.5463862773813,563.6082991616488,1111.1546854390301
AutoCorp_09,Year_4_Month_11,47.33375521038987,17.828808392026914,55.84799153348107,83.90784542952039,82.60241677252652,97.57691181210684,71.16698641556292,92.35013839727745,17.431494223174944,79.91392305162529,557.4296025420418,542.1875046959024,1099.6171072379443
AutoCorp_09,Year_4_Month_12,34.60663647376356,46.760789176362884,99.70271684676791,10.140859467232561,98.63725624862282,78.33632562266263,95.13321796288778,85.9491470107836,23.906874699146705,70.60777560202894,678.0543577804405,232.14593576444474,910.2002935448852
AutoCorp_09,Year_5_Month_01,15.073794698583441,43.54196653110826,83.25732425554169,67.27612331650664,77.88234337138726,97.09853187426057,36.62416877468824,76.80630083382525,49.56066475956088,65.30495142296732,596.7377785940259,284.2994058773104,881.0371844713363
AutoCorp_09,Year_5_Month_02,87.82501386295479,33.37784053842935,65.36974944079098,14.602184329789065,45.38756809251301,49.57664378571177,10.100088477656866,25.103313608142578,55.94141182117972,90.32221845568105,510.867338516352,573.5296377278682,1084.3969762442202
AutoCorp_09,Year_5_Month_03,83.16109082170698,75.10781023197265,37.56282587079505,33.18464983003497,63.1574050595174,35.05316334963909,34.47591034583788,20.832721858898744,33.29131675280716,17.076403989078223,599.8042930746092,324.6943048753015,924.4985979499106
AutoCorp_09,Year_5_Month_04,99.97459059575175,54.628816157089375,66.15062526624746,15.357223031299451,69.49128288225883,81.8463877488268,29.610224166406958,16.084427452514483,38.481141778697456,39.782328920217566,673.7239281805316,502.4420478490546,1176.165976029586
AutoCorp_09,Year_5_Month_05,99.69731533665149,17.294159431688314,57.433731752048644,64.34159076544489,17.061023468541155,39.36285262370321,69.56511266025984,75.16262698956291,17.827031823033977,32.34587316677614,639.5816280471863,526.9290116176361,1166.5106396648225
AutoCorp_09,Year_5_Month_06,59.988853504236474,29.81648817548302,48.347504550133436,71.79309221433462,59.00472631934786,36.94450363348135,67.03404397889761,93.59271646190967,37.28978054598255,98.92125658588795,543.2218522660181,370.10431416256364,913.3261664285817
AutoCorp_09,Year_5_Month_07,79.20886736624594,71.49328872936363,21.76393390661795,20.30388742593146,73.83887456253487,30.925539298704805,63.411524443425144,48.74822388217333,96.99025954424897,45.045080170018615,628.7641938084936,769.0550933248958,1397.8192871333895
AutoCorp_09,Year_5_Month_08,95.02891568941853,16.851777354127016,89.79437937164201,44.54549947404816,25.058917360095435,21.67110804018118,11.461909888850833,20.722660479644333,95.02366435052335,75.93514293163588,547.9078511583865,705.478464101345,1253.3863152597314
AutoCorp_09,Year_5_Month_09,86.46826516096704,86.60862226438918,50.48061839391902,51.06128580599878,80.25685456830014,33.08167549150894,75.59002490055828,56.11535386588959,40.13904611232865,71.62526474929041,686.0130376020718,633.4241045796791,1319.437142181751
AutoCorp_09,Year_5_Month_10,32.26132915688779,54.56318743125769,27.516026063868857,43.214771958482494,62.539550246270046,41.97877736264989,39.11773712369424,41.39487167127671,61.37685426508854,29.087311372963995,462.790668563419,246.79631984564546,709.5869884090645
AutoCorp_09,Year_5_Month_11,50.54897217790842,53.25279195939832,43.09834157895607,20.892250043667374,95.69996071278352,70.65947873311573,69.8550390105968,43.73424319149979,91.863585199985,31.50979121903962,611.3304837142168,263.6780115854117,875.0084952996285
AutoCorp_09,Year_5_Month_12,21.62434736363455,63.31670061935658,47.27167772760343,47.70530111687279,13.818006838620253,15.630835799750642,60.0920585651938,65.91975617401366,10.5565440376807,35.31561071977307,482.6609039065956,495.66880751897344,978.329711425569
AutoCorp_10,Year_1_Month_01,95.86459245328501,84.22128693326343,84.47841060101868,77.60602430275763,33.87935237999203,28.945624569880867,40.84578328851165,74.68463019359821,82.96152133038326,47.00145504334413,742.1444750496433,296.4280095145914,1038.5724845642349
AutoCorp_10,Year_1_Month_02,64.5557171005792,41.30282871119738,76.02529425052619,16.39068980799299,64.13984913698417,82.81212762625087,22.1118640393697,19.954323898584477,95.35325975100271,31.08925590854741,587.7708834896604,786.9592781176844,1374.7301616073448
AutoCorp_10,Year_1_Month_03,30.577852495311646,71.02145373031573,79.23744042772059,17.21620126737131,36.69039209853376,23.22297312253937,18.497700789443286,13.203120772582874,18.219316090020136,11.768633447216303,417.90489966300333,295.11214041644564,713.017040079449
AutoCorp_10,Year_1_Month_04,70.4530615965271,60.9158767596212,10.992813798578249,41.92941626523858,74.2981747664118,40.83806318702694,84.83664998010012,99.48972724171433,24.530291742962895,89.1453751126476,613.6353574556655,492.4807012783844,1106.1160587340498
AutoCorp_10,Year_1_Month_05,65.63154164121062,34.03254431524792,47.45385983617854,94.75531404570326,78.3104754269738,87.8193029672326,92.65577878734022,30.945551402399666,96.46716724942199,96.90488482427956,637.0741110988137,418.47263410490325,1055.546745203717
AutoCorp_10,Year_1_Month_06,42.23464462295564,89.07669877196422,53.32097364717912,70.17153820506226,19.2264367659827,23.94327800290984,68.48092420878696,14.844747241761317,58.37861292763117,40.74133483284112,511.9294749310337,583.6318528724587,1095.5613278034925
AutoCorp_10,Year_1_Month_07,20.220183297966614,81.76834194462353,11.727304914075102,71.08029610053083,56.24690177860909,17.44631520563709,19.309070337443504,27.0887796186328,11.277697102455132,40.46561914829256,382.03658052096955,277.4218453336549,659.4584258546245
AutoCorp_10,Year_1_Month_08,70.44158760335196,69.26066511925829,33.38318878705308,42.572799175407845,55.80015000319503,53.608419557200975,46.18244951994166,13.506206171361779,33.18687988871763,10.638263149693389,566.1163146700379,458.18985682543456,1024.3061714954724
AutoCorp_10,Year_1_Month_09,56.827693081341394,86.55235561848177,78.42608408099215,63.42947120876846,43.2352693193987,37.217756015068275,75.60452800946415,45.26298051554545,50.494930684197364,71.22256194973366,647.4636782098589,364.8230196842862,1012.2866978941452
AutoCorp_10,Year_1_Month_10,79.50865525620753,88.05647808638221,22.339873515609916,10.911806562496905,93.96323763127049,60.70675280354687,80.18387956090613,82.21616060061919,72.36180199222909,84.28959061737659,701.0246146777827,732.6509148030128,1433.6755294807954
AutoCorp_10,Year_1_Month_11,56.814715100079404,73.75266790435313,58.17791183073325,67.24864417685879,84.47556878858991,82.34244014351276,20.639676006197973,40.71200047819485,75.98443403231197,23.194747032400286,692.8752368606476,224.35142728081706,917.2266641414647
AutoCorp_10,Year_1_Month_12,86.69633502866861,85.33119955273048,29.368168481551375,92.1958252818613,72.7488443718673,22.343363933746886,10.002764696084418,49.97650661905299,99.58793616329105,24.369971443043568,712.8409380348792,748.2364964038755,1461.0774344387546
AutoCorp_10,Year_2_Month_01,59.6716154897037,72.77243155023552,11.090869717950394,65.13161215103372,74.28939721614978,62.26291760988565,74.09233412925445,70.80280962106949,35.876007944538316,81.10749249742939,657.5901793490488,699.7964831318002,1357.3866624808488
AutoCorp_10,Year_2_Month_02,60.484417438184764,71.21266945842703,31.708131183958734,88.63287341197105,51.55445294318072,55.49578843508775,42.09365583875851,55.800466306289216,58.439809168162775,65.46616735187303,628.7359945442064,378.54242986448924,1007.2784244086956
AutoCorp_10,Year_2_Month_03,88.89882423925106,65.67502403936659,97.82863794190484,75.15757499194844,92.88950689869183,22.96709074118796,32.90331984564342,87.53011174191919,57.99911930736445,14.037450186494532,754.1273093565895,673.5743928062628,1427.7017021628524
AutoCorp_10,Year_2_Month_04,46.31345795911573,77.74449756018771,82.13834006946907,20.850257476332125,72.51358845279569,66.15986369760842,11.16077228105729,87.94321075411808,46.50807335025137,66.02922914160536,645.2935939696597,218.72813620324854,864.0217301729083
AutoCorp_10,Year_2_Month_05,22.061370560557666,24.274459476376634,96.361897988893,91.22079765572576,75.60829554902348,34.62763760746945,58.62694660853497,10.891962594203829,25.224570445817818,37.802595055938944,496.4754653648349,780.1193301760362,1276.594795540871
AutoCorp_10,Year_2_Month_06,12.590440868200508,89.27836832790356,53.90686395337262,15.97994599201974,87.55218134086107,53.90508866896113,86.60356618833836,80.02416758348792,97.97109068654584,43.185263992376136,582.7461990509921,515.9569655538736,1098.7031646048658
AutoCorp_10,Year_2_Month_07,77.9623530106257,88.46591749707088,19.876257880975317,58.05707252929874,34.66644304079719,17.40450918493557,96.1868481645329,51.46602402175065,86.79854679999275,79.27582764671922,684.1253251314834,381.96861563926717,1066.0939407707506
AutoCorp_10,Year_2_Month_08,65.82785962181183,12.632255473110323,59.31635400763236,22.79234114141119,82.63638134800327,51.36256514922607,60.91704555519603,98.99564871732967,54.84997254648135,82.98416734053495,562.8204430121749,417.5499275568062,980.3703705689811
AutoCorp_10,Year_2_Month_09,73.36717912893012,84.32350755082864,50.89396011039648,11.053594965781366,27.571654266084284,37.58171212385383,56.30151949659047,53.490886828789165,64.29208804156269,46.03209641558476,537.6753444088398,239.8432120762984,777.5185564851382
AutoCorp_10,Year_2_Month_10,29.166774535801967,21.598288072610067,85.99213744656544,47.98308341148751,41.0807757020399,84.01430900668188,17.6550746940317,98.82063508494677,30.453494820369606,95.24376424057193,455.8458922274947,793.6097084252235,1249.4556006527182
AutoCorp_10,Year_2_Month_11,22.27343280280928,40.16069688332277,18.827432270582015,36.55366368887406,40.20494088428585,15.128085429763145,59.39855213883398,77.9112425085163,58.940836335257224,46.5816446156865,394.7396696767575,223.57516709041548,618.314836767173
AutoCorp_10,Year_2_Month_12,11.309019910109374,76.9157430662447,53.94170233196004,53.74004444178427,98.06729215502266,47.67465474264969,44.19811710688552,32.37443961519757,72.54731198093282,79.4652431707099,514.4067288611734,592.9442738887154,1107.3510027498887
AutoCorp_10,Year_3_Month_01,41.55288029259373,24.46839064434774,23.50437982245858,61.947989806109575,87.08835013731341,51.25882817182942,64.64217527952192,58.45554813582619,56.36503255479299,53.54895381078332,487.6994627039066,465.641556623875,953.3410193277816
AutoCorp_10,Year_3_Month_02,63.09259181691698,83.6170321707156,39.22083342010539,13.936516507805262,73.10528754312338,75.25054686692069,44.9853713088892,99.29220755307244,99.12566535264472,90.77790938698756,663.3597465726086,769.349730913229,1432.7094774858376
AutoCorp_10,Year_3_Month_03,45.30196405897591,84.89207601619677,76.36213696490196,21.070296561137106,75.4351085453851,61.68588175811899,31.626921110533008,87.17775469767314,65.02074906229535,91.69851192851608,645.856047768295,347.59984418407714,993.4558919523721
AutoCorp_10,Year_3_Month_04,49.37274298213561,55.67209603847526,52.84163164318899,60.27781568053828,60.586551496231394,70.0491103474763,18.546874770553885,18.7630204412099,43.387634133295215,17.86751270839755,545.4824521482085,519.2520943628068,1064.7345465110152
AutoCorp_10,Year_3_Month_05,91.37428250443736,10.574728454515022,43.82994566311924,40.885061785539236,95.23816003976671,79.93443570865806,38.34266001300061,73.57347971289965,79.49368248542542,94.28439981792032,620.952430698691,489.4137251496518,1110.3661558483427
AutoCorp_10,Year_3_Month_06,41.34299203209703,35.83343198574215,45.50286507130318,75.62561387945031,54.66328775941254,87.59826762923699,18.698035085897708,41.10216272837317,25.341626042347784,84.29813573683741,491.7353325511437,621.7198664300608,1113.4551989812046
AutoCorp_10,Year_3_Month_07,56.25905402438297,65.5234226538168,51.350209156538796,68.70624837327458,44.246593888290505,38.24879470502235,25.920725574158553,10.628403569231331,44.60642323356399,81.21796428814002,566.7376494930866,240.8061391714523,807.5437886645389
AutoCorp_10,Year_3_Month_08,80.52877114670288,98.30675602246811,80.65148894533512,86.10439266909161,24.67318032384319,58.42204348275126,98.86025427215914,46.31328721242996,41.226305533982725,28.08202057169702,811.4269618564522,316.2734780140129,1127.700439870465
AutoCorp_10,Year_3_Month_09,45.68885040891431,66.86321743150015,90.2876220046211,72.32435440023028,80.75850870349522,85.60972705952798,49.96932012159568,31.127897955247416,48.86263855969995,82.46072878791985,672.6629007312113,328.7388920557099,1001.4017927869212
AutoCorp_10,Year_3_Month_10,65.98780302050861,33.38232229577439,95.98012178535355,48.69379696511333,76.09995388680323,99.05060178685508,57.86845898545149,83.69823434684244,80.36018433358537,86.51194612165331,734.9268857933279,642.8904529050138,1377.8173386983417
AutoCorp_10,Year_3_Month_11,87.61273378720706,67.06051327896502,80.82130476297655,70.56699601549892,44.59195346717214,90.05673799393868,88.62566758634938,40.35975479611889,53.575572894706674,36.023530100873586,774.2324944760054,313.4832177960441,1087.7157122720496
AutoCorp_10,Year_3_Month_12,95.45685612918778,58.59868417442699,38.38662061732114,34.784305682987664,12.267407256330642,43.43205363619391,99.6012010441619,84.47713245584353,81.46130052393664,95.70340705260914,620.3932228596125,544.0950583345859,1164.4882811941984
AutoCorp_10,Year_4_Month_01,23.236613283613416,80.18608556360293,71.93212354778879,37.568214890039144,85.50975949462097,27.564986549678537,62.44430044102134,10.053814495131578,61.88400128258793,14.487413175924782,512.1495987782923,329.1462923005722,841.2958910788645
AutoCorp_10,Year_4_Month_02,93.3928862645345,19.628257494426258,49.384281164985275,81.0086643928714,11.027618510866628,54.04532836659298,83.12264389397545,37.70372350235073,40.786249119179985,23.49183279224257,572.9537187506942,716.974970050387,1289.928688801081
AutoCorp_10,Year_4_Month_03,54.29046637715844,78.49251122518253,32.92035598414461,50.1777564761424,73.33298016661459,76.74773066524381,39.424692190300775,31.704869287698575,82.89808693151252,58.382302424636286,592.3426306284567,765.3112726937832,1357.6539033222398
AutoCorp_10,Year_4_Month_04,33.24199494690625,58.71399208084993,85.67844214833303,81.85423064665173,97.32313987534513,54.331216367796785,37.5169561702562,31.021062496174988,31.446070349778243,61.82132240100787,651.1873750925272,511.09578496534425,1162.2831600578716
AutoCorp_10,Year_4_Month_05,51.322218061443515,96.66928034730952,13.458371406609249,84.01801363014506,49.38951953333831,53.48627769823017,46.243334889510415,16.136795778891642,30.194468181981595,68.0635074970813,551.1066258848474,411.38533052550696,962.4919564103543
AutoCorp_10,Year_4_Month_06,98.20293177569293,40.76849494348175,91.15857929218812,87.18061038951554,31.14760644963575,85.44073789736206,70.52565364062842,26.841184336945155,55.40526316493522,11.527221638391982,764.4504063628003,340.4346650104995,1104.8850713732998
AutoCorp_10,Year_4_Month_07,54.33562845935826,66.93597038205533,51.53297181622607,92.49717122570866,73.43839090390435,42.52634011604677,71.39725203295889,59.99946128970579,33.476432136588,96.43300971599173,633.2665260599763,229.86860091382627,863.1351269738026
AutoCorp_10,Year_4_Month_08,39.587644925875736,93.88252949590157,67.34813291274523,48.78866984619666,83.54153278140267,87.3815207330481,38.371549118450574,36.222496555397,10.81783314560947,14.01292834607296,629.2979583110359,361.1000457184972,990.3980040295331
AutoCorp_10,Year_4_Month_09,67.00607688850532,19.225875519161132,69.34185299852044,38.698013648902496,59.17872844700626,46.61243208565512,21.98889317229658,47.565530409623314,68.34677745689214,22.875575745106214,476.81984082837783,592.5414679671908,1069.3613087955687
AutoCorp_10,Year_4_Month_10,31.613105690037376,94.3505638512806,90.56059666358827,62.39788719347025,97.03317477305316,39.54097951105055,66.91566308189577,43.918019231246966,55.99844393251582,11.261306577345128,673.5540783828553,520.1701587855265,1193.724237168382
AutoCorp_10,Year_4_Month_11,16.827699529779753,71.9097150070732,67.30027139504867,43.405518109386485,14.650184949216499,50.85909200797291,21.549327596988807,88.83144324999051,50.09660330438451,61.01725899646852,451.9648336626226,766.4247669685565,1218.389600631179
AutoCorp_10,Year_4_Month_12,21.59917497195843,16.10533531946547,65.25402262840555,64.09667501202097,55.43160384740753,78.62022628073817,62.06432574063971,91.47690991094639,97.02716631564839,93.9040195528875,514.9324760180435,437.7663574950203,952.6988335130638
AutoCorp_10,Year_5_Month_01,21.524125506199518,37.086721025213464,15.998683650462096,73.50272763794422,74.6608552590295,21.340182507759486,72.40799152506781,54.3661274490274,61.40792655666223,69.93524494724178,431.7949997753072,616.3180053970367,1048.113005172344
AutoCorp_10,Year_5_Month_02,23.67124241610649,73.73548797807534,56.656721975068365,71.95645166429232,87.63764240342611,27.677729428481566,73.05503467550065,39.714035528404395,87.7088420010446,84.03917216323846,539.1053146787925,493.59364848507283,1032.6989631638653
AutoCorp_10,Year_5_Month_03,22.49444553844691,16.061554132189453,23.51521007353375,43.70975983181092,26.133005071701103,95.63003430967828,77.8124899593637,19.612063360212726,22.550521258464414,11.195308311272207,383.57323817017163,507.545729554527,891.1189677246987
AutoCorp_10,Year_5_Month_04,67.67872703228932,62.39534141586459,76.3690391849337,25.017418152887753,82.00031335873133,25.794246464322164,88.5573479409098,95.80625914438855,61.22858168164849,58.781376863175346,676.8252874687779,360.6645887624705,1037.4898762312484
AutoCorp_10,Year_5_Month_05,26.369207595923033,41.129475125766106,56.0999728731407,48.74764046159868,59.743636814669074,61.09545861379491,54.99630927683096,15.420425041026771,88.11816640578127,51.360667975496966,475.09193175605975,472.9704661051998,948.0623978612596
AutoCorp_10,Year_5_Month_06,41.11005549914769,65.88239659907293,71.2205001287518,22.833472967371787,45.68983137909669,62.13830199957441,75.7224270576614,36.788524981145244,62.47951815519082,54.90711497987137,549.0852007346988,482.47099820762435,1031.5561989423231
AutoCorp_10,Year_5_Month_07,90.71095689154106,14.116783043126157,13.750561054214584,90.10873316654275,21.854352572118422,54.066201584522034,65.72554618292531,36.82595810530037,74.62127603143014,16.499186680166915,535.4679490791575,623.9855130493604,1159.453462128518
AutoCorp_10,Year_5_Month_08,52.65654762365851,88.43831255371387,17.63128144412229,41.128971466407165,87.87661830180211,68.02707237191368,26.79759458179143,38.83611575261934,43.483921103098666,71.59918249623767,577.217225912723,764.3839995116683,1341.6012254243915
AutoCorp_10,Year_5_Month_09,70.08019646689245,97.61400722596572,74.4691049256414,23.90137725009914,24.154588736174382,30.684405321785658,12.312068038246736,24.785815894516837,18.320456533335992,55.2898373372771,594.7843121614214,397.59276648950254,992.377078650924
AutoCorp_10,Year_5_Month_10,25.508788408146685,97.19900697571224,16.487590239880603,12.29029839151758,37.880907328818935,59.73960409990734,35.60872471092404,80.48452878313275,51.21102656143643,78.86339648751375,397.1090842139424,225.32028114877906,622.4293653627215
AutoCorp_10,Year_5_Month_11,27.30601169278037,77.46866485686323,16.413105498873275,68.12401476578358,36.10409787661932,43.49559297222074,49.87303357038574,21.02480757693903,45.503145175497174,53.676157065554385,433.3505222545127,497.77707530038384,931.1275975548965
AutoCorp_10,Year_5_Month_12,13.678175463983099,21.70776161175688,11.08976277113987,67.3212085709269,88.42726307717689,69.55005336662701,65.53953499857906,67.14159932378465,88.03541641410526,23.444347260378887,415.7031348392389,526.6767992895011,942.3799341287399
