Company_Name,Time_Period,Logistics_Freight_Volume,Device_Assembly_Throughput,Marketing_Campaign_Spend,Component_Factory_Yield,Advanced_Materials_Adoption,Semiconductor_Wafer_Output,Memory_Storage_Pricing,Digital_Enterprise_Security,Research_and_Dev_Budget,Workforce_Headcount_Index,Net_Profit_Rs_Cr,Total_Cost_Rs_Cr,Revenue_Rs_Cr
Company_01,Year_1_Week_01,81.63010926745253,25.499548976564675,87.03869079465034,40.23820566963576,92.86070763493761,36.42241508355269,61.32374624157448,11.721149253606178,50.17027385701969,90.71819617818583,609.5434570270216,284.8447873507796,894.3882443778012
Company_01,Year_1_Week_02,79.27999704836863,39.91243388490273,92.25279585969999,10.504679236429785,98.24209508211399,34.84789890753026,73.31349497819083,46.655175738692854,88.04143431756673,80.3010791001269,685.8708513096191,579.7620247164267,1265.6328760260458
Company_01,Year_1_Week_03,80.16123226987594,93.29119054686203,66.32337410754704,93.44071783328837,97.51143271551624,82.69470126475909,73.72401792576507,33.14246277477392,45.56532103013162,90.48020961426606,812.9034294125423,204.3011169211451,1017.2045463336874
Company_01,Year_1_Week_04,77.56650754235548,52.3398147755335,97.49020150608563,81.3319664151943,23.309178411026103,27.16397933189153,89.91868635037302,79.19786238598176,50.1954591496684,16.742387192179983,698.9608001913323,311.8957590703119,1010.8565592616442
Company_01,Year_1_Week_05,81.91861406282997,83.73152061984631,12.616764503613776,26.64830054446241,72.95362656590302,18.123200472430543,81.96038742558537,51.349210743111925,82.76686241934134,57.26163207941252,561.327666120738,726.6059817048382,1287.9336478255761
Company_01,Year_1_Week_06,90.79936592264849,91.41703304066505,58.32742821075074,19.787030096968437,64.1319062453154,62.1424631841245,88.64953904675008,77.98706450391174,61.22040684399177,90.27159383596818,763.5184885581048,522.2710200677545,1285.7895086258593
Company_01,Year_1_Week_07,19.685170039654594,90.24512651604252,11.008241411059892,15.300943225141092,78.44327880224868,30.34384274311804,22.003681564949993,31.197927667611104,35.07964644789695,52.730902690640285,361.36167930093217,317.99174986099064,679.3534291619228
Company_01,Year_1_Week_08,79.83634365383764,49.1453389594453,41.71389031939801,90.72603960840652,43.63936262568819,28.227023744180787,74.76536901406277,20.717336771805048,24.97587087653223,43.158702209037564,664.321718997521,539.3282702714,1203.649989268921
Company_01,Year_1_Week_09,58.71690654445078,97.36536714161541,56.86183845344583,82.22796227138001,35.23317390421953,27.1153607061928,44.717148495929706,15.75752022907881,73.09758092622592,18.79944667449858,676.4121475923548,315.5643054933465,991.9764530857013
Company_01,Year_1_Week_10,38.935682977541084,34.26974466997096,79.98157503060817,71.99394625976998,89.3522164026769,18.635024080358203,73.0687937439103,60.03708982032175,34.64495966196293,77.25843116831925,596.4604340478511,413.5721774940431,1010.0326115418942
Company_01,Year_1_Week_11,97.77478521795413,96.14590010308314,79.47660766140162,91.66418033053357,38.84527234820668,83.5758802212513,75.5135307486717,54.89426671439837,41.77725676310861,87.2050468782124,926.5414481423046,715.909514530659,1642.4509626729637
Company_01,Year_1_Week_12,35.77495059868542,40.91429497986471,40.24378684335578,72.12553177735845,57.00363632666854,30.195527661533795,74.78670268491915,54.640364180246216,98.00484069023894,13.77287485786765,547.8603545785874,581.8529354986597,1129.7132900772472
Company_01,Year_1_Week_13,13.372841757453608,16.37775301267183,24.100694835658576,44.923595162155,29.879224277086987,29.547068924676214,97.1142102855001,48.702841308419316,54.617532145094756,30.19223660360138,307.42776654345056,467.7160934350407,775.1438599784913
Company_01,Year_1_Week_14,47.28651701330694,49.80099561373604,81.73440206011526,90.69004240663065,22.57807373246603,82.28946684274871,71.1964494319312,63.662411695039694,11.872125120231969,94.32663981874599,613.957572240647,301.32999704157845,915.2875692822254
Company_01,Year_1_Week_15,50.76573472512238,92.93335778021509,60.871625420567746,67.89474406313875,54.046443050761724,69.37060402763524,83.50515225738677,76.58095878589181,88.03164818503302,54.71146610895924,705.2927666222204,683.9946997618257,1389.2874663840462
Company_01,Year_1_Week_16,53.1571717245951,23.65876667380202,89.70052510859247,48.955073117933416,66.04572437811706,46.02590535857379,87.0822460965094,63.77762145504449,95.9719016522719,85.9306299411366,564.9157441375477,751.3417883311753,1316.257532468723
Company_01,Year_1_Week_17,25.61224756608577,93.64254331431833,87.46753101272073,53.84524989474505,65.83502843378449,93.57149009095691,78.12966624420481,22.182697076871115,59.65574105591166,20.31919657764486,657.61225917491,248.10271498092396,905.7149741558339
Company_01,Year_1_Week_18,55.9853545848786,31.735757047309136,20.391433248873245,54.04992818075005,49.72198290697151,34.895044614317996,60.79403192941561,58.54671340752459,14.659995744985103,44.23343559191183,436.69669561838066,409.71874893460654,846.4154445529872
Company_01,Year_1_Week_19,99.22340384309007,73.54504803933085,13.186365491189882,67.90050292765935,24.58147343293004,67.2992396567623,13.798634342180016,47.16673688442606,61.174391188385776,15.373826690342408,622.0913648517189,694.8796081523365,1316.9709730040554
Company_01,Year_1_Week_20,74.47655552893899,17.283940183483267,48.61870940618616,37.43180078857285,90.20372764059677,52.96930494168497,96.27992178999534,91.81831223692302,79.4363999119662,15.94105523855828,643.3720853347384,383.59695294401337,1026.9690382787517
Company_01,Year_1_Week_21,56.39663895636508,33.61477026977232,60.00378909551808,98.93275121296739,52.32215399123058,20.247878378615056,42.7535327951863,89.75811810526267,38.00440920049017,24.078921004992424,604.32194567071,631.0304857780752,1235.3524314487852
Company_01,Year_1_Week_22,42.15585858059749,77.16366344472198,74.96218433949268,75.72052258943508,37.84338950190665,59.563496275619926,65.575093981603,70.2174366172075,73.07174062727952,87.35149605380076,644.2421183782413,428.1674727426789,1072.4095911209201
Company_01,Year_1_Week_23,88.96368494193149,18.298608860199504,68.13464629611428,28.334926151029933,54.64292596638797,18.317566314872998,81.06504996757516,90.13746390595423,25.647302850800635,92.46975295964121,574.3272247156196,457.0246504344234,1031.351875150043
Company_01,Year_1_Week_24,16.084886323897404,72.34125879899966,27.430466378601636,39.642684393153694,92.86038604909258,37.809323506298256,92.05906945635935,32.97756317695753,75.96219634494308,51.757566998754605,518.1968554345352,601.9842298889541,1120.1810853234892
Company_01,Year_1_Week_25,41.3564323498325,21.749093363986493,76.11027369779816,26.280323361529323,52.631563690824706,18.782320443592667,40.680589078445664,47.30433487339658,93.62738335884633,27.734679197379172,451.68781276179186,661.8560494154233,1113.543862177215
Company_01,Year_1_Week_26,39.93935823844483,46.135513612150646,72.08700333559229,33.254743509236505,79.7875200562108,75.76859022159765,20.4171153921816,50.7866381977104,77.1934897951171,23.376860166940475,589.0454663141819,698.9790813422176,1288.0245476563996
Company_01,Year_1_Week_27,36.14592909625161,89.79451058708992,17.429431055186484,57.2603202363871,48.18233568755599,34.59539436622258,47.04256225791617,54.82380722245681,96.94266623294317,72.46247863386577,483.01035256460426,692.3172750092798,1175.327627573884
Company_01,Year_1_Week_28,28.08427981357073,49.25752410932913,48.708896450318036,82.0630913053592,53.2179820439524,22.009840450976363,50.34386089003003,85.49304959517127,81.14741511371366,60.983148679589654,529.8631736869737,366.2815485079739,896.1447221949477
Company_01,Year_1_Week_29,70.1214310151728,41.22853232095606,83.65115523667738,26.523226702100654,45.94934191000243,88.4005852664682,68.88415191549149,21.966839334451898,87.79059243432766,85.41780728952912,661.311927821176,308.07948047146135,969.3914082926374
Company_01,Year_1_Week_30,93.86394971626979,96.41319542305017,77.84933114720293,33.549128521653756,53.3016591332206,50.8734564275873,98.71634373530377,23.685090112591915,43.81392902436616,92.33610892757835,774.1138109339128,259.34238910183785,1033.4562000357505
Company_01,Year_1_Week_31,99.21855201636687,13.261871910455735,70.76838371771038,72.36821684292119,20.007794051510455,90.42885188906337,89.37092354599709,59.33731767461581,41.89520372546666,53.69909759813876,662.5769692411748,743.1970210453019,1405.7739902864766
Company_01,Year_1_Week_32,48.28968414115285,52.78197971882051,20.28336010219725,50.163720298693505,74.64056454450777,77.04535579559095,43.57838927115641,17.606379074201996,19.975561747003944,50.036760323688775,499.82900968377123,451.6474885791314,951.4764982629026
Company_01,Year_1_Week_33,11.86454288383353,23.05695998869099,75.16886557564717,79.65584981476506,61.677951138892695,34.69992927440184,88.9982405825213,77.15868900019733,57.16534675611323,16.707288568073622,510.9991988035032,385.605443860896,896.6046426643992
Company_01,Year_1_Week_34,71.52255897732044,13.450592401132898,37.840541356126856,31.32524985430774,36.347594695564,36.0459889576208,16.70091725636675,38.36936625109618,67.00011347093943,12.932302737085713,482.22633716922996,542.8056469353569,1025.0319841045869
Company_01,Year_1_Week_35,53.93347276440373,13.794553976045242,87.95405693936782,89.8332552701172,77.44696805755898,87.50564950533837,87.54335812235847,26.33683822292131,16.058299064802483,93.52244018810777,611.301458358251,383.8555088571398,995.1569672153908
Company_01,Year_1_Week_36,46.140931932102106,65.61512270438368,49.52582344207872,92.219679976168,41.655410014211576,53.78831307334175,85.19781927851045,91.34613056943272,74.17640206274689,48.228123204533176,609.4384160600154,703.372972171552,1312.8113882315674
Company_01,Year_1_Week_37,79.72689421515538,39.583553087542306,68.88846975875653,52.41043385756962,84.30677768810473,30.17918961334457,81.9101319714082,88.96485485445865,61.6741882231712,60.2755982756114,684.0315469011496,591.995776303495,1276.0273232046445
Company_01,Year_1_Week_38,64.46181591710845,36.35912105257735,86.8403760959166,33.077952172337774,83.71947871308323,18.216429643264124,27.574453113563084,66.5925225456628,65.58645377889832,42.479870953670414,525.1922910190506,492.8683932560666,1018.0606842751172
Company_01,Year_1_Week_39,24.35670474180042,90.72984368618513,96.9930474525747,44.3922677146528,35.86916023400362,85.72112894556831,19.88860359142739,35.2983553926731,85.72615286417184,88.65557376007033,578.0397438965416,303.24629958377824,881.2860434803199
Company_01,Year_1_Week_40,42.89832731829575,79.4061241240592,52.700424718297654,71.85004901822802,62.80883897494642,73.37851235795911,85.83027374730226,72.82046071741809,39.909906370152584,59.22978939407632,684.5989937254833,703.2165626501721,1387.8155563756554
Company_01,Year_1_Week_41,90.83456409755806,70.81347906792176,92.17756234827873,80.87531117032556,21.44509505285999,48.70419545155662,50.40724826998172,27.466754470168365,86.20097002674754,39.43328887187414,800.729463131067,502.3354123742268,1303.0648755052937
Company_01,Year_1_Week_42,89.51118956025516,24.438283386317973,74.42194229449754,12.4325039978505,17.219814273618713,86.52019930985286,26.650489512196742,56.769129164926724,96.51241199400246,22.57690880502583,593.5799890925589,328.5832678738508,922.1632569664097
Company_01,Year_1_Week_43,69.19468736826406,96.13269032755873,85.95757340994692,83.38296920713135,16.63304700991259,23.11790517492998,70.7746099963538,49.3423468227663,48.63904031914069,77.77794907723,639.9278065757526,360.0676560554051,999.9954626311577
Company_01,Year_1_Week_44,65.23052418443939,83.37029458729961,59.02868646519043,14.22415568547031,59.8764319679622,62.612357854405104,63.14481967633609,23.060357635693446,16.01843453252284,65.96260200276859,575.278407608996,200.74483640942373,776.0232440184197
Company_01,Year_1_Week_45,53.45750049370391,95.3988012032498,41.03764487375854,27.79651996973149,75.51857115504043,77.1254024819577,18.88833514074407,79.72101336228641,71.32855177790552,38.23681224243613,612.3022232282706,402.88450314383766,1015.1867263721083
Company_01,Year_1_Week_46,27.111498554356736,52.23134043158559,71.52093814451734,87.69065329867719,66.16710155727421,50.02502284998095,32.5118454557159,74.4464848558303,74.62226363687878,89.23335980657127,527.469003004528,249.27017364109142,776.7391766456194
Company_01,Year_1_Week_47,82.21475658478735,21.479214809009832,57.58364703390081,46.46069279931847,62.15989293623629,72.23820348799596,71.79902045373774,51.85203986895218,23.335712744317807,62.42652152452906,640.6882489475398,662.1903812508201,1302.87863019836
Company_01,Year_1_Week_48,13.469565794561227,90.16449175485234,77.33896391617752,44.796517807051565,55.70063953199752,90.04271381517063,26.798100916373972,61.52661860753786,18.989504324287118,11.888267891743627,523.7067171728195,357.959532175048,881.6662493478675
Company_01,Year_1_Week_49,20.379712860425457,24.802651197109533,92.92381704320464,12.457042924011994,48.406182495555576,73.2744244029993,41.627662823467176,58.89093095974136,69.41321026624331,35.85819185367038,385.7038604831949,420.99061433868843,806.6944748218833
Company_01,Year_1_Week_50,28.536703501395937,59.1979877952774,87.43551514495044,72.70551468601111,93.4559413135203,18.385498081791948,97.3408419273947,82.50432396645533,95.94709201045934,31.22317988841659,693.5552403189121,238.49804410684266,932.0532844257548
Company_01,Year_1_Week_51,62.437410248182914,79.48424129284463,95.37497981903203,35.90801377621746,12.599032820956882,26.869357970757136,60.61400707910652,38.52065273307789,87.27759958683147,25.522349914153473,634.4915252985164,438.79177194411085,1073.2832972426272
Company_01,Year_1_Week_52,28.378330850368208,93.2320654168042,17.92110108710387,58.71529812976678,12.514259046537294,36.249205293603346,87.36588685494783,77.31544665927697,69.12114833655974,96.34180574171583,481.39964073200645,535.5693310329643,1016.9689717649708
Company_02,Year_1_Week_01,32.00214193620887,85.0022274111461,87.38445898211324,96.4652344616951,11.29182357175109,69.30756571893241,67.11402916558433,57.69432791851637,59.30990294881454,62.99114651604574,666.6952280497878,669.088571581483,1335.783799631271
Company_02,Year_1_Week_02,30.13555707016426,18.341827067963813,56.396522135240964,40.21284914758821,98.68425093636107,26.86578947485885,64.78082482452078,27.439005626766672,33.36477726503635,47.959970021866006,468.72102363328435,562.37746254627,1031.0984861795544
Company_02,Year_1_Week_03,25.94178055613765,12.245046640552559,12.051349537071165,80.83003488981349,88.208343558666,69.38042952102947,20.41517716569558,56.71802359470086,35.0493397328358,83.95518027591426,419.171710670567,442.56213603334766,861.7338467039147
Company_02,Year_1_Week_04,79.10709915275856,57.61029128985913,75.0638883386738,85.2350738761489,58.97276377211418,95.68837357919578,90.56675548096503,32.87488864328029,93.46350980696752,96.56779918077785,747.1928606862865,572.3405097272209,1319.5333704135073
Company_02,Year_1_Week_05,69.19683858431321,44.6635807678606,52.6455980530532,91.8737242050813,37.93019647903488,94.42320338252534,82.71609894000147,19.83738932911719,35.05293139887722,16.775483188810142,658.3344378704758,499.1576338529615,1157.4920717234372
Company_02,Year_1_Week_06,97.63649230135272,45.114163442212394,17.354779752295407,71.3691853786438,20.30169069624031,78.90534805961758,27.527225771903126,25.90753616040368,64.56716080434549,40.1369827269156,595.4712124999749,241.7980530256575,837.2692655256324
Company_02,Year_1_Week_07,54.000949859780924,86.8389767133854,33.20515083469426,59.453803424735604,56.287942318125815,33.80931049998513,27.11437468561569,89.96868474942809,48.71750809429762,99.77447790079232,611.3431312964997,319.6742890354519,931.0174203319516
Company_02,Year_1_Week_08,26.35535273887294,83.07546470069859,26.298201031090713,64.0832710273642,46.80348343273278,28.27455096206808,97.88042855157447,44.094281671015196,85.94442174476839,36.449574577746155,465.84446857830847,374.384993141217,840.2294617195255
Company_02,Year_1_Week_09,19.362671869612655,23.672446011575012,78.88788365364019,72.01024161895253,52.89809169029048,62.52623831414245,42.11905288151896,31.710435040538503,97.73368338715689,50.55886504400738,490.21454196697647,737.8533118021389,1228.0678537691153
Company_02,Year_1_Week_10,54.089645642173714,82.37600562094401,22.591741014565642,71.42632065091905,38.84708002891995,33.72006297180886,95.56335862911436,62.93691099380644,83.27087787408074,90.54931974288797,588.725126326676,512.7589567107543,1101.4840830374303
Company_02,Year_1_Week_11,78.5137828726615,78.57376145407429,23.818760362957185,71.67268083528545,42.80397246458552,64.12391258341826,89.1149521749438,46.68295436169751,20.708569853078203,51.331582429246964,660.0535005825196,315.6944296790607,975.7479302615803
Company_02,Year_1_Week_12,84.84028914249133,43.02262366791766,86.86746160486874,74.9783655812802,79.69183312812712,76.5661520936725,31.370757409241076,67.96294109668422,60.14910488833411,85.36827492543256,728.4444264929119,565.5879708325942,1294.0323973255063
Company_02,Year_1_Week_13,56.48401924369947,65.41710060641529,78.86432755318944,68.3444907425592,45.2613890494367,87.07398874439018,64.16439534265646,65.623596463871,27.824927377874957,48.26941113469011,641.192701762945,581.6510496347024,1222.8437513976473
Company_02,Year_1_Week_14,29.76661667089906,55.195285321873214,81.9364482309638,88.17297448223418,87.66278803958312,25.988265324297178,28.46232440764671,61.21415834978177,66.45900583198559,74.62111783214365,649.2092723149276,728.8053361927872,1378.014608507715
Company_02,Year_1_Week_15,86.33245238178198,49.51512460099758,29.612841032305244,17.010970728259245,17.967208930589862,79.82644354887485,44.31265809350663,21.584839225456818,61.07200930178696,80.69566868593445,573.8605982079251,317.45575991647706,891.3163581244022
Company_02,Year_1_Week_16,17.91798351043638,58.75447680052663,87.7037345996347,26.392008630093514,87.73547001613552,10.25830523735994,98.33933332675589,51.0992921750982,22.48654127736664,33.80017844266446,567.9481068426983,580.8632391953008,1148.811346037999
Company_02,Year_1_Week_17,86.45487409734453,77.4902935300101,61.98340458104462,26.11936377132103,44.4099504044751,35.18093116642605,25.869408525697935,78.5555396162914,21.31869593832024,52.53248691528765,677.1417230277194,342.44208445044063,1019.58380747816
Company_02,Year_1_Week_18,39.89159489047749,33.83192995183949,81.33064708610868,60.79720504920624,81.47868977317756,94.74990580463717,12.052110988085097,22.901542212795068,96.56671846636337,62.854708703966686,553.600305566123,349.0192622594435,902.6195678255665
Company_02,Year_1_Week_19,99.98671611326192,48.44884417554841,73.71242736071818,83.52761059113722,83.33191573521987,44.88188348719126,17.298501961095827,49.36260202350363,75.84912745012076,77.21076641848146,752.404790100877,321.1044236755075,1073.5092137763845
Company_02,Year_1_Week_20,76.12487538283402,64.96398686062759,69.71697140504594,33.46401228751952,93.54869299936502,25.203440665269472,48.098586384120615,81.74984898687096,39.696390444829376,93.77347666375756,644.1145745157312,781.2399833772205,1425.3545578929516
Company_02,Year_1_Week_21,64.17941996777117,25.272823723830157,11.305835652827092,64.00918464854041,40.95102032566876,19.424691980257933,66.63459080930775,59.75997852461616,64.66842710371145,51.53269994057364,439.89460102557086,224.6632539174385,664.5578549430094
Company_02,Year_1_Week_22,86.66335617375462,32.662658348622955,72.47954779380925,88.97914996474778,56.46532002726074,30.73158066195589,15.142613456317697,51.7535233554683,17.427355636418838,25.487459393291747,596.4299154557344,705.4107128794295,1301.840628335164
Company_02,Year_1_Week_23,85.18171413207469,20.00189581842932,93.3410582139749,19.450632422413936,56.6615654200245,41.70601637551904,49.189856387726714,35.45731290764324,59.1728548707334,20.88663621410756,590.7664957824383,330.15472459408494,920.9212203765233
Company_02,Year_1_Week_24,33.65389131900531,37.25023813211314,13.796943477399315,60.24905247064329,57.36195875461507,66.61889186457475,22.773560993020784,25.11541917497652,97.47126446137432,72.60840076196257,384.5734925008157,323.62801353534496,708.2015060361607
Company_02,Year_1_Week_25,78.96624429020852,90.72851731250213,36.718892126005336,28.301021266856935,87.31584566077031,98.54125321221692,75.03055071457177,61.03417962048122,96.46116021160893,38.8940433600133,722.141285587001,599.738033140331,1321.879318727332
Company_02,Year_1_Week_26,63.666403557973254,27.2357850156952,11.556729603566474,96.09160068541159,58.26146957133449,55.48869560297505,45.540221454317816,50.27309641941526,39.14404766851807,73.92868429129447,505.82322674670144,768.32931225253,1274.1525389992314
Company_02,Year_1_Week_27,64.324260523356,48.98806965184126,70.34674799959734,20.104919432968074,34.207354026558335,53.617683304065466,54.924144929637045,53.7447064080074,11.632851027245575,11.006662934795605,516.5618045390516,657.6384048881494,1174.2002094272011
Company_02,Year_1_Week_28,59.68399546279706,56.64543249784468,90.77632123133344,93.16454977922874,39.340502915198556,71.4179501682114,12.9409267053419,43.20658618780756,97.65125783430518,17.89885164246307,640.2488776609252,707.8929309780467,1348.141808638972
Company_02,Year_1_Week_29,18.858058388469985,63.94244528445968,33.34273988825721,27.400733266693177,77.4587116703881,50.72091403382913,54.15181860371919,40.25471746654075,59.77334349322262,86.66863771744418,465.07098192680445,766.0868870208693,1231.1578689476737
Company_02,Year_1_Week_30,86.98335390339305,20.601536146859473,73.13855006456538,77.15053780470167,26.03806993344301,61.04520549450029,29.98423926477102,89.01032307868395,15.971845112353426,95.48951047626511,621.4813797102057,281.3099655426761,902.7913452528818
Company_02,Year_1_Week_31,69.60255148099364,55.31966922255922,67.29738609688158,80.7917348402568,94.09559382526805,86.80800671609569,60.64403720110525,39.24367199995568,18.120659181337423,17.666118852418638,701.5558870033997,424.7796599141242,1126.335546917524
Company_02,Year_1_Week_32,31.6644320805122,89.62042531844659,54.783516235595826,94.04319244356836,52.297009424525136,43.619024235777744,31.26129860278916,89.68404096178544,69.87505750486734,86.6068699069761,643.802303573633,468.59035176134677,1112.3926553349797
Company_02,Year_1_Week_33,59.49242011898476,10.144444877875813,54.59302610997207,67.22580815172819,62.51776426888689,14.476933830554959,15.55429279467479,83.56334195986612,26.401756960892,35.176334223244815,458.2308625016328,425.1472887022777,883.3781512039105
Company_02,Year_1_Week_34,45.93483188024314,45.685142970302294,92.94637885238724,81.92208680327937,76.56380058530824,62.90578428836419,80.55548515998225,42.211427653093295,97.05068651853836,88.73524261730131,681.8255685593579,460.1061882650588,1141.9317568244167
Company_02,Year_1_Week_35,25.113382367905256,25.462931333766285,83.41695460190175,93.40498473979666,70.83189601038714,81.97470844919629,15.126804819095236,56.50696276327296,33.55734157893096,73.34547858041105,550.9654727412836,245.9444099646358,796.9098827059195
Company_02,Year_1_Week_36,71.82153884269155,17.89421505235176,96.71762291213112,78.385148948601,34.50138959422908,87.1550851773475,84.0476873245139,82.85835204296987,56.56261932087433,59.83307655734223,704.249972009544,618.2375504870204,1322.4875224965645
Company_02,Year_1_Week_37,37.433064690168095,33.68741235829595,71.98125485242903,26.095667572479122,20.328720376135138,67.87011700766702,31.54974489272106,82.87389102077253,35.74181040659087,91.94039331498732,415.71208302771964,557.0546571460899,972.7667401738095
Company_02,Year_1_Week_38,90.95778928763833,93.68757490141162,14.198103366675204,86.09270257335787,89.18317563466063,87.4047615729559,14.9168388318031,95.72083055045609,83.19939474914626,23.31359149049461,802.376075550244,266.1157618699314,1068.4918374201754
Company_02,Year_1_Week_39,75.57690459816912,78.03873829358571,57.33347153372665,46.425981838192115,49.696907990135934,90.75040097234188,34.53909636221789,39.542805217705215,93.40434183083255,68.4434304874456,698.8973908265848,644.4733957587064,1343.3707865852912
Company_02,Year_1_Week_40,28.350643548145804,11.013508334265962,59.00328183990256,82.28927479167419,89.1498059315559,33.32608142083082,27.71655760059336,23.472665952321798,85.78643922246714,29.857819422383418,416.7565814856034,731.6323342213974,1148.3889157070007
Company_02,Year_1_Week_41,19.59119127596583,63.15998758921565,84.04128878106992,88.96663433548464,30.61084572886196,69.18381127420702,27.716468438336843,74.0555371532728,41.778516308474536,55.416064621356746,605.1465932311938,204.06500074819343,809.2115939793873
Company_02,Year_1_Week_42,96.36825762430668,65.89024128038426,91.89857563230957,77.98082330293612,23.77240655618637,37.09822363125588,14.91790330756083,42.96500284209435,75.8548807405606,82.21419086110828,732.6762147628447,333.78842196283654,1066.4646367256812
Company_02,Year_1_Week_43,95.65976081165317,14.462969630711047,88.32108273858255,50.15095108481848,66.02367964974272,83.70996231431441,59.23255501871383,35.447291231658696,60.96349886806647,94.74191638531519,663.7408996611651,274.5040551513977,938.2449548125628
Company_02,Year_1_Week_44,10.796213110141183,61.423229115025336,73.9325293337887,84.35839349716882,28.614042982931586,61.1845038684079,92.39324240275032,69.4871216908429,22.882855755492187,68.94618781421133,555.0212027958568,533.895894762466,1088.917097558323
Company_02,Year_1_Week_45,12.688039537578385,15.277443996559176,21.466012825367443,23.358113761518517,37.21259967906501,97.66160470176803,60.225685027118544,28.570980055255212,72.89084510280844,85.39234047758093,330.0827722194906,489.9808386965318,820.0636109160224
Company_02,Year_1_Week_46,59.46122467689904,47.03442666164407,54.55665145809115,44.79394544630809,70.65024134982987,37.67449589750631,70.90307914712238,32.865317884174395,20.253621546358385,95.74469671076356,557.4847295665053,552.5967512012029,1110.0814807677082
Company_02,Year_1_Week_47,66.309859982424,68.99308430572097,16.10553726736684,60.90633684521392,51.948420839451586,41.606581194347555,57.10474441413172,86.00606543619926,59.76170741686352,27.28302106924865,574.0311456340415,489.1935239814974,1063.224669615539
Company_02,Year_1_Week_48,94.74841986966976,43.82443753679326,95.89574555250827,53.23791611833352,77.24995733361453,60.188733250873604,61.8226917552123,74.0732594711394,52.0273483387139,92.39244286045266,738.7822793782793,493.3826885956951,1232.1649679739744
Company_02,Year_1_Week_49,26.337386871342716,13.825820856092017,93.33808503616814,54.25732859280694,46.744594447395215,37.372606026026475,15.226386120757011,49.18055708186536,44.873238753756,41.936407702097725,410.19615125782923,396.1151164155044,806.3112676733336
Company_02,Year_1_Week_50,38.63455733418998,58.03986128858353,50.656996232536386,80.3907159528214,57.086690354097435,65.6621585130234,15.384789520150857,44.13484738192734,23.49682779686755,86.47114015487774,567.1303357501723,310.48933703466093,877.6196727848333
Company_02,Year_1_Week_51,50.29141299992998,67.43474645048745,71.38824497704778,66.8643185665458,48.24353865693583,39.357371207553484,31.98059687779263,97.70549004999829,16.52035682784667,10.806541272605651,587.7779377477941,681.9057893409685,1269.6837270887627
Company_02,Year_1_Week_52,31.877216375471026,79.39325303822352,99.07371083595051,75.90534973770603,99.23720163718883,92.83206442044097,80.89709824351827,37.271662890619716,97.26969048181364,32.64318985905234,762.59553285529,234.7226852398374,997.3182180951273
Company_03,Year_1_Week_01,12.259074491587238,77.11171186498152,79.4227631065246,29.34897831002163,91.69040168777558,52.71732951785624,74.73907189489508,29.133190820128643,29.06672111547277,31.653531766557116,575.8533486636829,468.63159421553803,1044.4849428792209
Company_03,Year_1_Week_02,20.240069114245905,80.84486662148372,20.34027138719415,98.39295826814694,56.66921799415254,14.460669129912329,35.04208653421464,68.93474160856033,79.22116717416718,59.76038726201268,458.62306356803236,575.5926599279431,1034.2157234959755
Company_03,Year_1_Week_03,66.43405899867884,67.45908730183332,67.80178582376118,66.47446953030376,50.7875448792325,85.93163155299285,99.98649709748058,85.70189371346822,22.49363846470152,94.28541161781845,736.8804846751216,394.2256706955375,1131.106155370659
Company_03,Year_1_Week_04,40.7237849669971,62.04135032489437,52.28189216433464,50.08940474910004,16.61996618866679,86.98235077977876,31.28902293150182,31.762073429938212,33.462112836760134,56.18802465656704,500.25492459353285,574.7298959432248,1074.9848205367578
Company_03,Year_1_Week_05,20.62996060167542,91.41595241315011,13.292781420508733,47.4160008425695,16.491775428205603,78.3047032198087,52.57966320273584,64.76449336419576,62.82199447837783,76.50252670418334,462.80573484530737,419.388781145159,882.1945159904664
Company_03,Year_1_Week_06,91.06793119942844,60.995095195243145,35.7745388714505,43.59832317485786,95.80388894503743,66.90752051773256,93.00824129037528,17.89658041150392,46.52347788100726,66.71412910202633,687.3539085593272,654.9404003424688,1342.294308901796
Company_03,Year_1_Week_07,37.91591113996251,14.677051233601835,73.11493505456289,34.578329671803004,51.05900447439401,93.62021223142888,65.1084471389802,83.55773281888453,16.485863998358354,79.22668848604434,509.5894592361558,393.12889558320387,902.7183548193597
Company_03,Year_1_Week_08,92.67547838615624,59.03423955723891,55.69105097963018,29.742912428960345,88.5536055440626,25.082291036634764,37.59555773197165,91.00103004383217,42.68405333654674,95.52637440713369,637.7991799549764,623.342355975512,1261.1415359304883
Company_03,Year_1_Week_09,14.512672884445095,36.71319821042671,23.326894154856568,40.5774194538386,13.882608386202149,19.746197965169436,56.07069481085996,26.350620942462257,26.998904861797186,62.75655853163093,293.08174400691894,664.3482244031154,957.4299684100343
Company_03,Year_1_Week_10,93.83962379233088,22.963746389750035,12.884788394090071,74.12393462365638,29.54426034313139,54.194307723965224,59.96418584005313,22.855611926361775,46.81856581741744,24.777266905549517,532.6904929262022,394.5602191100503,927.2507120362525
Company_03,Year_1_Week_11,40.76717961144624,89.44617481080664,32.279726270658614,21.189128402494745,48.972343951901166,57.43363153979045,29.550709999970593,28.62399623874123,31.19841845754361,67.62377653723563,513.7027377918695,207.59199864382907,721.2947364356985
Company_03,Year_1_Week_12,57.51524075115427,97.98751172343638,71.18290653328685,49.91315713633414,36.78687286220263,15.578520146447936,54.15003121893791,81.33108202701729,48.77015808803563,49.68039449503071,630.9690320866671,335.66383448511465,966.6328665717817
Company_03,Year_1_Week_13,47.32390537891573,76.49508622032842,59.5934027793259,56.03470615055583,84.05984898912499,75.03039647582511,16.448828385547046,75.47247902842567,83.06312015134984,81.70431968734373,635.3131547816971,674.7392876174983,1310.0524423991956
Company_03,Year_1_Week_14,45.71114572625635,68.69349672952404,45.94049895691571,60.726939523998006,76.79757365462402,22.943099283429877,79.7270327834286,60.11582253772325,39.74217255329145,27.523861071721473,583.0060399185895,663.740369459921,1246.7464093785106
Company_03,Year_1_Week_15,24.419628648901522,36.71986010449465,64.23267174480634,73.18835795282627,15.730839146027943,48.285622946740766,24.31903309418015,28.256772790209638,82.1054126716532,23.17103441245242,429.6719888399678,474.7151420802714,904.3871309202392
Company_03,Year_1_Week_16,74.22914526102855,98.57865321288794,51.32467258343684,43.846346926103706,52.654024841146196,21.007783339670016,74.508578805232,10.758635600491868,67.29376518167396,69.62607592621518,667.8897984406793,323.39485204119063,991.2846504818699
Company_03,Year_1_Week_17,31.34672679218265,97.47163279153023,90.81562434588488,55.366350793776114,95.6158259017523,72.7833116585746,76.19905136359436,94.1628239999892,25.82655259957894,59.12374676081066,735.4712085187995,792.3577763716625,1527.828984890462
Company_03,Year_1_Week_18,22.364735780536463,89.72589058820317,90.26536874861459,59.83287275123627,54.707850893656,23.887762896980007,31.93908676971049,69.65580901017037,14.711726461982897,25.792565666729047,588.2866780390386,555.8487936759786,1144.1354717150173
Company_03,Year_1_Week_19,84.03620241908712,53.26696982348153,28.63144294292429,38.818018087094366,54.96859085738427,31.23635530636858,52.314125327800106,10.896206612320837,32.02673395023737,12.714679489226999,561.6803096913538,522.9341372479699,1084.614446939324
Company_03,Year_1_Week_20,64.23259109260472,34.78651803264549,34.8317395694066,23.523120548337925,77.86980337123252,83.83400345103861,71.65496364583703,25.721674104369207,68.6489394244674,45.57956355570167,555.7872214695437,665.757004434159,1221.5442259037027
Company_03,Year_1_Week_21,90.23064695885257,49.17667266907128,59.91623585268691,50.68796718531438,60.40307809281518,40.28096334483871,88.29351058792795,29.8603574085583,98.51690046142568,95.42368498322618,658.792018246287,338.23311144604605,997.0251296923329
Company_03,Year_1_Week_22,61.11906121436256,43.11768507549973,75.28478429494486,49.736266490296515,42.96142750139931,37.84429608293283,77.99720349151687,63.81089965572629,87.34853597631685,91.0615353552117,604.6595425939167,642.3410042645062,1247.000546858423
Company_03,Year_1_Week_23,96.32162000237454,56.18480088675562,95.81938510933895,42.65362767348142,16.329160070394224,23.661030513820926,46.21317049535409,94.09705033456291,54.94747627378268,29.695503519072446,708.7108363790084,707.8248318675268,1416.5356682465351
Company_03,Year_1_Week_24,53.39904247571028,73.0060526109255,62.959710576529886,54.82295475061546,77.15328907387763,93.7149020106491,53.01283811798491,42.480938999407066,18.25663792429521,94.54221280689201,697.4934631939527,567.4998668642139,1264.9933300581665
Company_03,Year_1_Week_25,13.753283115310662,38.64340630581887,30.159414321602128,57.3324651042578,62.04210056479779,26.05183432385478,46.16962455351349,45.48386508023172,74.22425449677431,69.42695914047677,382.146206978837,307.9015904069486,690.0477973857855
Company_03,Year_1_Week_26,63.17463249984341,47.88045456539933,95.73107070039612,65.5554119502028,18.108720985497605,31.218955860378465,35.1487081228788,58.69145026435423,87.20499084306815,79.24574995066787,645.5090038048926,472.2676544070907,1117.7766582119832
Company_03,Year_1_Week_27,41.815067460276794,12.405098810965619,70.3000141088616,73.38475822551857,28.96257154902447,76.23047829547995,85.99821354286995,98.05422235676942,83.97188855880302,37.11864874382944,542.6634809147075,290.2953969459832,832.9588778606908
Company_03,Year_1_Week_28,96.27083528574546,54.43539096283527,56.120989870720415,43.001843316261315,81.47848495962391,50.88786229090255,65.97492620765215,21.51367100308305,68.80720573419502,80.6030519924933,669.1600544087285,481.1370581031976,1150.2971125119261
Company_03,Year_1_Week_29,86.20395473417771,12.379300101498618,11.894834911501963,21.215664332638262,57.763498442209254,17.418358893786476,82.91636782483839,69.0360577800983,65.75705430183372,23.929695313285173,437.6123251040532,249.08551463412488,686.6978397381781
Company_03,Year_1_Week_30,36.343379615683084,43.35146004004692,94.73456006289089,47.02158168984186,45.01263839780447,68.68493740718793,36.180566404843944,32.72948776037867,18.44135762524483,28.371568878714694,522.7550659478763,363.4206890770711,886.1757550249474
Company_03,Year_1_Week_31,36.018948991203146,87.69074516535255,17.34064091209375,39.44725530494637,28.915546253308992,35.195490068971225,18.505542116434277,30.777709606564873,80.63679375014138,99.85486520315476,500.928438460481,535.288776245359,1036.21721470584
Company_03,Year_1_Week_32,58.62471498693949,29.743518507783204,17.537949718738478,18.62926544701818,78.23756474650575,59.459466875847674,53.62535538339989,43.85192317132322,56.51243023207691,65.79618735375956,459.21159096145357,504.19364690150235,963.4052378629559
Company_03,Year_1_Week_33,90.6623058487019,27.676586530828377,24.438994278114503,50.04373282806687,21.206298147331054,48.96105460618218,63.268188149601016,28.36168712429768,38.618251182148796,56.76768195406225,506.545051995706,444.7414633988111,951.2865153945171
Company_03,Year_1_Week_34,33.072120513833354,44.89811720277411,63.71163885449326,80.94056110816402,43.1004720917523,50.70029599324197,61.39670737563664,43.36116854514367,46.37484739900177,85.64894012493674,538.6446764201468,347.98875735645237,886.6334337765991
Company_03,Year_1_Week_35,61.160254964953225,13.05974616360583,93.68240549682899,36.13915280805762,33.414565963492365,33.33538997532882,46.03273775091902,21.001617521824862,25.731070673888453,48.49256559630555,518.283636210544,653.383047691583,1171.666683902127
Company_03,Year_1_Week_36,34.78679324736378,30.926188383219284,69.55732979383774,14.38214099187108,69.15999247231494,66.65928424427156,78.25891024508442,49.82478336238938,60.72907191847749,79.09854414037576,489.3938582572291,625.8523735687671,1115.2462318259963
Company_03,Year_1_Week_37,84.35889310480619,85.33796162770885,14.715198004320634,42.16151501398221,45.10186760066435,29.689076693361393,63.333015708801796,30.94890824852848,89.11127796304022,85.02098609582428,639.2410186463021,330.0087730266654,969.2497916729675
Company_03,Year_1_Week_38,62.58351791353231,35.22316600670494,60.51765154684902,54.86417007031209,95.62707666462148,42.66166104669252,55.8936188049632,83.41709368329268,16.760397503593122,43.304868209443015,573.6265479243119,332.4246965023078,906.0512444266197
Company_03,Year_1_Week_39,29.48191453921927,46.314062567955126,10.12468224972332,44.81576601204422,27.748087821153344,38.700538195750354,43.21171165127307,96.278827907598,14.458298278992405,85.29865838897544,397.45258170040324,389.971742463256,787.4243241636593
Company_03,Year_1_Week_40,30.09609988212698,27.262598406383503,30.889944090202153,77.89556645840628,86.5830105408434,74.1294685145987,66.24541726159103,22.10523636344613,36.459844746176174,10.928955121287245,505.6723042470053,577.6799571939023,1083.3522614409076
Company_03,Year_1_Week_41,18.00335388004418,33.84311846504772,72.26941262055891,63.16200736621205,21.094188327097154,12.600067660406253,83.94459640601528,81.77442793913102,48.7956270091954,98.10453762208493,450.5560671266032,278.11907071316386,728.6751378397671
Company_03,Year_1_Week_42,67.41800392730084,50.08929659626579,87.87621976384021,20.157635016645152,64.07094077577477,32.539361647701895,15.866266364213976,78.15747852449176,18.36029714311888,29.183382198432277,543.0414646565974,290.74905051478714,833.7905151713846
Company_03,Year_1_Week_43,82.48888622556696,90.65087618899682,35.80284411255637,23.973121898951476,30.89172291064009,55.851673150005084,13.880010511730035,18.48499528832363,86.53199031832578,71.01495596558914,577.4180883710972,254.89757819934465,832.3156665704419
Company_03,Year_1_Week_44,56.36236913629416,92.3772926916804,29.543462458026067,82.39832846640515,29.332162854119527,12.437056386438506,68.59238534011588,61.86282963133532,15.798665309350785,59.29917087559513,585.2633947796086,401.8351229403638,987.0985177199724
Company_03,Year_1_Week_45,16.740213305286375,75.30447215621965,22.681624613796227,81.23063848972421,89.65881075442013,17.473650388445186,44.08727942122025,74.93223333655109,52.85792521301497,24.43796533867959,475.7499489260202,726.1296308090165,1201.8795797350367
Company_03,Year_1_Week_46,21.042589518434234,87.12468439849255,20.242818723648057,61.40044753277345,95.04481782160867,99.84073502004249,54.88925882337633,26.425856492470338,28.488954998076103,31.908736859362996,582.7150059830234,367.5520500250526,950.267056008076
Company_03,Year_1_Week_47,57.80856166284291,68.81159771944169,55.33257336983295,22.15843356665698,31.466884561783992,42.94326934492101,31.856923354148798,63.610416062947195,73.07204993652297,88.11824682602244,521.9058947122023,201.96595222671863,723.871846938921
Company_03,Year_1_Week_48,50.426270864318404,69.03050213266229,33.68256716185181,18.994027829072454,33.35011122770869,93.74904244180635,76.61892178576059,84.59107481484106,98.77719413196178,93.73471781997016,582.6244615801879,657.3287283812809,1239.953189961469
Company_03,Year_1_Week_49,84.063790676446,90.77003186078468,97.48035259104927,60.95006719586947,65.2837546406059,32.75109307160231,50.53372042989764,95.09798401192906,24.304807068523424,69.12546689067543,787.6814035424668,258.1963343256719,1045.8777378681386
Company_03,Year_1_Week_50,99.58550698833338,70.67502040810233,98.70585230586786,79.01154306090756,74.46005287355305,10.737483795588323,43.39476407132943,52.45888686011046,82.30704672786737,57.17760714854243,795.9880465672442,660.648304956723,1456.6363515239673
Company_03,Year_1_Week_51,70.40220639444561,28.211752062954172,25.236429707665692,98.0014568058961,89.53283117393092,88.46100072394425,67.15108975052745,29.240297751807617,34.78971318823898,86.43823358302181,677.2342857818581,423.02931341339956,1100.2635991952577
Company_03,Year_1_Week_52,44.91501408126182,50.29801729145519,12.512319875139905,26.082361921629815,95.5773443861953,66.39656616948143,23.930459300325754,18.504479362965697,44.014897278198205,59.41904580671392,448.5054237312588,782.59818886228,1231.1036125935389
Company_04,Year_1_Week_01,87.12914847993166,54.86704108736609,31.916411166653937,73.76636105010408,87.55232857099621,14.158516884355848,97.53506893251709,14.689909043883231,80.91996683627771,46.27980571269062,591.7156779530458,628.6852548258832,1220.400932778929
Company_04,Year_1_Week_02,48.2589496732561,95.12416734060504,73.61884626903884,42.06214824975495,85.72854565042482,90.8925803949697,89.6284850360438,19.155367187170782,90.5456770366857,45.15358514129124,698.8782997492126,480.26550044622235,1179.143800195435
Company_04,Year_1_Week_03,11.206678321255193,78.90979102956646,49.54328148779567,47.50516792092587,53.42219768361166,76.39218745652241,80.51728847936968,62.31548057503442,37.43767628540577,67.58977441348979,496.1981584404358,216.18523437420237,712.3833928146382
Company_04,Year_1_Week_04,71.71729086721615,75.81796123900214,52.87388039260678,35.932767370628234,78.12965285029242,72.09185304170146,86.02139998791853,90.887032762129,37.86048312937625,31.068884924614206,725.1965266881483,727.3297809962619,1452.5263076844103
Company_04,Year_1_Week_05,76.72883672062231,19.009575878484867,60.144359011259716,92.09461584448782,58.295484913075704,78.86060971971061,64.5468013506358,59.59294377452755,24.60659510713078,13.730077805345632,638.9879293601805,467.9431301365195,1106.9310594967
Company_04,Year_1_Week_06,42.95101650529822,32.93062192964784,47.004877730703804,15.076405806984546,83.31303414433951,27.050837857840936,42.48504832271527,29.84268956740071,22.053623451570033,15.293628843162125,378.8061348376542,371.6945787775999,750.5007136152541
Company_04,Year_1_Week_07,65.9045825323855,69.59592342656745,23.347550200192476,20.24685956105542,81.08661515738369,82.13425666879755,42.64130975241726,73.85417676925663,26.310213411075598,74.28150973432429,576.0206035757743,428.08085283607517,1004.1014564118495
Company_04,Year_1_Week_08,56.502414562629255,69.21271692061923,81.36968332877042,64.58895611432436,51.81721787984504,64.21168252797398,92.46959735388496,29.19043187916344,36.081955143910506,21.816556893413015,677.8784587530178,733.2041766386551,1411.0826353916727
Company_04,Year_1_Week_09,57.290895189669044,24.552308615134507,97.98263160102226,18.816048858301066,58.876296125162625,60.08907759995069,50.16508380307468,59.993746103056104,47.93558077657082,19.447654778253387,577.795750358543,559.2950344456926,1137.0907848042357
Company_04,Year_1_Week_10,41.12053914630563,45.409021318673105,71.27942529763335,74.6819705196779,87.49900089867884,13.49595113759446,81.73964274710745,63.75524979459231,13.560846046607914,67.34718896792614,555.8876385873655,595.558266808472,1151.4459053958376
Company_04,Year_1_Week_11,64.00911259365246,98.13713210177416,41.4289711197582,27.087777634371847,39.33744342100482,72.92391527100452,65.44469714339809,29.04639071570872,79.08253141531284,67.34608802708118,580.3684705886906,532.7639470117116,1113.1324176004023
Company_04,Year_1_Week_12,53.020694057019696,98.73401650753067,97.12117494121973,30.714516836769473,12.948337455048863,46.23333856602865,19.055793697322873,92.01245417319242,58.877285556991154,35.34518581714717,660.7317463862212,663.7074643671622,1324.4392107533833
Company_04,Year_1_Week_13,20.42715654563397,16.89066378798654,76.65293436772593,69.77135671444927,23.012446112486135,30.96133687645523,63.675242019461905,51.76096682714066,81.18959808988387,36.506565563757746,429.3534358172807,487.51524318191235,916.868678999193
Company_04,Year_1_Week_14,85.2994992097411,22.95070408481545,95.76700119556456,78.95077215589497,88.64288415441798,43.6979765596383,26.762105110385235,96.01641420099814,19.711253699804423,12.31154000573354,628.6127025873899,559.2660917167168,1187.8787943041066
Company_04,Year_1_Week_15,29.75890147100123,69.38898342186107,58.380167726807265,40.18559321031428,86.94115286776604,74.5092583794325,60.9516846114853,53.37472332464175,36.11919842416572,10.79368142879518,566.336936902879,281.14215942879514,847.4790963316741
Company_04,Year_1_Week_16,67.09387423493763,44.35027068434559,22.529369286888294,13.004597914075696,95.82529048375267,65.40804730100089,42.454856285925345,48.0364751065421,79.6220811632093,94.10494474030817,546.1064215427991,254.627768946619,800.7341904894181
Company_04,Year_1_Week_17,85.84795364883888,55.702665523420535,71.64644204114865,57.10715674403939,63.99707122516229,80.7274519430306,41.34024993962383,97.31336629809306,39.57679842542038,80.3415333419319,700.5109783127183,420.47413387039705,1120.9851121831152
Company_04,Year_1_Week_18,29.120344991626936,40.719449874743574,87.2319413866037,73.19840118560323,14.093657855988639,29.59340407307232,61.61727684761125,29.851450557958454,86.39596669881234,39.343903151438965,500.0211422423096,314.7072435564978,814.7283857988075
Company_04,Year_1_Week_19,65.1355023105267,69.99760131988978,24.103273011201004,92.16862052535011,73.97668344906671,67.54818598681358,46.625140281122455,73.81893854680033,18.3900495485273,49.90550168483497,628.5566730423998,427.5975285639746,1056.1542016063745
Company_04,Year_1_Week_20,21.734031385206237,42.52510954646042,70.24645366187029,55.53539358718069,58.789088085686735,45.93843273424406,25.65703779596782,46.2141819896856,46.63315536472023,39.859444075269266,554.6821018060435,625.4342732775042,1180.1163750835476
Company_04,Year_1_Week_21,92.97004658163857,16.070013650565375,17.575463349775642,67.87129193294024,72.54507120937419,33.41011493572774,51.85861868193485,29.355309808102792,20.743852269727437,23.307801113839204,564.3401641092605,558.4299249920443,1122.7700891013048
Company_04,Year_1_Week_22,43.74017977662657,77.70019890516761,75.09908227403399,63.953401181095785,78.00689217073014,17.61520549207997,41.92873993920808,19.232715945963335,84.16467855209606,42.7352392467244,591.8196263097911,587.7343396811134,1179.5539659909045
Company_04,Year_1_Week_23,62.76443174047886,60.25900467352038,60.95409260957321,12.338473103159847,42.54020796218716,24.73089575392588,58.87848880360936,54.78197715295045,32.214769790944125,96.75119786309439,503.3378766729022,262.3113148050479,765.6491914779501
Company_04,Year_1_Week_24,91.99899679598893,43.951818141621075,82.82620896294792,52.846335154016245,68.89455982416337,37.643059177935456,76.19757750027959,98.05097610437335,82.07073907390591,97.45456121385466,776.1046584563309,555.5147630905235,1331.6194215468545
Company_04,Year_1_Week_25,98.70527052135803,99.59251549544773,47.31572406506681,16.333484633014763,54.610284908803806,54.953092294712924,24.701815211903586,37.12477537398904,13.274166745528571,62.143912800017986,715.1475835712886,596.157652148697,1311.3052357199856
Company_04,Year_1_Week_26,80.97975405767697,23.92177819164128,37.46606932062517,36.29852341363824,10.035188725842533,39.03971238702694,87.64841770045182,88.57773975329741,51.295248368179784,42.11528691819491,465.5393180820403,314.1677398421427,779.707057924183
Company_04,Year_1_Week_27,23.408440135546066,39.7191468848071,99.0266683275398,54.739450534638465,28.9206454881882,79.93450719241876,80.19544727493141,50.051436315589044,96.2384145705906,61.15349397456207,483.52836874303097,610.9346846102634,1094.4630533532943
Company_04,Year_1_Week_28,23.914963256439258,21.788115995823713,21.085489106886882,98.23653133688507,86.65768373189698,16.87568849820645,84.96137586168163,15.986575706132314,25.528132635100093,40.576660681043464,443.8414426864908,365.98980313316366,809.8312458196544
Company_04,Year_1_Week_29,20.327037879363125,87.74628401309137,24.722284359517076,91.4263398245529,69.39975608162621,73.68111974051038,86.56391974686419,96.42583338110367,11.517922992615224,95.83124134680251,667.6034961146692,564.7690630596788,1232.372559174348
Company_04,Year_1_Week_30,61.24877227910841,65.70473276210197,14.115501144372011,67.46417168901807,21.257681442811275,92.37244078031786,35.77030512118421,69.14721568597963,82.03996815066179,60.651850655678075,589.4922046544589,733.566821769273,1323.059026423732
Company_04,Year_1_Week_31,32.41648649392336,40.35407293049316,34.22762635633066,36.5346709542186,71.84440632202929,73.62170749459816,70.40618031619263,80.34702342716062,42.194796848422996,74.95291781057641,449.4449055669211,230.38821998981308,679.8331255567341
Company_04,Year_1_Week_32,68.54870328048482,82.38080140538892,63.87108202248104,84.13731879692439,35.723249725401246,37.54437040138153,56.43944428064199,40.00067961932399,95.33200318984808,99.69284202721346,621.7724041614271,589.2133218432573,1210.9857260046842
Company_04,Year_1_Week_33,30.774663606074064,56.683223844471996,62.63625983010819,92.72251734574657,45.11277778616488,43.325493793725755,88.74659838958533,58.5647782668815,40.47624514233813,25.093599036958494,589.8374592036591,760.5060842851494,1350.3435434888086
Company_04,Year_1_Week_34,92.54497831276908,84.27778015487091,42.740336162065475,82.8738501434244,76.83416858463649,40.32149544231617,90.33877959859726,21.412710225273237,23.118236397370506,69.33246073342461,768.2696885279668,662.1570227596819,1430.4267112876487
Company_04,Year_1_Week_35,24.748957263180667,90.55282898434949,28.13216760129999,40.821400373894484,22.03248283954797,65.38031985792995,87.08407955923957,73.66863484735646,78.05305177474128,13.93314511194148,543.0082759227151,660.6788642242373,1203.6871401469525
Company_04,Year_1_Week_36,50.98439552531309,22.184523893086805,70.32363576543281,48.48330119285031,58.86799386122741,30.779517281684672,90.2775118560435,42.64169797573204,34.97214660354081,86.97360681038296,510.7823700153544,533.28848269006,1044.0708527054144
Company_04,Year_1_Week_37,10.29604918419226,90.60462263347111,64.6022206164703,34.70177706917342,54.34343906634012,64.50381484175733,41.933007549524454,27.2381580466964,96.21960400877836,59.84163807357998,488.9997030552562,540.1902072254577,1029.1899102807138
Company_04,Year_1_Week_38,45.31913273569511,86.42278323188674,83.5030559075366,48.90994472977567,78.85240564160794,68.79505896044671,96.07830775561517,76.8710179307857,34.92807863026385,97.15197229489064,674.4774120998388,598.6355017675577,1273.1129138673964
Company_04,Year_1_Week_39,20.25534272800654,32.2225250738086,12.868764534410614,96.42878855007011,98.34898085077268,45.43254174593794,64.47843768956804,87.67632709293515,92.73134291616519,59.08750610703068,516.8012082977166,471.8509751007724,988.652183398489
Company_04,Year_1_Week_40,96.99106899226169,14.027347859599779,27.44803485535718,52.48622505670196,33.007101113942454,98.39968972899739,90.12707490682514,34.71947580345086,14.784366700918447,61.914506369687516,597.0213875082061,270.19062062770485,867.212008135911
Company_04,Year_1_Week_41,74.888428417487,89.21797376698466,66.43761140552434,56.004562626963164,55.328966446214245,74.72759552657963,89.55072196106525,15.562945198510867,16.304021327343612,37.39751827660197,746.0081180032106,586.2643698693296,1332.2724878725403
Company_04,Year_1_Week_42,95.40286689241823,95.15888587460694,34.89985437229055,96.13704628443082,35.61689846721495,36.93593483881611,67.44845367680075,35.70543007738767,29.233662858505504,88.22584136748763,758.6922888504022,687.8179544962197,1446.5102433466218
Company_04,Year_1_Week_43,96.12210287612368,64.4758756031699,81.2606194475521,85.62383751176623,64.04056621042461,29.546462845328307,40.04258219946736,40.4802759373338,81.21753223438674,72.69300216013626,729.0890734094083,339.6730305806079,1068.7621039900162
Company_04,Year_1_Week_44,70.78305062110303,22.310445387312832,50.962070381460016,25.94765853276887,93.3552498909741,66.01577603512388,19.601469459599283,93.33432624343432,96.83314490816755,72.44958488140273,598.968031510351,327.0969001697422,926.0649316800932
Company_04,Year_1_Week_45,45.80474386463178,45.38452160394184,13.775730050320357,52.422376633851016,66.80594838730849,93.43290652018914,29.701644754208033,51.30316234798085,97.70812114885624,21.033395422421464,505.90384376684716,708.4154176337863,1214.3192614006334
Company_04,Year_1_Week_46,37.66984669642835,35.8713141543266,74.52244419330405,31.65198512346008,10.239596176182708,30.952484772781567,24.150299004621864,31.094746489761768,36.88923211021044,27.929698997137972,412.5558196550299,489.9979379129526,902.5537575679825
Company_04,Year_1_Week_47,69.45835203700085,67.30868143454533,75.57380440686211,52.96314266604341,15.838761413373867,71.43078870090434,84.3609119417271,31.362089762131458,49.20664909020028,83.6106763510038,642.1285076301718,452.4057922351674,1094.534299865339
Company_04,Year_1_Week_48,22.30018098498435,90.7033308397924,80.43427343212048,34.70004162594323,22.783988703491588,83.46519353093524,42.15810278179998,17.86440677946754,43.92374453952025,69.8591905700105,553.4993975158325,388.8721140006154,942.3715115164479
Company_04,Year_1_Week_49,78.20505195539019,24.86628844680142,89.16277448941896,88.62070742456369,66.5179025205285,44.79267691704296,55.88630445461707,36.446977633788855,95.15461771143504,64.22676097927211,671.1825303257416,270.90894445574025,942.0914747814818
Company_04,Year_1_Week_50,72.3448525132047,23.7421251845305,26.40984113674612,26.748617118327306,14.40862349696236,61.55070518719787,80.80513286734215,78.11897635056285,88.0867696514707,57.06711732603631,515.4969243250084,519.2431103353716,1034.74003466038
Company_04,Year_1_Week_51,28.965387425494008,11.303118446065648,69.50495387747085,31.479911750540392,86.59538483029516,57.88623026099953,69.95141476839687,51.00181828866149,86.34450341410115,43.27276045301121,469.28482141502866,579.9012598785323,1049.186081293561
Company_04,Year_1_Week_52,99.029200039386,64.60762532721202,83.37369976819363,24.912733677713142,97.96707411336972,80.38172267538758,13.147918338251475,66.07911484742414,69.0968843208343,70.82624524394475,732.5261604826338,593.2404903946774,1325.7666508773113
Company_05,Year_1_Week_01,26.236879413160963,74.11671972368843,61.88989356764109,70.85065508251756,35.81998272584073,21.777334441124168,29.779344388303976,93.35924777033605,45.924681143189396,26.280425418367052,483.38767072234174,571.0244642767188,1054.4121349990605
Company_05,Year_1_Week_02,45.89680061669485,47.90393161170841,45.7690865690744,16.53579661410494,15.850036837453263,30.750810810649806,71.63773433461118,36.888860462410776,25.94823084143326,34.67744791388783,444.82600566713546,690.249896301836,1135.0759019689715
Company_05,Year_1_Week_03,65.62301523034176,50.42600584802091,39.767024544574625,24.599955066268148,21.54103980654325,66.61448260603454,49.85764880620332,86.14045668234239,25.198872741822278,37.99915351125196,490.3614240264154,424.83059274149343,915.1920167679089
Company_05,Year_1_Week_04,61.587244718070295,42.55153587573974,81.0400754852036,38.57866351319057,37.999486871960016,18.946168365845118,38.63564386430128,93.0944338168696,92.78424380837183,42.54541329938064,545.3815019619605,458.8254099816583,1004.2069119436187
Company_05,Year_1_Week_05,35.37265429392875,93.16453008727322,94.14419510432528,89.12713119077549,73.51500993077671,21.06574292362499,40.64566221007292,25.662146257570683,47.667745150966105,52.7914305353223,629.7988474857192,773.4396560592131,1403.2385035449324
Company_05,Year_1_Week_06,45.64710837263485,48.60826109252607,41.79280382308694,99.98775107831523,16.447526880865176,67.79730615558168,25.468976377403532,44.48105853635011,37.47168363105193,85.23763627919423,550.6236531126309,654.2530399346074,1204.8766930472384
Company_05,Year_1_Week_07,80.31221949814989,27.956507395072297,14.229219986725782,70.70863582574276,32.88566570275459,19.13533844764657,12.411658669470343,33.32446273203243,34.2003910443936,33.79753210384906,489.7336653909996,788.0774481818089,1277.8111135728086
Company_05,Year_1_Week_08,18.116299660566863,68.25033965444584,42.41715012883607,94.57361774281816,54.45852823217133,54.36128084246539,45.54170649927025,82.61609951773235,17.726266993600284,21.51325588884311,493.78818650118745,678.0935216799267,1171.8817081811142
Company_05,Year_1_Week_09,16.89607284180225,49.022134220715266,56.92969198131782,42.24219551643828,35.74096482494951,30.47602948960077,38.28651341936734,65.48457716666172,72.0451346197288,75.84289234430874,448.81881148016055,517.1867839941887,966.0055954743492
Company_05,Year_1_Week_10,54.80841169827124,93.0048713226692,56.4686263840556,20.8027961175678,71.5576151569646,80.25837299850835,62.13734571408495,26.246007748930133,84.57904991140828,53.64082854042586,684.980792471438,550.4974776235713,1235.4782700950093
Company_05,Year_1_Week_11,75.40212308626326,40.03483513973474,74.71436468407707,15.31345547953805,80.52372069016748,72.34663356187167,16.442704910529287,17.64435637387002,85.41315291871852,20.974109460578234,556.9039307767534,334.68481489649434,891.5887456732478
Company_05,Year_1_Week_12,96.39489744803046,85.68232660635233,87.30810163163672,90.71187257493168,64.29449273477348,58.36903114252489,57.471302087866945,23.8904491165642,35.96079959133386,91.72230664019516,922.9708396304903,252.1740437392367,1175.144883369727
Company_05,Year_1_Week_13,15.401785997636548,49.08188647846742,10.362369757572544,48.08089787993877,77.82635474094506,43.928895190070236,55.7744913930526,88.17890157288018,14.798380310774231,12.99461522863032,357.3260351877845,567.2363883526693,924.5624235404539
Company_05,Year_1_Week_14,88.62298732829562,80.64501779277286,98.10177825495705,63.84216381420185,54.5757517998492,35.30889662607881,27.89225406948055,46.918894458790106,76.27187993803231,43.332748100088914,755.7389067308718,534.1083068597482,1289.84721359062
Company_05,Year_1_Week_15,11.676293821090226,48.899554013665984,95.43951911757276,40.175142710041015,48.47789979579397,88.94233082556144,64.6211419498016,52.90359580316502,35.00986359678834,21.74547295507611,533.5468729324715,207.49592598902714,741.0427989214986
Company_05,Year_1_Week_16,70.71623781635938,86.30787142450531,14.573727650228024,83.25636028879089,63.31459384603472,51.16245821613514,15.609055064326235,20.89705291281107,95.3350389592616,21.24750063396168,625.1947596149397,217.77710546059242,842.9718650755322
Company_05,Year_1_Week_17,11.193635086957235,91.26861342910573,16.646298536477204,43.2875817388869,79.5624606437119,30.66084068762359,26.00738167695765,54.23078894244776,62.48114648074805,47.33662159952335,440.38674004720787,464.6903430882213,905.0770831354291
Company_05,Year_1_Week_18,64.87309434449958,93.82382680935004,97.4129548607441,24.2105421316623,53.5182004975833,38.27734802962448,70.45192843900205,81.88921807225326,60.58082481141682,22.652494988276807,708.7223293825293,378.6872293730537,1087.409558755583
Company_05,Year_1_Week_19,93.5841137641787,70.92145741295265,92.28302035789578,41.5682787115968,89.00220821090659,22.31350654593381,86.57532361313832,92.20629221478131,57.86004797436089,32.25204549272828,853.4808511036873,712.7182617286912,1566.1991128323784
Company_05,Year_1_Week_20,77.62707601917647,38.05449120348775,95.83367274633059,44.98483710187024,67.87425999376603,69.64349594181269,99.91230658801359,91.71943314934502,13.963535005625616,27.510184369877507,694.9608750665784,206.70400051052093,901.6648755770993
Company_05,Year_1_Week_21,34.0627828005332,51.30684460819127,62.960780547269906,61.143652403729305,15.424898255334725,29.903452035660866,57.09880557178895,20.85893243939271,68.75556805771454,79.51358025134525,436.8830952827579,670.9495739231833,1107.832669205941
Company_05,Year_1_Week_22,86.12946038418957,81.43464223490912,79.59773052357522,41.83494404513324,87.56597966079221,42.08383845436735,40.99714991083759,81.3504697291828,94.71375969137189,87.0393290892853,748.0821218742427,464.4015233402973,1212.48364521454
Company_05,Year_1_Week_23,31.933079392380403,75.01851755117481,11.826082801925118,68.13635422079025,84.28008552131371,91.9106131204591,81.09911467743144,14.462909466800134,84.60802301502619,95.74149935872396,600.4687358530202,440.2488859328869,1040.717621785907
Company_05,Year_1_Week_24,38.91000927453928,78.27163121357431,64.41706364208798,49.8122078389981,51.044405017740665,56.579605649484826,90.47493576535874,50.88454086883859,71.00724860288717,64.80492204266656,595.4020054538272,332.5074024000687,927.9094078538959
Company_05,Year_1_Week_25,35.779645688973915,54.74196590066113,60.27491373035526,74.37305049694794,70.62562459972585,81.50597676690613,48.67996936666469,77.77650452717246,48.98962205070866,47.13888423463147,596.2510538637517,376.47867029499565,972.7297241587473
Company_05,Year_1_Week_26,39.54489760130397,15.441485454412502,93.06089095140324,36.93963236490295,67.47911627268529,65.04021264284751,11.877544589242618,72.87187916767265,40.762633448046216,83.94443739881099,478.41416212606265,245.301672424438,723.7158345505006
Company_05,Year_1_Week_27,59.434451324786004,94.49151790601648,71.48774512704063,51.56449394025723,96.82502257123411,27.86384700090512,38.25154000164014,22.790987739113625,41.52593202790783,79.42162248150734,693.4512906208273,461.1375686448848,1154.588859265712
Company_05,Year_1_Week_28,59.22367225655243,21.418805292020767,95.75837176886438,97.02166353522354,30.779020562754464,63.6505697554591,21.14139492392284,17.74976491785701,57.56352473869468,96.3427852956445,574.9012549510028,613.6045633440426,1188.5058182950454
Company_05,Year_1_Week_29,93.69090938883197,15.770254264479693,28.865728774938752,84.77259883559846,67.35735139905192,70.58437125881196,94.68206028366,17.652399541855083,66.8518727742927,87.8177684012806,651.4515202142898,733.4461229705764,1384.8976431848662
Company_05,Year_1_Week_30,37.087565576915026,74.51798826509363,45.858727320212495,13.273200738245725,76.65161040629306,27.048768157718378,13.583468306073243,58.50229589773237,70.949710815928,11.337252313271312,483.01098727099026,378.93277543951046,861.9437627105008
Company_05,Year_1_Week_31,10.114340472414039,69.74395052603613,11.966534486553176,12.662329417410023,20.77117557026005,56.28961328983178,74.63152464634426,38.76327818633487,48.071105779507896,86.19665456628418,293.4524703401094,585.2379123196657,878.6903826597752
Company_05,Year_1_Week_32,74.55834442886373,29.02036188034847,87.3938940440177,51.89067358782483,64.2700888453932,55.03881363998797,84.38298591907363,25.189246424370246,21.965963805118772,13.033348357147982,624.7592193339389,749.8519009169987,1374.6111202509376
Company_05,Year_1_Week_33,58.898553772857085,84.16728234753,88.00073861290906,22.804197639712825,76.52005620232289,13.471587576361724,72.73420499882013,83.20900811901416,96.1273103228703,70.11859875290116,690.8686729971461,203.1811032066062,894.0497762037522
Company_05,Year_1_Week_34,59.32570401662328,91.55941506030072,43.410028725531355,19.847134365477537,40.32033560228065,18.841252473716317,35.12945859902645,91.52076386610324,36.54026148777581,73.16425944967355,556.4795512664903,515.0777551416625,1071.5573064081527
Company_05,Year_1_Week_35,70.88415984603955,38.08521827972878,99.49781371233938,32.89890225591864,35.37742195212449,14.429796099158464,48.39376341392771,67.97703716389867,63.255389858223005,60.464422934528734,607.6335401389147,536.4473859042811,1144.0809260431956
Company_05,Year_1_Week_36,26.45984706778516,90.4888337797505,10.413028716652864,65.93775995480776,89.73741197295966,91.24868079974479,29.629420269231343,84.58754823443667,27.000156833014344,71.27936596894742,576.0955919744399,683.6807161605016,1259.7763081349415
Company_05,Year_1_Week_37,38.31630321076567,31.965651195388066,32.761850663109996,58.48120274493919,51.33014732371402,95.48368638437336,46.56032545894296,15.263008762649982,91.57945856413534,51.00233009114985,500.3014626440954,688.0434058720141,1188.3448685161095
Company_05,Year_1_Week_38,34.380742779831266,93.32310376452776,22.121533024322822,31.848766150814047,61.711434302645934,16.37380750425205,73.8496980545516,50.9716563858305,41.84825463817218,57.7087719247665,463.91157952202377,562.0371675256808,1025.9487470477047
Company_05,Year_1_Week_39,57.62294854227862,89.63283748257967,20.876269832828708,92.03657911994488,75.07382561982715,49.51483172029073,40.836362373796355,30.90507351877633,54.87332464504446,24.897036197707333,632.2550628400674,648.9103999090693,1281.1654627491366
Company_05,Year_1_Week_40,72.42107511361932,86.6334518697948,74.75400017774152,38.09265986488129,22.332598572103468,84.68747589184426,96.07288636695525,18.98653776580943,16.49581750791277,15.624575085044748,684.0256899050047,590.7958068073538,1274.8214967123586
Company_05,Year_1_Week_41,32.55784888357444,42.638147680728714,45.426088169982975,20.633242252921107,60.769870425120125,85.19631699052168,33.96747147382274,21.376645277252088,45.64359874048691,58.1669656722862,413.30466146904337,535.0738020243783,948.3784634934217
Company_05,Year_1_Week_42,67.3366570316058,51.563528768522396,70.10492326243764,68.98897031221611,45.80630087456729,79.64879157227253,34.20498533588743,59.80825851923607,97.45988905397213,73.5099613323822,654.0119993641858,422.8393359628931,1076.851335327079
Company_05,Year_1_Week_43,24.192711068694035,88.18628223519714,85.86895288556494,64.13563638201106,97.1077080944638,87.05192915989002,44.9750069966213,84.72229767069814,29.972827938511294,42.034712352438554,585.1982720163071,234.51063680810864,819.7089088244157
Company_05,Year_1_Week_44,69.90206418097111,79.56929772979251,62.88454647378684,36.611509049629035,73.70641492001182,22.55311027425389,30.82031882151938,85.74717804657796,24.113608986320614,39.886500950201764,651.4436249630138,356.97799627578297,1008.4216212387968
Company_05,Year_1_Week_45,54.55570608721018,67.48705509671427,29.499793255417888,33.57356889599703,32.69622245101415,78.02539098321606,79.61367875538537,89.97991347227817,50.185599741493135,79.89618141395796,641.7440537416728,280.1681175263269,921.9121712679997
Company_05,Year_1_Week_46,76.34171824590867,46.14601384595287,48.42871603249415,68.5106766984931,51.15644430412067,22.98572581474748,45.512905979288554,90.4528388712323,71.10908734185962,74.68357999048271,596.1616996301519,495.2546275326239,1091.4163271627758
Company_05,Year_1_Week_47,91.16048531988723,11.425882960363287,44.84043762513169,10.01695796987574,13.698335034979426,35.48431476769814,35.035560685158345,61.33434095887992,44.24640938586512,44.05153290875372,509.8176034292197,637.9521444882259,1147.7697479174456
Company_05,Year_1_Week_48,54.163534535089866,13.936565732121526,92.4638922411235,37.21733326738995,20.49361340513881,50.557600290828866,31.90636041756573,43.92213226795946,84.93903174455812,21.763266664453013,443.76133784721696,200.06226670709816,643.8236045543151
Company_05,Year_1_Week_49,41.78825738446193,23.339124879330154,17.17034804596398,99.27553749097467,20.211313276286468,42.61318553382673,23.05195709386492,63.567773421319075,70.60853776026237,79.62862224121882,437.9890130258452,402.4883066153568,840.477319641202
Company_05,Year_1_Week_50,16.940744345731954,40.67880547379686,56.225241915384075,48.37545746360142,67.0763218686179,61.364267832813674,14.297006471271272,92.724388412176,96.92358984304879,73.4931988073902,533.8690756678373,616.6076314671848,1150.476707135022
Company_05,Year_1_Week_51,94.9192627202562,56.3023041926667,62.036600323069116,40.224179211461234,74.03778999857442,23.485211501040045,37.14548377720433,45.72297539022261,17.09069700463894,54.44975797831895,652.6815248736394,705.6174578360612,1358.2989827097008
Company_05,Year_1_Week_52,14.996062632303229,16.830610163157,10.08054149210652,47.48624363266577,84.06838237067413,68.28165915130171,48.413287068406426,68.55216086663282,19.385245891246797,24.11895040363157,397.1106350180097,345.09165700677397,742.2022920247837
Company_06,Year_1_Week_01,42.016580537224435,85.52424731766375,31.403602940701614,57.12002505874935,68.02351833991747,75.42611622625999,84.33357177879864,26.42017227300154,87.42069445384797,39.04409421579274,626.1570457268941,295.5272542794403,921.6843000063344
Company_06,Year_1_Week_02,32.57155663915451,62.464560112088826,70.89622327788678,90.12568045699675,12.704033555465156,77.53457622744865,17.54171212247814,99.93598805203796,28.06111903406456,38.56880589208769,585.563558418412,628.3171311816297,1213.8806896000417
Company_06,Year_1_Week_03,31.43307348067226,36.32603248329533,66.68072034624001,94.2162711854859,76.80206470266432,69.51229860352407,53.16305463550683,47.17647562892502,92.13497915820952,66.25194229131843,578.4274448589871,524.1197984541919,1102.547243313179
Company_06,Year_1_Week_04,72.9273103162775,98.51609427511089,13.464905605690308,96.69777645321243,32.22562500371856,51.50896676117676,99.65765435079342,18.255135132216488,15.063781902957436,86.13810645031684,720.4235105029609,363.8876059749443,1084.3111164779052
Company_06,Year_1_Week_05,46.42154455601978,80.74592714614575,44.24764730388622,11.35923780949177,44.65805731429885,63.57589569854197,32.99210438783816,90.00878714932458,72.08382149862332,60.808872410146904,604.0827522085632,472.2876996481874,1076.3704518567506
Company_06,Year_1_Week_06,62.354599016491676,79.8049519357157,67.00525466548578,22.96614803982127,19.42793420747931,20.224748416732403,62.46236818924798,55.64301144774812,17.46484472603085,59.012814992295425,507.9182054130515,323.43358404124353,831.351789454295
Company_06,Year_1_Week_07,97.87522049131053,67.3522414309887,90.19729356433194,28.57007042905698,41.16769002718033,93.81134800792653,49.11426557048921,62.737170872139636,81.26365833733979,68.79175825166561,815.5067825095912,255.48659861526846,1070.9933811248598
Company_06,Year_1_Week_08,50.714287797576766,78.83867730097819,16.45938145794505,25.73905322307664,97.27513010752126,84.18214382154522,55.62365478229503,86.51292040260336,11.281818326618936,65.84131600470081,502.8089498225863,341.70555920062014,844.5145090232065
Company_06,Year_1_Week_09,50.50849818441353,97.78082620270347,15.00464896430855,71.36194723444568,79.37263203940037,42.452199409648195,96.14009437906346,62.43460742952023,53.11114761014396,89.05822642107557,645.6856515417261,743.5259124377461,1389.2115639794722
Company_06,Year_1_Week_10,81.25040701148231,10.866605505820191,12.92514940531213,73.18017520173268,81.03766207990458,43.57610384318759,19.550115126246112,80.93619535058181,82.58891660350189,90.65950844782274,552.8045242632622,276.37975467961024,829.1842789428724
Company_06,Year_1_Week_11,76.44646992193945,58.85890475807014,83.00256779043059,64.30850551254134,77.71664156794223,63.17638775563179,39.30196628273086,76.00407515318051,62.26396770634156,27.222223660099974,683.5368244690925,469.40321308836775,1152.9400375574603
Company_06,Year_1_Week_12,71.92463385604373,16.336373438230922,21.588982515772727,80.15454205062265,11.169456017136635,87.19194323196889,91.52180166874598,25.439488436629766,39.47969072205197,57.23149383971011,484.80354070220494,344.3229339137363,829.1264746159412
Company_06,Year_1_Week_13,42.88264180694587,83.22397916593927,97.13487097038185,19.33084193396322,78.53920964003726,38.863167666467035,93.78464935704253,16.479464946909914,96.57972462051275,43.8646431360025,599.5385681855738,404.7195098290581,1004.2580780146319
Company_06,Year_1_Week_14,16.076461449067786,79.99832757591462,74.26128754211348,41.7320764199233,58.823813134107155,90.55599660384384,77.59364981002655,41.66603822947474,39.6015031635769,18.023019783132785,608.3658685135274,515.0090603030951,1123.3749288166225
Company_06,Year_1_Week_15,47.89278759534202,13.923115204209743,87.93871454067995,90.24738174648144,89.2272457861616,46.97404513583005,80.76035334646367,81.76980283601432,12.24115354420964,98.4214613851755,680.8393310982743,779.8052925996516,1460.644623697926
Company_06,Year_1_Week_16,63.76226049416046,81.27504766240708,66.73708440687662,46.72499531968809,78.6144162554324,34.3776065258252,41.14078388631023,65.32475747330399,45.10815386085846,32.37744249413596,693.0074856477218,632.3735209339804,1325.3810065817022
Company_06,Year_1_Week_17,38.925122545517894,98.33817609921525,83.23534125433264,89.97043272431777,44.99465789766354,72.66463293387812,47.51531844675459,84.89414110748787,99.24173552547738,48.3052360387708,751.6170553932342,675.5578984794129,1427.1749538726472
Company_06,Year_1_Week_18,59.44494340435851,43.80062114104719,14.876756022421585,63.499146597019966,52.998140502867514,18.42230114140747,58.18589926639631,91.9192167721347,65.45655007176406,89.75823105161447,501.38641589757464,713.6918736832855,1215.0782895808602
Company_06,Year_1_Week_19,51.488160681289926,70.35200202755189,76.22051186290885,50.94032376101568,38.71506518481834,48.24151429961574,65.69338329342358,78.19044564099407,88.76264150244037,53.76754601156014,647.7471907644494,618.8097448290098,1266.5569355934592
Company_06,Year_1_Week_20,93.2349612001257,82.19849231209503,31.255495194601263,97.59277449355093,17.240841582876985,59.85502181979607,68.16472191605365,73.35575370885292,35.82171320626095,82.3905700743835,709.1392095293243,701.5571434873257,1410.69635301665
Company_06,Year_1_Week_21,98.43381268891358,56.033204609574724,93.16383571447554,13.637682019454457,52.14171985691417,51.661315400112706,94.86693322601987,12.95129622085932,46.578291342278284,14.564176881871024,689.801729022309,445.06332848850354,1134.8650575108127
Company_06,Year_1_Week_22,62.464225172314315,45.607691342451915,41.38209173316227,27.371945210604057,58.628111226561884,64.7326058778566,19.125364074156458,76.70054062611369,61.22152522107381,14.737419733485066,541.9529318055402,340.8021019278508,882.755033733391
Company_06,Year_1_Week_23,72.64170478478734,76.71844132422149,34.24970828728184,57.97433774451479,33.699198014228294,19.177157022141365,65.15136192577354,92.33241302437023,64.08899522193425,63.25817969924157,581.9001653300301,471.34218908654975,1053.24235441658
Company_06,Year_1_Week_24,59.76260698954304,73.37892478175826,17.47150635397606,38.713932262781846,19.075764421780004,95.50699825243396,55.5164604516625,16.538450411285755,20.093497029082815,29.560963560178042,500.7943538386636,390.1507014178169,890.9450552564805
Company_06,Year_1_Week_25,57.00908041748915,48.60963193556264,64.63272477083214,30.803057876508788,66.68022998939287,70.90985148349479,61.40230826856313,20.753047042702377,83.10364284740078,85.24759451780406,523.2160367753896,601.966522970496,1125.1825597458856
Company_06,Year_1_Week_26,80.60397511746115,79.46630153930691,15.260399504198169,88.03745628457833,13.341807519344187,24.705280600425937,90.24897746990987,51.91580337582194,48.180302729986074,84.43597981408361,659.7593573038597,240.75759219099493,900.5169494948547
Company_06,Year_1_Week_27,61.55500593786925,58.03340200640939,11.341708285470046,90.37856977401864,25.76244850360373,49.837932880210936,54.42400203391569,50.73210149183234,27.396001049257308,61.92694003961318,588.4487605859939,407.7972046504601,996.245965236454
Company_06,Year_1_Week_28,78.15127712028044,33.073133931757965,78.76135034950379,72.5677108229529,87.1902098270914,19.284751400510892,16.53847357647453,53.99589986392347,30.951430832511242,52.33070066270595,618.8727832117255,784.9073694348745,1403.7801526466
Company_06,Year_1_Week_29,13.539047413617105,35.883427948694134,70.34319484309535,73.17134700311982,68.69891744425723,42.95808964989886,79.19395137427722,89.74375833836712,91.69472749705287,10.382654421220309,519.494968965225,785.7624104354078,1305.2573794006328
Company_06,Year_1_Week_30,29.12494499966958,28.929208236146533,17.181633016757743,45.54156833583238,91.6068841100851,84.78453437812746,60.36429295532726,81.2051710312063,27.773698985800078,35.03751145608065,481.9848496853324,677.5618275406255,1159.5466772259579
Company_06,Year_1_Week_31,55.306580572545265,31.607618413647984,38.1476910183987,92.51858749225923,53.075161069476366,77.3650605821569,81.20080076166953,49.504022830201265,51.29928771084976,43.13759285938082,569.4982685943729,565.7535748436153,1135.251843437988
Company_06,Year_1_Week_32,71.03674624918594,47.554498547775125,79.80542354268395,14.752821425127724,23.880062878681155,93.19364030205394,41.45193932532197,33.653042882572144,77.0236551084027,26.646888060573037,540.9714765990558,558.5156378354113,1099.487114434467
Company_06,Year_1_Week_33,20.645257464856456,89.21477495944158,56.53924612120419,42.69410766547817,64.60146301147256,64.84612060305237,45.24792547455448,87.12871846678765,91.9369876779565,74.46090500269497,573.3962881896479,757.4133155927974,1330.8096037824453
Company_06,Year_1_Week_34,58.35304380172504,68.74496400253972,39.343617928797904,94.99279476914364,30.77927602592838,75.9920464866287,62.063709608587565,67.86645484578679,91.89155502235869,11.893117284687433,643.1179801447747,649.317023023259,1292.4350031680337
Company_06,Year_1_Week_35,78.83629675632065,27.111193690827744,71.78288778364058,80.5232603524149,10.785750805403545,32.12537106022896,69.19149816982039,77.42820770559582,82.27442129378623,35.53340389013978,672.0018804791373,249.62253338884844,921.6244138679857
Company_06,Year_1_Week_36,52.207638590266654,85.27951390095988,67.8006265758421,28.65007835643193,26.120806788829473,93.72535920918337,12.91143305497,85.34354544865116,16.07143221038119,42.40547396959251,599.5411980229078,336.09340844166195,935.6346064645697
Company_06,Year_1_Week_37,42.85835750614204,72.62194284496415,99.5804516437664,17.38190732519449,80.45975122446593,47.62851350412329,56.28706094495694,94.73086095115545,33.60372318474416,82.61831516098687,651.4721662499459,735.971538067981,1387.4437043179269
Company_06,Year_1_Week_38,96.58591065121419,47.74554613899857,11.061410194256329,34.980415696421204,38.75457868217744,84.58296235414936,14.273789061348747,52.477634783272116,15.650960024286341,76.25808476199315,562.6071027127284,494.4709547674318,1057.0780574801602
Company_06,Year_1_Week_39,19.511381035721453,27.081485600407206,46.31512049155291,94.18803503582579,97.78512923298031,62.22517660957445,73.05950832425549,41.90864692320646,50.78004317653624,50.40930653115077,526.402609501429,237.6147903024567,764.0173998038856
Company_06,Year_1_Week_40,88.52918776901028,82.56636905618397,27.588577958016998,19.478896706070167,21.182899177473573,72.42821315672985,48.486098837422276,54.513841621832015,36.20181739610854,18.780452018425194,560.2522086950398,288.43152389300576,848.6837325880456
Company_06,Year_1_Week_41,54.800563954090585,40.68302282810147,56.67443189485077,59.7755244156307,76.58864314993974,31.962282243678832,90.57663996604752,63.42706224482918,47.91368370153381,74.31032763094882,592.3771477951765,481.8094936404897,1074.1866414356662
Company_06,Year_1_Week_42,92.53531348898552,63.16121143567968,35.769790070936835,59.409424534468734,28.920130981408978,74.05337408711237,68.2592511430592,84.35378125084678,45.55923742958452,50.298876632697144,678.1942142245362,537.9323284362179,1216.126542660754
Company_06,Year_1_Week_43,16.05842867836984,53.76867302332524,43.176452746342555,83.96171986746351,24.586064695237788,97.89276051053638,64.15414836666704,23.024007750222246,48.13431741055936,84.19610455551495,427.816826261836,412.512877518235,840.329703780071
Company_06,Year_1_Week_44,58.32990547606811,29.636438620114102,20.219036354546205,12.203429002718444,26.252566220853918,94.84243764994302,91.29663738752076,16.843133533335315,72.17712956135374,28.60206427500669,432.2007916648511,270.3330307844008,702.5338224492519
Company_06,Year_1_Week_45,41.93149617189347,24.10168789048322,98.66727795192685,95.07712374701043,59.73671354392458,58.40991111397362,49.56737406914654,53.65841610327523,89.218410172911,85.95636222326398,574.53595710367,560.7021385716127,1135.2380956752827
Company_06,Year_1_Week_46,43.24010251418985,32.55552673584745,18.28222659492058,64.73254532464878,10.40511800690855,88.29573140413551,99.86001980337927,51.78626265056809,11.227046322293775,53.32806583165391,453.1191431817309,529.5021214312314,982.6212646129624
Company_06,Year_1_Week_47,49.17299096316724,70.73381441026706,35.31790517882827,77.65985851280877,91.07075264434981,75.36269329646215,78.92204409595585,82.02132919918418,12.568937757101168,51.36417089293546,652.7666917439237,287.0167595314665,939.7834512753902
Company_06,Year_1_Week_48,56.0910345985658,48.81787216043507,57.44633869654128,47.86641035221228,38.09190548740809,61.2919613911099,63.45809468772019,32.643938166886535,14.916318817828069,61.71506650207948,492.5580148612648,632.7866824288153,1125.3446972900801
Company_06,Year_1_Week_49,48.49514987251205,49.31232723643994,81.9379998875162,23.369318309507655,50.67855724890554,21.503128658749812,90.99758254555519,90.40602786748586,28.394392044575323,95.13374589245635,500.59934589292635,360.8245574147575,861.4239033076839
Company_06,Year_1_Week_50,68.49573431774473,79.64751456469858,88.72051037827589,77.37319618108579,71.34810798344388,75.91414108930798,87.12216223908653,67.2160926413643,83.96236590199446,96.23235146520763,820.3810484402846,316.12808824558874,1136.5091366858733
Company_06,Year_1_Week_51,42.47264416605053,59.42485807681325,93.72564989492994,22.810748753258384,35.1987705911707,49.910594537757476,95.56969049373626,81.75713896029869,91.42978719989617,93.61037526662197,607.1302290046647,281.6569308176175,888.7871598222821
Company_06,Year_1_Week_52,18.76983566779346,62.625977290296085,62.58406502515071,37.11238402918018,14.679725686851178,99.02063622442475,31.566735660361005,61.47712765361629,22.443598464152377,62.4920266199708,457.64149435659266,635.4745825451664,1093.116076901759
Company_07,Year_1_Week_01,48.794272379916855,49.07347569330265,65.79204812800776,43.0094021563324,39.72130506282876,73.84014071316727,93.2535448295638,20.51699641455918,86.03404817865878,82.0360009298234,612.6587194948933,312.68787963728755,925.3465991321808
Company_07,Year_1_Week_02,39.90092172737779,17.702917270096307,41.19291221497454,51.355132978488285,90.20486808888343,40.521038287029356,29.917442554466806,83.8542199969003,84.80313124063977,10.646390251342556,533.9245076779918,660.2233723404577,1194.1478800184495
Company_07,Year_1_Week_03,76.03440078085268,51.781794953684916,30.158411571959228,74.47216636116839,93.16223928031981,67.57787373644393,50.76997851907553,69.61523473425089,67.66788426440803,10.905150715199305,642.2768826284594,633.2231506406281,1275.5000332690875
Company_07,Year_1_Week_04,79.79229794014898,22.35394371628651,33.195943561591626,42.64918813124843,13.207342741889237,59.91284894455542,43.627349662864255,57.861913586416634,61.26432103432948,99.1366275720277,529.0968531658821,580.9584819441842,1110.0553351100662
Company_07,Year_1_Week_05,39.545600755559,87.36903553559824,85.52064200719482,43.988995653138055,71.50932630463129,50.85360305718487,88.23957829307734,24.54231904005384,85.51554806736439,75.80707950128209,682.782010813438,283.91174919091054,966.6937600043485
Company_07,Year_1_Week_06,64.84530616688002,87.07827511968422,24.72359338414623,56.13347181794691,74.67813620266003,40.880809100045596,37.46079577164133,38.621407798156724,51.50513913868594,12.088146212528613,575.8516963930063,760.8968966640605,1336.7485930570667
Company_07,Year_1_Week_07,96.05078350026034,87.1923383408262,73.81975439020421,41.80165213946165,73.41083610392678,55.41009170458187,53.1171239107591,86.09258896029789,81.89595436191077,45.30904913756447,802.200493797431,737.6448292066456,1539.8453230040766
Company_07,Year_1_Week_08,20.670793660543563,69.54844061354191,75.72569705144024,85.79630903835606,20.828843193000424,81.43719408313845,34.0813149330743,78.53392820314264,94.67084505216664,87.4533721168104,577.1516227718554,652.9085692444183,1230.0601920162737
Company_07,Year_1_Week_09,24.999787074424773,76.50236872900042,80.13050749274369,61.541442399041195,41.750894723292184,75.31834514449798,81.00230605018679,90.98929441928664,37.61666368907029,85.00090603635492,582.2053107657225,268.2797661834508,850.4850769491734
Company_07,Year_1_Week_10,87.863676519186,53.47366523919419,47.24213926755446,70.49289820084702,56.72541352462033,41.81330793212581,52.21658243349583,99.8895562493213,79.67828743361659,77.6369657039356,715.3589903260821,618.7424656524595,1334.1014559785417
Company_07,Year_1_Week_11,76.40777713487189,31.231817959286232,83.4719624316443,78.69029073102769,90.11858486150159,55.43175235066824,59.55194544194338,64.38644898530593,43.144233828216215,12.848424762300876,669.6191362340676,201.16583865812618,870.7849748921938
Company_07,Year_1_Week_12,58.867820515630704,11.168234325273122,82.72411833592795,78.59116364561706,88.84833898642982,80.64625266982902,63.49447873270135,27.64689804197118,74.1236195675273,65.12361606627712,639.5548523669277,603.844287207867,1243.3991395747946
Company_07,Year_1_Week_13,21.89011080639186,82.06746118235498,60.43112094320707,81.49521489439104,50.287878243186235,92.85797177600875,42.23628344001985,15.503755645761263,21.309496551661265,92.6684619367715,571.7433641555025,362.60983462649847,934.353198782001
Company_07,Year_1_Week_14,15.04897181991387,42.68562311163595,25.891073105795535,72.92250035280455,18.704263781380348,93.65087793157157,65.04313512532482,20.942013441059217,76.4736207993087,93.56719242684727,381.55722474147984,669.1944496109895,1050.7516743524693
Company_07,Year_1_Week_15,35.820903602248336,46.00561492434935,12.955439060067377,75.6505398371697,10.517720561680463,21.90371943092248,95.12013293766445,37.7964826234942,19.222015992273448,96.51218889110916,448.2563306821651,214.1813628529576,662.4376935351227
Company_07,Year_1_Week_16,77.31750736712819,24.518328517954146,42.019157382624265,20.902998160355597,78.1576902340415,26.42077675982185,98.86661716409816,21.93384184938686,74.25691479889888,66.88053758934595,547.2838587573656,651.5040810879577,1198.7879398453233
Company_07,Year_1_Week_17,60.820729983512514,69.04575633037491,93.99949552333254,66.20901148112779,44.803579535398235,25.82166896990761,90.3352884807116,63.10026321372741,58.02153326125747,33.753609952739936,648.9776153449352,740.082780054597,1389.0603953995324
Company_07,Year_1_Week_18,59.130081187501986,17.220510367821383,54.3512473602065,24.984028249446403,76.97560087371554,52.20718452032739,22.39882411567535,65.01354455182509,45.53500104186338,18.368377839544387,519.8484851259877,498.5947008552362,1018.4431859812239
Company_07,Year_1_Week_19,32.7731380518795,52.84540456331207,89.28524352292845,74.33156183818437,23.564167689930535,17.16027187784688,31.136095552714757,98.33277700749223,16.571763984874107,12.3878440875074,553.1281822776325,321.9980418773537,875.1262241549862
Company_07,Year_1_Week_20,99.25269545654473,20.02305985417738,81.14461899071065,30.738773761840257,38.573000450262775,49.24365567866693,34.17847270526437,78.16314613269935,27.90899223520938,96.21161867970544,605.1595006568281,655.4949644176154,1260.6544650744436
Company_07,Year_1_Week_21,95.74029036273896,56.42970236467178,77.83565096142745,11.693630698746759,39.38027626885862,31.643804761377307,84.03733327283653,62.920314488683694,13.199219794912475,92.55654368596801,645.922632992803,525.4803273855371,1171.4029603783401
Company_07,Year_1_Week_22,14.80806705852201,12.653203494716822,69.8200800300088,26.93599650605116,60.3827770301596,30.438049847767143,59.440116924200964,11.264786286018403,44.025646032202104,43.69170643058461,303.3662348989983,456.39272802663834,759.7589629256366
Company_07,Year_1_Week_23,22.361949509179286,20.58265306092401,59.7205450458372,29.85606314844585,67.58166650713912,29.247507995145472,88.49705158147918,97.22194628580128,60.34887401505806,98.90221439844942,476.25057532338985,585.5489209139232,1061.7994962373132
Company_07,Year_1_Week_24,81.91864327745242,90.40211656730958,70.03210047301721,66.21118810543567,21.434317250786357,94.8930037131462,94.18787119039435,66.07280333912945,23.17354068192472,42.36861031086487,755.2790237127341,601.0889766071261,1356.3680003198601
Company_07,Year_1_Week_25,56.99676933770829,76.9688887754169,63.91066199308301,19.861369219643734,52.28655795536985,92.11906470833706,66.06365389356296,39.74448265436361,81.47340298287418,32.11403270531171,619.044082037945,339.5378456678757,958.5819277058207
Company_07,Year_1_Week_26,79.30765646037048,62.585116605400984,87.36128838916899,13.922115231405932,23.484715634739135,31.28475398437875,80.06901224161669,11.179283459245996,82.9313194957158,90.7052806546795,571.7713911907704,254.7293190667649,826.5007102575353
Company_07,Year_1_Week_27,74.76357094486467,14.129013422481268,81.5213806184871,32.03899949583211,62.815303662559685,21.567177868180533,94.22335810070409,40.64250178157249,25.89325295291181,94.32902792426853,575.383208525702,624.1723441633703,1199.5555526890723
Company_07,Year_1_Week_28,94.79801506817572,30.313090399337966,59.832285480205925,89.98289659986867,76.50798822959075,60.87051283878808,75.22064061177436,20.048440535253306,36.07464591193751,53.70399241382225,671.0114816944761,443.5794054854294,1114.5908871799054
Company_07,Year_1_Week_29,12.911712594103081,93.0675680072829,36.03186252849741,64.81202712192558,83.68434206540431,65.4702607377167,15.366265440449142,75.39865545808486,31.02881496651773,78.79207484888437,522.9894403963307,387.2754127430585,910.2648531393892
Company_07,Year_1_Week_30,33.39016371570209,97.49808404187606,61.98107913948389,66.29770668962566,62.08141674102697,11.9939383462722,75.87717236654372,16.159325462481718,21.853961116341846,23.576759657423615,611.1310196477757,659.6286467999134,1270.7596664476891
Company_07,Year_1_Week_31,40.65750076125774,38.96276953327278,86.54086818623672,19.26306910721886,21.860300203225908,12.896489790355162,47.297326773746285,78.4148936288188,76.17540601252281,89.38318756852372,466.76312696961014,483.3333703533412,950.0964973229513
Company_07,Year_1_Week_32,59.77306199060111,83.33044793205218,12.197273223589388,75.1286520580659,68.68942628969708,26.36693639257923,29.191524827296515,25.082211756571994,41.069044921420854,58.30452138747438,535.3894172349455,563.5622569750194,1098.951674209965
Company_07,Year_1_Week_33,20.60125042582579,16.064159721410146,44.36993976616117,47.07787144080465,53.25095652438741,86.83171979988427,85.75471976130426,92.28110261422516,44.24427078061587,51.391211720905815,442.4855249613436,636.6037152226039,1079.0892401839474
Company_07,Year_1_Week_34,83.36184843423197,37.234161769825604,85.84209463427985,45.57095248802037,93.30647266467936,89.00512581941992,52.97597000349396,54.39128548777145,48.24792434303017,95.42178715137577,700.2187674262606,394.3100939877103,1094.5288614139708
Company_07,Year_1_Week_35,92.85110160326687,65.89936905799411,44.62091068552123,49.32871835182465,25.007793301303792,79.53412256645638,59.78168434816187,70.99982622457897,20.635222554129093,63.97261260428891,670.2889363715979,403.80849896584573,1074.0974353374436
Company_07,Year_1_Week_36,82.84264393408093,53.43667448169982,74.53419461056406,44.28712382811494,70.93420584113889,97.26731481667072,50.26253277004058,33.208300172434434,83.59908505772977,89.35120914618635,695.9225458522203,552.6028632140836,1248.5254090663038
Company_07,Year_1_Week_37,98.57816444745039,55.48804638275455,38.08183799760449,72.0913073876387,84.41155000103194,84.44506285016982,60.27365945987575,29.27980331784056,56.71518088676143,48.558328009239354,692.3328905777539,232.52179781254065,924.8546883902945
Company_07,Year_1_Week_38,35.99117191953154,46.7348052556427,59.28714808467255,32.53139850960232,45.87777795901951,73.46790506859135,38.380153530796036,94.05728612683487,87.86377026812345,11.598780481912936,538.5479894607812,468.69909415934364,1007.2470836201248
Company_07,Year_1_Week_39,76.3458169403905,13.227033347818743,61.59679098091048,42.510809909340836,91.30708523794303,53.03609939653998,11.237033632851404,25.69655703973111,21.501056577092257,41.29590123844289,518.2952482121605,701.3423691409021,1219.6376173530625
Company_07,Year_1_Week_40,85.7952047986453,63.53155636159641,18.144811392265524,96.53991985948309,78.34635697224036,65.41095464959389,24.759056019909067,54.985423551174215,18.591846100915067,12.42313716990557,662.899529979522,405.625439316152,1068.524969295674
Company_07,Year_1_Week_41,14.560029557023336,41.74547589107293,31.889075976585776,94.24546962552418,53.0506878169046,41.48174525471501,97.30688635629802,96.90542511376165,10.55085083405152,29.308539120124674,507.56098495244566,656.9659168726232,1164.5269018250688
Company_07,Year_1_Week_42,12.237061792246196,57.33636670447911,72.79357999344094,81.49973811717186,72.18417840302665,85.24519248335777,98.15428035723451,95.11733463134176,59.46969556539035,14.65702151614579,622.2732299059101,220.397788973178,842.671018879088
Company_07,Year_1_Week_43,96.60989789967728,87.47335215659395,50.89043914795042,58.45743519182979,26.571556424050783,21.902374730563114,46.88432306480063,67.80920207847244,53.51696766598984,27.31609471661671,694.7758676312321,774.2137548505727,1468.9896224818049
Company_07,Year_1_Week_44,81.69853455071875,97.34314839952813,20.733665758754405,94.41466571234638,10.26903876726896,17.318815519987808,62.611665322936055,61.60480098615826,88.01497231684453,10.810660787031534,642.348492116791,291.6924307938785,934.0409229106695
Company_07,Year_1_Week_45,18.0139235916607,32.58516966751745,69.22357835362207,94.35694728948764,63.567582399127346,41.522061103262516,89.36419258553296,20.012417530177615,12.546282562841217,33.22180688409995,531.256487620789,724.6464878908819,1255.9029755116708
Company_07,Year_1_Week_46,20.785748525883257,80.86453456641905,23.661245470870437,23.400910792989116,79.28521808428283,41.740762286131854,80.66432038827668,52.266181560433374,98.80455985985463,16.686816668119885,439.65535945438654,706.6611979072145,1146.316557361601
Company_07,Year_1_Week_47,68.31405034416056,40.07711508973783,72.16165735476845,45.23003008438714,93.43124641712942,82.28284384584359,63.03809046448824,69.66295397772589,29.627048473898867,20.011751470023803,633.0667248768634,362.652881820701,995.7196066975644
Company_07,Year_1_Week_48,25.521068587577012,73.06437313726536,13.313072969765752,33.102811903857756,26.15697334670322,44.270952644701694,51.43275415158597,26.273580683279054,71.73387588125075,30.64980058408442,369.31677852144435,536.7397452055773,906.0565237270216
Company_07,Year_1_Week_49,82.1928217541697,25.506904954689098,54.28392247768417,73.08998112922264,81.26833278671617,88.90985849935774,35.191709392306194,10.051061693787563,44.01788705607101,11.824277810357797,600.837534615425,792.7124754037959,1393.550010019221
Company_07,Year_1_Week_50,99.02806754972667,38.994985277810756,79.09942163164096,22.1069076306247,95.04743810266334,70.65148165380673,36.20886936684424,45.08584073534074,36.92748438841889,85.36969107326087,661.4391362990536,321.42256338856316,982.8616996876168
Company_07,Year_1_Week_51,85.68759901453035,87.4082145910982,43.95573852161366,13.974721355076307,81.65346926335953,66.67082946800073,36.024303339449034,60.88450193754975,98.96560002451928,94.74483959456737,685.4555364790334,384.54661846368543,1070.0021549427188
Company_07,Year_1_Week_52,44.83869821884672,83.13071860005846,21.79469374481652,47.90263634517463,31.142244375669197,70.18028937538793,57.48405587753452,12.624122021237678,67.02615290026606,49.353499062017825,482.8588250182818,435.3869644537774,918.2457894720592
Company_08,Year_1_Week_01,95.64868853931792,67.7470612514378,24.422381949297915,65.53555967634415,80.53132382186152,55.79546614300361,83.0034204980835,44.08013163041696,39.62092346381577,87.05605125199774,666.9252118334117,562.52185428439,1229.4470661178016
Company_08,Year_1_Week_02,83.80967617320276,50.46509212578129,13.392835924883713,83.15649564823022,56.10497758920951,40.09661742777865,86.3675200824649,42.427426551664524,28.399700391260442,26.408104702217702,613.7740100652759,214.89555814961258,828.6695682148885
Company_08,Year_1_Week_03,51.45165489791994,14.512898544478306,90.29510507338834,56.63114953036224,18.404221686986578,33.81175982964491,38.38698202242131,20.339398522788365,73.59094169768412,41.05180076663245,434.5805614043471,586.2627222032004,1020.8432836075475
Company_08,Year_1_Week_04,40.0877142731439,32.10870197289583,99.83384656399411,39.74221927016784,97.9424598362821,88.92963859989709,75.89297569838799,27.18413796204928,43.70925819456858,52.951373842801154,630.2661146586795,213.13291750468898,843.3990321633685
Company_08,Year_1_Week_05,59.50403693045169,67.5904909067278,16.95777868135604,29.672280152426545,57.818162304278076,48.1105364428518,99.24262453158319,80.63630308377881,17.010732804024922,88.5292858896453,543.2329056929518,388.49048727435957,931.7233929673114
Company_08,Year_1_Week_06,26.573314668726354,97.07943624938383,65.14218008699555,14.57910932231874,60.62521097431489,82.50169109592792,45.15062842458825,86.16238722115808,43.49661335784977,12.482329437922685,541.2469824176218,664.4659683667094,1205.712950784331
Company_08,Year_1_Week_07,63.419394651999916,69.71521032604036,40.53534965755037,38.569987150891976,17.325967023290538,73.80626366820087,49.60602538868416,80.01274027949897,47.15047233611237,32.601225949542254,614.1300806510251,233.14528749857612,847.2753681496013
Company_08,Year_1_Week_08,43.29550423806523,64.29632990093077,56.205275296792365,60.92764214200586,78.2582321457781,99.89505885330007,96.51279862421526,51.45777649943811,66.3506236722529,93.32164673174039,654.1654940914266,333.6669358762711,987.8324299676976
Company_08,Year_1_Week_09,88.23387173398163,56.418903373161996,13.048851097220474,19.718261790522973,72.36567874418378,42.35868583837265,98.40530635632828,72.39389738189031,69.19177403154649,83.20771897385995,568.2526533840082,211.01714896340005,779.2698023474082
Company_08,Year_1_Week_10,34.7792375162809,40.44641472190308,60.027088302318106,43.17885303111968,49.075841997502316,20.364842596394396,87.18242873084094,81.69676389864118,16.493471601158497,71.94190277021977,498.835042648594,739.552114339309,1238.387156987903
Company_08,Year_1_Week_11,14.542374806834967,35.30719865004388,98.59770543799509,31.129145342675855,81.98827280574272,25.28573972219865,65.61439957682093,99.3182021983922,39.80732406012705,64.95777050226786,522.7073120118603,399.1083493716766,921.8156613835368
Company_08,Year_1_Week_12,81.04056167874128,55.73207100514603,35.90462277252172,50.95497773525219,86.0383157969264,85.05890676745979,83.1931325602932,79.77441033713379,34.47335332643341,64.58733556116506,728.7638697677459,508.3741161505276,1237.1379859182734
Company_08,Year_1_Week_13,92.61763318296654,62.055336088686126,57.86042119458724,13.636725356873235,95.88429134066497,74.10699040662902,35.96698982688528,37.54294322878919,82.08610221881212,67.31881182974917,676.6002711954635,273.20773410530035,949.8080053007639
Company_08,Year_1_Week_14,99.45323219950075,55.38783402517284,80.31083598830146,91.07147301536284,44.55160747423055,49.678696070703914,82.01907380241424,11.936437132511431,97.23027974310433,85.50741250695744,731.3820837916707,641.1990450959729,1372.5811288876434
Company_08,Year_1_Week_15,62.08012068221066,90.26601846178933,87.87946634741586,52.428833885443936,42.519920418280265,40.72613198440553,31.217461891289066,79.88612439839768,11.610059333009131,37.816725664164366,672.2266316096373,393.66421974321713,1065.8908513528545
Company_08,Year_1_Week_16,20.9047893017622,69.04155904785648,15.18961277971793,41.717560587664735,22.442928733471362,15.033253724743034,42.17747382295203,75.14207174569832,47.90514265892632,86.5465392894889,350.8426129783422,482.90206880292686,833.744681781269
Company_08,Year_1_Week_17,16.91433237435121,53.75642847509302,27.215552597268424,40.97835929469183,42.6214212413754,23.75740426341482,53.051592951723215,97.73132805381732,26.503523681625854,91.02409514965487,392.91396655498147,553.146206546784,946.0601731017655
Company_08,Year_1_Week_18,20.787679502630617,19.716738484630717,77.47640009897121,96.33728050193125,89.25211668110342,71.22302340938768,50.5373573027239,21.497535400358267,65.31513471079484,12.84706264738108,527.0713706681242,462.5993560892349,989.6707267573591
Company_08,Year_1_Week_19,19.974690714245213,12.091498709037417,81.2155704362455,19.988241760138415,21.589736921562803,11.498912875781558,27.22498247647903,47.57681194490048,79.46773160004331,77.09105221486972,312.17579928217543,236.9535418241802,549.1293411063557
Company_08,Year_1_Week_20,28.50955567634728,83.55025273019017,52.798441757935095,78.45537539266381,87.6902921027164,29.733174858241863,33.46421682751121,95.02445294305987,93.43031170248669,55.620200970542975,580.3813638488535,621.0993255708354,1201.480689419689
Company_08,Year_1_Week_21,11.851641755055443,55.19653077989018,91.85557689730935,96.49261290017927,35.88429634250612,43.281972443840544,69.16025650157749,97.2007694168687,67.83545709507673,81.32905719726286,594.5944230473724,417.7094337630067,1012.3038568103791
Company_08,Year_1_Week_22,54.09935065994247,41.96149344161625,59.06990117901426,64.46935406518546,15.711385363037174,67.805404683428,93.70846843121736,23.59101817737891,94.04753942967498,87.98887294930469,599.1990520283645,566.2317297411664,1165.4307817695308
Company_08,Year_1_Week_23,96.94441128546758,97.36081757209901,94.48984872152042,55.946461843138515,68.98847603339496,73.01049055797233,80.64181337559533,74.87959055071491,21.25336049516138,81.69363357305357,817.5663870593768,692.7018944774696,1510.2682815368464
Company_08,Year_1_Week_24,14.405408366609578,82.34945795773353,41.84503424509441,60.41131262596818,44.35053533172739,89.3845316960395,57.51146123685605,62.03247221813065,40.12472176657269,39.05293872013267,462.60317946601185,201.7705169931056,664.3736964591175
Company_08,Year_1_Week_25,81.65123211036546,55.169221260906895,89.39568431038565,99.18954038446203,63.107510699807754,10.717695210108033,11.67845067683794,71.31540787950905,66.844999454924,40.68808774627553,697.2039782599188,307.2313376573137,1004.4353159172325
Company_08,Year_1_Week_26,36.83312965582981,48.28852998357875,93.42178248626463,65.51561851853964,82.17852028669903,59.698277407886664,98.91347125784709,18.07283946689533,87.19009986431412,35.70042427646675,681.9402501535786,587.4225165425885,1269.362766696167
Company_08,Year_1_Week_27,51.06340827231969,94.48814486650693,69.06468767329963,63.799349144157574,16.76896188774589,69.09360741393974,39.36247741480094,51.28912509379893,61.133212341691404,69.08478108028007,630.8350472499006,524.9298996934349,1155.7649469433354
Company_08,Year_1_Week_28,27.051112161994727,22.869328092594735,45.10604749042883,95.7262101367654,56.28136108823918,27.266658469639037,29.18561605133973,41.67081994083097,36.9373839921528,77.6684032156432,435.51678416630034,391.8881206206771,827.4049047869775
Company_08,Year_1_Week_29,19.18284339076357,22.097350959106002,29.723338945156975,13.957417917872732,71.95016188856968,49.215955481671905,64.07089783826862,10.910875990190071,63.58721874719887,71.51135240226174,302.5005189012958,344.56695527092097,647.0674741722167
Company_08,Year_1_Week_30,77.36260375137027,97.14605877260307,93.08274531926334,59.00619627070405,49.051302520639695,36.083817443357155,52.768778462544056,20.481992231317285,98.1744318043347,83.34979784245911,742.563057393251,586.478723905122,1329.041781298373
Company_08,Year_1_Week_31,84.73202557498595,90.6613653858085,12.318606877402178,82.12359558378141,11.836131372180501,25.758940844035934,65.84829217245527,30.93740662829459,42.61774037207477,67.37981976947904,616.1504322764296,489.25403934689615,1105.4044716233257
Company_08,Year_1_Week_32,39.96192585503712,92.19857888335389,36.51426360042029,34.95120655213424,48.210574751434656,71.06388800231365,63.58782853465289,88.79281135561595,14.685768865864102,68.19450480624664,542.8106759183662,316.03196101270794,858.8426369310741
Company_08,Year_1_Week_33,51.888421170034995,40.090949894781396,20.003427361033268,12.082632906056993,98.30523944467257,12.315757982711144,99.82087555562362,42.2510086120159,43.992459997164175,94.65876920145016,472.0438170775309,534.5434724806711,1006.587289558202
Company_08,Year_1_Week_34,95.4607348815754,51.08649194723222,18.79470761132917,15.09633316229749,29.46866082471464,81.60127225150458,76.01499756468569,53.35708699665385,76.79131475217191,50.9616596294239,565.5246275553285,612.4422373158812,1177.9668648712097
Company_08,Year_1_Week_35,11.484080319346115,81.21616087049635,48.533373808645706,19.526755086997007,17.376057238966077,48.15982115935113,83.38678752976848,12.552711076913443,14.169146357020896,39.59510484137787,429.9808482249428,760.9347599265404,1190.9156081514832
Company_08,Year_1_Week_36,18.297774309742902,77.79530225865766,52.77023151738133,57.92475041063981,23.906022740531334,92.48862131826603,77.68607769976965,30.0240543812214,53.82981945609111,70.50521152892614,463.7833584119016,521.9456036449217,985.7289620568233
Company_08,Year_1_Week_37,43.8829660322002,50.5867571483966,31.035636052408567,65.61637590291488,62.20194977218875,91.4273141954641,30.39625569908362,93.78869500289696,14.431787678340134,71.48788869803992,522.5237835628631,305.96833943036125,828.4921229932243
Company_08,Year_1_Week_38,66.60962934258113,85.39933654192104,92.8448926681746,45.75065961121716,57.774198283013405,15.269844348326682,53.56877467318098,15.545085059320911,10.965715071672243,47.84075430397913,629.0601039725811,225.51609256725317,854.5761965398343
Company_08,Year_1_Week_39,69.09699586563605,99.34554938553947,73.69549745309305,67.11640786425949,41.91129647575348,99.0467981454872,11.101278684898206,99.87889841530367,72.03669753147238,89.6291590146265,774.8467324814147,443.151574078449,1217.9983065598637
Company_08,Year_1_Week_40,49.977152715508154,71.36695195758753,64.39652817228207,19.367846934648746,93.74623831806366,12.605658703822906,62.47472257733012,33.77339016892621,54.26734831162031,15.40295635846454,528.2058534308227,324.9569715451538,853.1628249759765
Company_08,Year_1_Week_41,56.676812355369464,13.331501539221254,35.5032214798221,23.931556216714196,57.90139223895633,47.97767314875262,50.46479051333395,16.475135564616707,10.655883802195692,47.76212382806167,383.0372654851153,409.6950630084589,792.7323284935742
Company_08,Year_1_Week_42,19.652780008612513,28.592885030781748,59.18741137713732,70.93415907109161,17.190001469996865,50.92431346930886,36.008275851725024,51.964798686091015,89.75393925833158,46.03248793551019,462.259952880842,490.3778995642344,952.6378524450763
Company_08,Year_1_Week_43,52.48527382439245,48.4241053586622,21.78543302589414,95.57321628915169,87.1507587703567,13.073402866099558,63.99550642909965,11.47753584069471,29.864983501078594,44.42405676777488,552.5026437405381,299.53501419169294,852.037657932231
Company_08,Year_1_Week_44,31.198373621566848,73.37012562704393,64.91471028870909,12.405042292233583,95.18403984086281,13.18744544942663,32.86050916434678,36.05564706166901,60.5522809698102,90.55288060395245,485.99325820554674,462.3915661958267,948.3848244013734
Company_08,Year_1_Week_45,77.20443782965201,39.437162457860325,13.076413180167068,10.28735697219031,56.16685435563979,97.17105328449058,42.29872775369524,51.6267764980203,45.07851882682246,39.062056051053645,519.174731785644,785.2332067584057,1304.4079385440496
Company_08,Year_1_Week_46,97.8414452334615,76.40823658655236,65.25123931073166,32.46003376760784,51.693507478685014,33.28656839878232,40.14115991906381,77.5485049018175,44.03096769449403,53.79715049899983,741.2727496580609,372.7856695410477,1114.0584191991086
Company_08,Year_1_Week_47,10.485871258234178,16.816681113468753,40.91173611471571,71.55914031811845,50.09302141265319,46.0555281867461,36.299551383867765,82.3700726137378,90.26837857667788,62.10676741046063,391.7736133516384,607.8239107172001,999.5975240688385
Company_08,Year_1_Week_48,19.787935165077684,18.900502245779386,75.06943921629063,51.561967851352385,56.69404058518452,90.53697649592961,51.315574022328946,15.72250837190385,70.98167813605323,69.42216462199903,426.92832338504047,356.0453365271644,782.9736599122049
Company_08,Year_1_Week_49,70.09193423989733,48.11856991656604,95.2608109102574,18.034002543543558,81.72254339895674,72.86149720900016,68.14360215184111,86.04947580306442,24.175489809331374,17.716624807981372,670.021603620696,794.3925294255432,1464.4141330462394
Company_08,Year_1_Week_50,27.927161175262995,62.859610425310194,73.36943207308214,48.382772512667124,19.52463566595401,11.086649710843727,68.78709989731972,67.85891116757415,72.55553977708911,99.06891295226404,480.0131499104322,465.80719926225925,945.8203491726915
Company_08,Year_1_Week_51,93.541137637083,68.91062143844096,49.57070687243955,53.144274944025895,15.151431838384784,66.70543291808508,80.83620052048062,50.73843972237601,87.79377644014822,88.28967743489324,709.2225906070119,671.8853098034114,1381.107900410423
Company_08,Year_1_Week_52,40.53419581126484,10.124295345134293,62.2516956234189,62.72074420298682,10.451738376950448,89.47965827124203,84.37810774679473,99.4947142991214,11.228503644703164,12.916557621639491,446.86246881742863,213.68782444481275,660.5502932622414
Company_09,Year_1_Week_01,37.812757549343985,71.55798289478463,63.07655036777634,30.669545809094206,51.171528523295805,73.91164690187529,99.8966824338778,19.305646676566603,34.1152607198636,68.12864141918305,530.6866981768584,789.9159506948033,1320.6026488716616
Company_09,Year_1_Week_02,84.30116517331484,30.87954365679967,59.64206239017532,90.0554942935171,50.2258907642716,90.99275368181951,71.39095781645015,12.348109476958992,16.51566005280244,34.15831480079815,697.4687339549001,661.2352465734932,1358.7039805283935
Company_09,Year_1_Week_03,40.94800464889339,81.54230898428212,64.46359718972852,30.257777925361783,17.540355347743017,71.7729231021532,97.64836819980027,74.07933001993004,32.775843793995605,14.215240815041463,576.2530182420055,596.99018042732,1173.2431986693255
Company_09,Year_1_Week_04,25.310421318118664,81.61868261649374,99.02684141549419,94.04871242455023,48.3457114750769,40.81834086174766,65.15951482059536,83.02207156696737,12.390573127080305,17.802500218496597,600.931028023016,323.9825311711424,924.9135591941583
Company_09,Year_1_Week_05,94.49874533920557,40.055736412383766,43.495274921588276,84.54493200890604,14.357650363895814,46.588181204546416,69.60893461504922,20.061132495111696,15.384338046720867,68.17210906907431,576.6774101508051,418.32055163104604,994.9979617818512
Company_09,Year_1_Week_06,46.3241568677795,20.074726299639742,97.81096319179694,68.5875120016845,69.55593153574239,32.71446109942003,65.2653816885079,94.17076549102215,51.44831103944603,13.49297908928758,602.6993570237162,374.13421079655416,976.8335678202703
Company_09,Year_1_Week_07,96.00814449392969,43.16872552408788,88.06726357217083,28.224166051752533,55.59564625333542,47.64305860138827,38.49176700767468,61.88202647013093,79.36195528070837,72.70853507811685,657.2404370579548,629.2931851419239,1286.5336221998787
Company_09,Year_1_Week_08,65.00381380156821,14.12998070897559,62.6258279804015,54.69289895010448,70.24026584553133,72.0121897103243,94.9271203755604,85.6376132450123,80.17060471210861,13.140665610264133,620.2168257254187,509.1558226303783,1129.372648355797
Company_09,Year_1_Week_09,35.38236006626015,53.55636067354133,76.47795185100938,78.1820715002489,57.18033945031362,32.10070892091047,44.986250754690204,64.45430275287268,93.18024690348487,24.787452279193666,544.0529811037436,525.9664542833893,1070.019435387133
Company_09,Year_1_Week_10,27.558390208391547,23.178190338144717,27.121137664484266,25.530212553517856,54.2848171120416,91.31708666869862,85.44790056740223,50.80687890625397,32.72093726888704,81.07850945939043,441.7004842337187,742.6835979860444,1184.384082219763
Company_09,Year_1_Week_11,20.91511095964268,72.90573924482409,25.36857384362351,89.67531974870916,32.082777207331205,30.01124765568837,95.4265844165186,14.790844129173205,14.08382729348191,41.46628912412673,386.1267719805347,622.2655118009732,1008.3922837815079
Company_09,Year_1_Week_12,20.647068269165487,89.49675316226738,11.237778438573681,10.815373774033448,48.93989765772018,48.47154784673522,83.2677813873839,99.49435413014731,10.889943109937803,79.30643727579745,410.2868645438562,737.1832500649202,1147.4701146087764
Company_09,Year_1_Week_13,62.84850259510142,99.76505671858047,56.14824860809999,63.438474051352685,95.85230361200759,19.27034256672779,28.71531676014107,45.11217289802629,24.85297919588652,49.98225501711314,679.3735145275283,478.3710518164748,1157.744566344003
Company_09,Year_1_Week_14,78.93318140899032,71.64804041838953,34.92883635660356,24.587122348070963,10.724380472922284,39.99071604114216,11.574498283403349,39.28863577043124,59.01996062934247,44.81946083567367,508.25771524626634,268.9563572598317,777.2140725060981
Company_09,Year_1_Week_15,11.710789338785206,28.841406320990853,48.01291416038525,24.444128150386565,54.69289496937499,94.30807287007508,93.60513296786864,17.08115894151153,97.01840235949257,59.5657209319934,397.4094578026404,398.1463753123671,795.5558331150075
Company_09,Year_1_Week_16,62.19699545996274,44.495602040176514,93.24922560528934,78.3850593197463,46.998791603966154,41.365786697210524,88.63617769206492,76.58050882181561,52.18966945691836,23.496764199500504,635.4760664702476,442.60298746409865,1078.0790539343461
Company_09,Year_1_Week_17,23.575492236902363,69.12539045237952,25.61768487670722,66.0710917281576,63.1407973055874,65.06357069537324,67.2743661436285,20.261178476139584,49.786741893948786,31.800275800603057,438.1159433460028,266.8715121979534,704.9874555439562
Company_09,Year_1_Week_18,27.277029651330917,72.8849994864691,93.61143009030147,91.92742498555816,35.00464903772707,40.22545282992756,27.07555059620594,10.687284083213846,97.4036824361083,89.93531286015686,557.3018428989457,522.5203145016363,1079.822157400582
Company_09,Year_1_Week_19,47.83406156067842,79.33019027190751,42.27491203046449,26.39976026435507,49.49996780376783,43.47298732653557,22.564907420266614,89.4528858189959,68.2014316106648,68.41589768219613,532.3267549886716,434.54280044427685,966.8695554329485
Company_09,Year_1_Week_20,26.37811325090014,14.676246160661362,79.94598610738058,79.22396803471379,21.83307166361955,38.73636606584981,23.899142663566128,69.14436697621231,70.90473979087804,12.145293683309266,438.5570469699894,296.83550630265177,735.3925532726412
Company_09,Year_1_Week_21,31.175864011086258,44.18994805661106,53.08019293232635,82.98352795327875,51.378112215684936,98.60417855719643,51.07126687538722,95.14022287354992,85.80908483737336,80.35274523384028,582.207150933544,716.2243870479707,1298.4315379815148
Company_09,Year_1_Week_22,14.641751845161178,56.11524498167796,49.43906210993234,67.4714400685761,37.900194946945476,10.47949030756442,64.4873108633157,89.89803610394739,11.264989619512594,11.342048373598626,418.14175471108445,640.6054386279457,1058.7471933390302
Company_09,Year_1_Week_23,59.84341179925498,39.68214186469717,33.68608602364407,54.20979770482021,17.146491462105235,17.49295226094215,84.71134072487415,97.34059556524338,71.2903322006326,98.78987159174075,461.4450489835627,664.8074475446534,1126.2524965282162
Company_09,Year_1_Week_24,89.98267305550064,98.56259399552789,85.2167673740641,64.33411652076748,72.99023003999264,16.222420838319618,81.33748863269567,73.97192230440481,96.91862458857076,58.821705779039256,853.7362068144819,423.21281039210896,1276.9490172065907
Company_09,Year_1_Week_25,96.39467064353282,37.89830397314847,79.95220873770906,79.76277107021495,33.45901238834732,60.060521376613465,45.38275839689878,11.918118920709276,97.67401651158357,82.22637708740184,696.494737221872,552.1071154345561,1248.601852656428
Company_09,Year_1_Week_26,51.586943647903766,85.5179092630347,57.501811555765656,54.56235618678099,93.71222618645022,85.24248344703463,86.37559562141867,45.20667439056857,14.67565337878187,95.97613708426087,685.476949068667,401.03093319324154,1086.5078822619084
Company_09,Year_1_Week_27,70.43059335079305,41.2786147923035,18.25109304182827,92.85311216275525,23.973048965914778,48.536266708884305,25.17283428774711,31.428956666353507,44.18913134023807,13.792139602087833,544.4852336615065,478.22648728636545,1022.711720947872
Company_09,Year_1_Week_28,91.38843916730364,85.29648115580808,98.66383573507875,79.92706143934555,15.773783805424884,72.19504712069417,66.84936138839018,98.14677069415757,58.641718053636225,42.94910726144341,788.4654274247123,469.6177696152079,1258.0831970399202
Company_09,Year_1_Week_29,92.25903202485529,72.8857791480314,36.94195974582465,42.80533242616926,30.357271888270926,53.30574816454657,49.6393992148794,73.40831014138365,84.59315015274225,66.57252465120828,652.2951845533787,736.1095380694165,1388.4047226227954
Company_09,Year_1_Week_30,59.813937594290365,21.924134646835462,38.345681603058566,26.17035906265117,91.31097349955552,60.77387789381036,32.626324419238244,44.86919630503294,62.515664535966394,75.45412082757285,462.4938199695738,460.38479729881567,922.8786172683895
Company_09,Year_1_Week_31,83.01654229926586,13.195572825768867,92.17835818066948,19.721734963423167,47.490496064692415,11.174161225502036,88.72608501402182,28.015275398347462,80.21749555785323,98.93045285609813,595.3916289359813,693.0463169741257,1288.437945910107
Company_09,Year_1_Week_32,45.01873662612649,88.31403197819881,31.60933186564885,42.97015402468028,38.68370470505694,88.91577626315365,44.14079623639879,75.18986689869489,93.75354263259104,87.15974907546658,629.3233631700708,452.98600578457354,1082.3093689546445
Company_09,Year_1_Week_33,31.86182638499926,73.51426977975972,71.82226934769133,46.50308311474197,79.75441974218244,19.119755655341457,21.847749428647404,35.57548618027437,92.1571577821543,39.861051369490724,545.6346815124922,515.5780896901108,1061.212771202603
Company_09,Year_1_Week_34,56.917469992228945,77.99525378687261,64.43521838338991,69.2683377199655,71.27715624474843,75.66542075471958,34.09853683006749,67.38291076663536,54.93287051898096,53.975224259479944,700.1095232911441,720.3048050753365,1420.4143283664807
Company_09,Year_1_Week_35,85.87403492913718,42.1433017952548,37.58675151262298,27.54185873440834,51.34420077322293,11.980808900859676,41.73591911322363,64.64300436393705,95.50862273902332,67.17950323065973,538.7945102756429,505.8956020063047,1044.6901122819477
Company_09,Year_1_Week_36,90.25078239426738,47.01868620652241,98.58739256569697,99.25335493375094,57.521991436976606,30.089090433453478,58.652298558612806,37.11993193890376,11.21073438179231,75.74004683603658,749.2982919465637,374.27944662002875,1123.5777385665924
Company_09,Year_1_Week_37,98.08505308158153,53.70232789587631,38.97140487648087,39.162518991712865,73.1314775615771,87.79905947172632,12.439795988370438,34.26773876621775,78.75468699578968,80.53576767037418,624.2827989063733,509.5304967735177,1133.8132956798909
Company_09,Year_1_Week_38,65.6589409324305,57.26052605472094,70.30602793028612,15.275078391364865,20.201732509220662,98.03763116019167,93.1655440236057,80.09550091970905,82.00698848743696,71.9380324585911,603.8645045408496,738.6684089644621,1342.5329135053116
Company_09,Year_1_Week_39,78.2640124965263,13.964661717516611,38.13671469653906,57.69698606477764,87.16741224243012,22.652439359782647,50.205622187964025,85.66254920044456,45.69854438702309,31.17515995443564,531.3613542238984,411.1177700740222,942.4791242979206
Company_09,Year_1_Week_40,35.78971125909874,68.44297732926555,56.117881652904266,80.68827534225554,81.21451148669087,71.04142712102907,16.227805101597525,50.921121452520815,55.55552199324809,92.10288812549759,603.0750818690059,727.6584549477304,1330.7335368167364
Company_09,Year_1_Week_41,27.354145345474127,11.5391786909203,39.29150540274919,23.109187627654144,94.53873204336162,77.51350975927802,47.00992625516103,51.82708145952759,63.475347880469634,13.301815195617621,416.02279863462485,243.2907457008561,659.313544335481
Company_09,Year_1_Week_42,39.00624905372727,46.059404096104366,82.87721535223488,27.505126140430313,73.20693192346309,75.66383998311883,48.02125266998925,49.12232409256489,99.49524013824495,62.36571573529491,562.9691930814295,600.9041677461228,1163.8733608275522
Company_09,Year_1_Week_43,48.198542945844686,66.55137254634498,87.5000749441767,90.35497639961295,75.86613342031059,72.73446610534839,72.55142875595689,15.171294659151982,64.93647993466881,63.501727630246585,709.3619183926829,656.3855382626384,1365.7474566553215
Company_09,Year_1_Week_44,16.95767575857735,62.907554168893384,58.79200017545214,46.39965253298381,74.11490186387218,44.4968972537022,91.32423285519717,96.6076925630201,10.204630916575312,41.30382243133329,561.6608815892606,572.3268131516268,1133.9876947408875
Company_09,Year_1_Week_45,37.526871452098696,23.14845910395312,95.81204398932952,99.67838067141717,42.43117504981803,35.22401431264544,83.81529392402255,79.47166455119388,55.51570765828193,98.66495498463276,548.2087817947609,608.9752736478517,1157.1840554426126
Company_09,Year_1_Week_46,38.17205656647895,81.220078278907,96.95343678631085,86.15084187966606,83.74768301963617,89.1026828435648,53.79056351160676,96.09009062772196,26.126872816613503,60.38431764582882,720.1494755420072,764.4166387412292,1484.5661142832364
Company_09,Year_1_Week_47,42.04133181529453,36.8384089136268,27.56871021779209,85.16303085446015,13.198729698070505,99.12648427088637,75.58119963666418,50.06499899503804,85.79047704547587,87.51804213415541,495.15904293368027,699.8755910198818,1195.034633953562
Company_09,Year_1_Week_48,65.91329167686587,24.62938764150485,94.7492303201099,90.41586060865744,84.96332698473275,67.87700088612507,56.67455353781068,19.833135262932423,28.270476065078466,20.942457640729124,663.7430360621028,700.4114562815929,1364.1544923436957
Company_09,Year_1_Week_49,15.280940594417142,61.75284736034916,59.883495136747655,92.31430400116014,60.667985921438635,56.15024326704154,76.27961915175239,69.02186241616158,52.86266628565484,83.61952145788717,536.5376946863515,417.19616928252185,953.7338639688734
Company_09,Year_1_Week_50,47.40000303266716,19.970862723266205,63.97066026753883,54.059358167917935,41.73333312263589,49.73639341651955,35.27144532670444,61.40385774865438,45.091217946485,11.578486541482858,428.0527447474994,768.1436374698303,1196.1963822173298
Company_09,Year_1_Week_51,50.764692660312726,50.03594695271215,24.728858861358823,33.1542543619839,76.53993368672776,56.46612825397241,39.93332168356358,57.56513752305432,41.006044701046775,64.75135112250831,489.79979373518245,718.0792327341619,1207.8790264693444
Company_09,Year_1_Week_52,42.98869989134941,78.82203016483595,69.73160810243198,52.376165908811885,46.85140713722869,71.8794804177442,37.877494642657766,24.47872625331553,21.833109929116542,41.12113965427859,573.3275543935877,525.3497463621309,1098.6773007557185
Company_10,Year_1_Week_01,95.3390045200421,39.9554131894439,32.95902619933497,88.63309921121879,88.83082357180952,74.50014004751174,79.47168316390511,96.06391879149781,22.974415492615535,48.07232005209824,766.7486945282706,786.2963877376908,1553.0450822659614
Company_10,Year_1_Week_02,37.02524482115214,14.863313618369927,57.70162485237484,42.27299085636786,86.26538348642198,42.81727821730841,32.77144652144179,87.02411584663652,64.62442265270232,73.99458437414332,471.0462405874248,360.23783339764145,831.2840739850662
Company_10,Year_1_Week_03,34.07420360252801,84.17136220781633,97.7168044543979,55.24227157723188,42.99477331786824,24.177442465579237,43.39265168841211,53.92249141093249,13.765891056096732,48.515643184969015,597.5222009309584,404.49783792157075,1002.0200388525292
Company_10,Year_1_Week_04,39.09433625385138,71.68609587115421,56.36446216758389,21.808259884627986,97.5459154946966,35.6570740161504,85.46420695509731,13.390151563105853,23.828437559096788,57.88054302004973,518.8801689236308,556.2987384661303,1075.1789073897612
Company_10,Year_1_Week_05,85.35651857642554,30.342203628674312,55.0107248337701,46.013565433956266,64.93475622448757,34.705280630839766,39.74516989344319,28.92582492632775,48.60837184843437,37.961623926328016,594.8109237242567,681.791339201834,1276.6022629260906
Company_10,Year_1_Week_06,51.36046507480601,91.27538195314854,50.039405153198956,78.70219578415632,35.13864790472245,21.87100739388312,80.10231034501584,81.99786660269815,70.2594482623296,12.672612339842711,673.3446797592738,419.3721423206413,1092.7168220799151
Company_10,Year_1_Week_07,51.52747319612897,67.44515531349984,47.117410801641796,22.39159923990511,62.10737061249415,11.663327638669488,93.36314283175119,11.193965527786295,60.86067501212163,84.39429257926463,550.2964409661192,272.81344651138386,823.1098874775031
Company_10,Year_1_Week_08,97.53323330104205,26.518108435290646,11.1531569955742,75.34574264916614,13.814856644724522,43.860757457239174,50.52635716323705,60.08319883693375,44.79284233280073,25.950378880107213,546.5435406123171,737.9055348160255,1284.4490754283424
Company_10,Year_1_Week_09,30.167508787861767,51.59529844264693,32.679840994574676,72.55515349840951,67.55417353293103,91.89718950266068,58.91685274429478,70.34635874170203,79.42836936552888,10.495636904414653,554.2396735667976,650.5951607895199,1204.8348343563175
Company_10,Year_1_Week_10,67.51891956476707,31.901287565653913,79.92561976747854,82.30022605487444,34.456494600196635,25.61758594483676,55.53368109845156,52.78276084962788,29.169016042913558,66.30527956474936,616.8206489052616,621.5128466177573,1238.3334955230189
Company_10,Year_1_Week_11,69.23929558723839,60.49115578343324,20.76416920956887,61.24821754127315,25.946091646842454,84.3791743117443,62.33934995582695,78.59048995494047,12.268169492154401,72.2397886450317,599.9587989533155,670.6935271938096,1270.6523261471252
Company_10,Year_1_Week_12,79.93612297686221,87.13378597036615,14.705487884789736,55.08946493645912,91.90081960539172,64.73886167791274,16.53103838998658,64.89893934858372,53.317456684568114,15.198883599289756,672.6347886841658,568.1467602553058,1240.7815489394716
Company_10,Year_1_Week_13,86.77251732983271,61.12235563039654,74.46375429403118,78.34734808105748,88.46615247117087,38.90477727016124,69.24415452684842,46.96952745777079,82.22653311941671,45.997121311592075,759.0297814026021,553.8979229497263,1312.9277043523284
Company_10,Year_1_Week_14,58.134199314297504,43.3533277551231,92.11529432472392,66.74021664898942,50.385959757153884,93.0853826509102,22.39097918474593,56.620927951227756,67.10273729643886,27.399700507295737,596.5130857629296,310.0012197933993,906.5143055563288
Company_10,Year_1_Week_15,34.95595554774137,90.61332131322237,81.38020066301537,10.958177029435522,79.87963335141022,47.39682436658967,49.08860053779825,46.374243134652176,14.267516591293449,58.81186750258787,562.2115722481346,425.29111662657954,987.5026888747142
Company_10,Year_1_Week_16,57.99284399575478,11.874537053425557,45.36613648281988,91.3318527874739,15.419712249658511,20.773346610587296,45.72424094764301,83.86902732122047,81.58502079488275,82.15996945203132,465.4583679191396,512.3481542255421,977.8065221446817
Company_10,Year_1_Week_17,94.95044987526205,29.614747950030548,67.11700909438866,21.910367902295746,60.76651677764642,80.23714997730755,61.631649949363606,99.11148990777428,39.85460489399169,74.09539753098557,709.3818386803321,342.2049045270977,1051.5867432074297
Company_10,Year_1_Week_18,55.120994544946655,39.70618326899307,40.68302708690484,88.06312138406656,20.45054767323342,72.89953487611737,25.902544385282173,80.52281268292342,76.79976693132285,42.219704437769195,657.6755595692042,791.8685248065451,1449.5440843757492
Company_10,Year_1_Week_19,17.39944174853911,36.41443385322606,25.13097352959085,92.8691236173299,34.53682413526143,55.722607519043166,11.287085830938944,55.97708736824709,10.079369009637034,10.895512450607637,402.48473189625673,462.94435164627765,865.4290835425344
Company_10,Year_1_Week_20,70.78077489229753,55.073962067460336,62.64013113315676,83.86740054411479,69.47362542583915,94.35719609776774,42.92417040056557,12.72332461957863,15.104945374133841,73.25648671489998,677.7654787436013,715.1204759257477,1392.8859546693488
Company_10,Year_1_Week_21,62.56754063133046,34.849635727666495,66.52932563845403,34.80662063158759,16.846298872187663,90.0561624636764,15.951509672169486,71.01432846931036,39.15431340091878,80.99053730355371,531.627259549155,520.8906553236939,1052.517914872849
Company_10,Year_1_Week_22,57.20517873872372,34.3154382970159,57.34622563465054,75.20763902280446,60.91485698008688,27.893550300055608,22.704402863022047,95.39886399401719,52.30391097615902,80.36772923627397,568.069449926272,600.9949467640499,1169.064396690322
Company_10,Year_1_Week_23,72.29095917417735,15.331429298407365,18.097018942428164,12.13608273919517,38.03358546178187,98.1457705728811,28.5450876996255,32.120788835040926,59.26691198790316,43.12342512766684,407.7146782446875,348.29394918127036,756.0086274259579
Company_10,Year_1_Week_24,12.13105816475981,42.637718302192816,34.13211528023558,11.542568343470736,66.18476518053183,58.440301404918245,18.63763793736888,73.01314170418031,79.57974711905305,91.84049084278531,342.31035280513163,750.7764333034675,1093.086786108599
Company_10,Year_1_Week_25,78.74766342962171,95.17242760550273,15.028953042607029,22.255402739430274,11.643038547035536,37.00551278149982,16.889469677242257,42.99417825510237,48.64809687569819,99.64846894135773,525.759090686653,634.4912842117435,1160.2503748983966
Company_10,Year_1_Week_26,18.91516719647094,83.9467760693002,15.520357064976906,13.335372756519668,42.62289787237711,24.743531217581594,43.935845562468984,37.182810227099324,48.98129626786065,16.239043830565144,419.22969252388447,790.7343158872295,1209.964008411114
Company_10,Year_1_Week_27,63.66780222581749,89.93351387747502,47.747695329938715,30.414754273723513,88.54937945701924,65.8010380608692,38.65105334507773,60.39384514889831,99.19378122251824,48.83676203672894,684.3476561810091,264.6410332419448,948.9886894229539
Company_10,Year_1_Week_28,21.993157562925138,87.25002235406517,42.22711695641971,36.5399548071602,74.23933888994078,18.062323621526374,78.19297022870488,97.11150351829822,40.94272011816689,85.7698693619109,473.4010049373701,726.3270848945328,1199.728089831903
Company_10,Year_1_Week_29,17.53882659770002,11.164064273741142,37.24809021059047,35.33839079699763,30.12376042900269,34.406963659734416,94.11668686693892,76.37967406304438,98.45714259152415,58.925602440143415,383.08840238378184,442.23791500711104,825.3263173908929
Company_10,Year_1_Week_30,73.66057371021154,14.695059799938193,33.12114972724747,61.774093780318125,32.522754414566336,45.95231562504145,97.30820887353532,77.35842049467045,29.327817420246348,45.14238178202379,544.896219835165,776.9729433190779,1321.8691631542429
Company_10,Year_1_Week_31,65.5414657660545,18.8630535133249,33.91225496863498,18.738020255782622,56.93303523882615,52.169127505704644,85.74189183313723,38.291128913246666,11.898430204823969,37.34303150211558,420.56208711905714,215.4272201658503,635.9893072849075
Company_10,Year_1_Week_32,15.903545048710509,50.68887924925939,28.084462782443104,76.50084419504266,17.978715494834,93.47654921090617,58.33030448129157,53.95020088285939,97.66730828381564,33.6608846544498,419.79292191894956,214.2416776099821,634.0345995289317
Company_10,Year_1_Week_33,15.479307245600044,63.769869448365824,25.20830638792742,52.286516088558336,47.283235683904955,63.745306398955464,52.56309912117628,43.197157071579596,72.20101699719335,16.73771965031684,396.9970024149137,720.4008935004549,1117.3978959153687
Company_10,Year_1_Week_34,68.31782839755701,98.42686148087905,68.36173943205321,10.333283008088237,82.87755352967488,26.831240180357714,24.528925620093155,29.41033599701835,56.832558644205605,51.300376063894845,659.9426485393194,750.886303529538,1410.8289520688575
Company_10,Year_1_Week_35,29.95394823611306,48.9675222886138,94.69275672928204,12.869909855405378,58.32340019406133,16.85955166366609,67.65447000566675,72.81302773705991,16.431992855369774,75.19598629311236,466.7259020282879,569.4014578490464,1036.1273598773344
Company_10,Year_1_Week_36,10.17045952393427,95.35496365333813,26.158661215496373,64.12665567101304,85.68733053619196,75.45436434880475,73.34722219036004,15.456200243707897,74.73605408870296,44.55852592871159,486.82935194521633,538.3831481247673,1025.2125000699837
Company_10,Year_1_Week_37,17.56051071060759,68.24961824735817,98.54886688737008,67.75824264064785,96.58199642703633,82.26442911585079,37.386587236991474,17.972423724072435,12.257981700805615,53.863263530137964,664.7788618274179,741.0866568920216,1405.8655187194395
Company_10,Year_1_Week_38,69.53171606979491,87.81578390241616,12.671965886288962,50.65247260424778,59.18360245068608,90.09546960231752,95.74395264538434,17.89039758977787,82.11430565648274,99.17160371218692,685.5692344377628,269.7095714852,955.2788059229629
Company_10,Year_1_Week_39,49.14307429995384,14.367671404642964,85.58176447331834,33.40895549380924,42.054777205332485,81.96152003944667,57.87194711471311,58.12594454876875,46.991465563386015,91.26344442432494,536.7325788385514,479.8901417853546,1016.6227206239059
Company_10,Year_1_Week_40,22.832129758790934,26.268317005918796,29.696559966900935,51.66268675400806,97.44351877571322,98.35313539042322,49.794334742422855,51.58146511905234,88.62986987251797,11.636115249407853,513.6006686010254,609.4234030426444,1123.0240716436697
Company_10,Year_1_Week_41,30.18518133453711,65.35239186409179,20.887928011399605,78.64426273660506,52.691085971718515,65.56044724609006,85.00074083510232,19.834226901401813,19.75265158523071,42.01171068672737,491.51952665597497,583.4556327895377,1074.9751594455126
Company_10,Year_1_Week_42,15.318476781051286,30.158109967521455,39.32078506746596,44.87244578290123,17.812797227010886,50.361797150953834,67.89425539406196,19.001305916275278,51.53518046634696,87.38726784271834,334.0045243914541,361.8134987367597,695.8180231282138
Company_10,Year_1_Week_43,42.99655068762644,85.44283839760824,91.74109933131217,18.017263597844746,54.822577174638816,63.08595338016736,46.66229156109531,49.33671376152142,48.05468955007338,36.40646175163658,615.2953309553222,668.1241872457058,1283.419518201028
Company_10,Year_1_Week_44,82.53956846989719,21.502733526398345,90.14152113178963,70.65859902112443,47.30981935088287,26.348273104470245,95.30645810595252,93.9147123346713,94.13100264239132,98.61431221333125,697.7217878578965,692.8320774966176,1390.553865354514
Company_10,Year_1_Week_45,56.87350745635927,45.17564830429772,75.93815650349993,44.634686444192475,62.61818590470895,13.530102339329085,46.315065760008096,69.82339143293262,32.50702813419862,90.04341326913875,531.9439962011822,313.7494217155024,845.6934179166847
Company_10,Year_1_Week_46,83.1253207929806,64.84707662677445,57.193549576941464,66.74125251060917,18.5380863094313,12.303536650476477,91.03483453085569,68.56742482065548,34.77338053170265,75.64598702179686,643.5430652954515,506.39703702994075,1149.9401023253922
Company_10,Year_1_Week_47,99.79258560870475,65.9797755038152,82.24662794023484,17.305329998194168,59.49971936180202,34.16315223889197,38.36516409661846,49.090078897773694,75.50172371458092,93.7578749873417,707.116447811826,581.9083776909986,1289.0248255028246
Company_10,Year_1_Week_48,58.15919557712413,24.001107494602326,81.92449795168585,75.25943502806585,39.33468011497978,21.736387764847258,89.67730697117388,83.8851437310115,87.57812743758454,93.5765337790188,619.5423515500293,287.40934161629787,906.9516931663271
Company_10,Year_1_Week_49,94.73302315097243,66.02302037490679,88.38185679918047,62.60381276284426,29.573039094353494,53.26035968736764,98.42883453540149,75.81923642790925,88.36433099565961,19.78330501004586,788.8704005384727,257.23301340586806,1046.103413944341
Company_10,Year_1_Week_50,96.38517205472485,99.65413764030738,17.648305541824463,16.924742260116368,37.20120857536244,26.46661397472476,50.39344474075184,31.90360072003316,14.95463407699461,26.98717227113721,634.9597018288606,525.8179331331063,1160.777634961967
Company_10,Year_1_Week_51,36.42310518137392,47.288104346598615,68.49630765856301,98.70285985049135,40.95701131345287,25.35559096750147,93.99008674983536,39.44441760852621,63.140168390571475,19.435551664224022,558.0454477799718,699.3826297514024,1257.4280775313741
Company_10,Year_1_Week_52,22.083135541847646,78.19428003326898,35.89744581700705,12.024057306015154,27.81151276953494,76.26569713994243,66.8128876072656,87.07196057960023,39.01387466589033,90.31140222325176,433.5248428488114,270.85960427283527,704.3844471216466
