Company_Name,Time_Period,Pharma_Production_Output,Compliance_Audit_Pass_Rate,Care_Network_Expansion_Fund,Digital_Health_Records_IT,Clinical_Staff_Headcount,Clinical_Trial_Expenditure,Pharmaceutical_Ad_Spend,Medical_Device_Sales_Volume,Logistics_ColdChain_Volume,Pharma_Research_and_Dev,Net_Profit_Rs_Cr,Total_Cost_Rs_Cr,Revenue_Rs_Cr
Aurelia Pharmaceuticals,Year_1_Week_01,43.708610696262625,63.47176438169216,58.55421631378035,41.807924137244626,12.445067910300384,66.66019272025629,34.37256952332753,31.43319882991267,56.30151949659047,34.350333083919224,533.2365209914814,639.3315237873334,1172.5680447788147
Aurelia Pharmaceuticals,Year_1_Week_02,95.56428757689245,44.28017709679194,81.16508483550672,31.318350307703387,15.868413213444285,14.889883134061344,32.28037932518978,91.75910966914377,17.6550746940317,32.391260986525936,625.1959410029907,339.8113786381009,965.0073196410916
Aurelia Pharmaceuticals,Year_1_Week_03,75.87945476302646,97.29229580331429,38.68772526388629,80.24729637194757,51.75382391310995,77.378071071358,15.627366616856117,52.12621488108611,59.39855213883398,94.7852397539736,700.9279270126756,687.8852026890353,1388.8131297017107
Aurelia Pharmaceuticals,Year_1_Week_04,63.8792635777333,85.79070308221378,66.33022387933082,34.73254319933225,91.82981852754041,38.5828115735005,51.30464649371383,51.966947164583694,44.19811710688552,36.84452088107105,673.2175976677444,553.0587442720714,1226.2763419398157
Aurelia Pharmaceuticals,Year_1_Week_05,24.041677639819287,85.44958342400241,89.73799734125684,84.03528866623105,58.48316181574428,10.012122370403679,75.94601273075486,78.4518078209754,64.64217527952192,79.79547670470994,623.6174721509251,326.45785965794374,950.0753318088689
Aurelia Pharmaceuticals,Year_1_Week_06,24.03950683025824,52.18238438154732,65.42768693640741,48.13644282838865,54.80312572308612,56.001622531350684,64.60585522456927,23.90429836044332,44.9853713088892,45.38096183863713,525.7140066802531,342.0322855122997,867.7462921925528
Aurelia Pharmaceuticals,Year_1_Week_07,15.227525095137953,47.33375521038987,30.96635272782704,70.07949093623233,19.492632996096752,14.216671767484282,70.55845017382718,53.85388186900457,31.626921110533008,22.53286637062336,367.52132081639405,576.8182787417222,944.3395995581163
Aurelia Pharmaceuticals,Year_1_Week_08,87.95585311974416,34.60663647376356,12.196070340088422,18.59817824512014,69.11020942518647,34.85526020388095,17.303426068261523,48.69866927089537,18.546874770553885,10.964376792582305,486.360144147094,697.9637559274661,1184.32390007456
Aurelia Pharmaceuticals,Year_1_Week_09,64.1003510568888,15.073794698583441,88.3088986510837,66.14733922089158,83.9892844540203,73.62788387101446,95.63416391591085,63.72196214919905,38.34266001300061,58.983160331372574,699.6241230474766,449.37666921749314,1149.0007922649697
Aurelia Pharmaceuticals,Year_1_Week_10,73.7265320016441,87.82501386295479,11.914246976534843,50.65909108635062,44.23780067568061,15.642065945967929,85.46426504587224,99.96019329253947,18.698035085897708,97.82009366940395,584.6537427174081,354.9802574765553,939.6340001939634
Aurelia Pharmaceuticals,Year_1_Week_11,11.85260448662222,83.16109082170698,88.72315054157795,62.79476168579267,79.80506658327947,85.54046431204021,82.45812866460965,79.25040046738424,25.920725574158553,43.2222574428284,690.2536569672556,720.2069641463603,1410.4606211136158
Aurelia Pharmaceuticals,Year_1_Week_12,97.29188669457949,99.97459059575175,57.60434206244908,25.12127869703771,96.80289885107304,10.34379303927248,84.06854245375908,45.807913271568445,98.86025427215914,42.147310059374036,729.7685083030897,601.5609750505009,1331.3294833535906
Aurelia Pharmaceuticals,Year_1_Week_13,84.91983767203796,99.69731533665149,94.51609286616066,76.31863704497638,28.338981321492017,32.2141482281712,93.94394573194852,84.47977470466422,49.96932012159568,40.968245606449784,868.0862423122755,468.8512923698459,1336.9375346821214
Aurelia Pharmaceuticals,Year_1_Week_14,29.110519961044854,59.988853504236474,81.89049121962988,87.65173697889057,57.09966680752672,76.68136505368643,58.982856950232794,25.363752698123214,57.86845898545149,56.84894535743726,593.1910666483368,492.7401171675811,1085.9311838159178
Aurelia Pharmaceuticals,Year_1_Week_15,26.364247048639054,79.20886736624594,99.81406994800037,29.506582008169808,35.8424162276118,38.46431347563761,28.02538160808633,12.74173176780641,88.62566758634938,49.65983950818642,510.7976694812043,322.55388076183783,833.3515502430421
Aurelia Pharmaceuticals,Year_1_Week_16,26.506405886809045,95.02891568941853,41.564063390653914,18.614309996814555,81.35689771304554,19.17031492594122,65.5105247067287,28.400353521784574,99.6012010441619,89.1923164054313,457.2333601046573,576.0815780389064,1033.3149381435637
Aurelia Pharmaceuticals,Year_1_Week_17,37.381801866358394,86.46826516096704,79.04694600380142,12.127472744170277,61.98340292930418,42.42105269203851,76.85933443011452,40.637040050283375,62.44430044102134,55.49687125511413,564.8268764477472,415.2455063257332,980.0723827734803
Aurelia Pharmaceuticals,Year_1_Week_18,57.228078846901404,32.26132915688779,46.1737822248318,67.77743503989393,67.11241757952735,34.3353957746073,76.41256540186228,55.95226817136039,83.12264389397545,55.69820543697119,532.9680620577353,797.3871060046096,1330.355168062345
Aurelia Pharmaceuticals,Year_1_Week_19,48.87505167779042,50.54897217790842,53.18880582735179,64.63846324799027,81.81227436543047,85.84407119444994,56.93041217501921,65.36162264870799,39.424692190300775,22.453443524850094,596.9178025526292,488.1101091571327,1085.0279117097618
Aurelia Pharmaceuticals,Year_1_Week_20,36.21062261782377,21.62434736363455,66.47549168965331,59.2027671442663,45.63734253962094,38.20131258266288,16.161284740022026,91.95451454929795,37.5169561702562,98.44655868193473,448.07337150609203,491.5313637137679,939.60473521986
Aurelia Pharmaceuticals,Year_1_Week_21,65.06676052501416,95.86459245328501,88.63094027677049,30.875238650437787,92.3581061566339,81.00392245984065,43.4001644587115,55.886860859541194,46.243334889510415,32.497560178194675,776.3247552055477,539.5110724464032,1315.835827651951
Aurelia Pharmaceuticals,Year_1_Week_22,22.554447458683764,64.5557171005792,98.56751222793656,45.18153963149632,57.9725980521526,90.26849303296612,92.86899476170215,55.11480801631564,70.52565364062842,16.60276607136424,629.3053042732713,750.053601871248,1379.3589061445193
Aurelia Pharmaceuticals,Year_1_Week_23,36.29301836816963,30.577852495311646,79.14460724780663,63.50287016675557,24.21593405518132,49.04356776188766,62.60040187816834,14.521870884068392,71.39725203295889,69.68316240776879,493.1331193908002,680.4908599158501,1173.6239793066502
Aurelia Pharmaceuticals,Year_1_Week_24,42.97256589643225,70.4530615965271,47.59901039506004,54.709017297325246,72.63092063519221,91.89488294689528,58.44987489301421,13.142039739060143,38.371549118450574,63.58297331411854,552.1694175010128,470.67804187870485,1022.8474593797177
Aurelia Pharmaceuticals,Year_1_Week_25,51.046298579533236,65.63154164121062,47.922130204936316,98.90069681933986,81.3935215394429,43.95862485668736,34.196816294397415,59.60439657247348,21.98889317229658,47.363108859347115,597.000248990246,631.2195595836777,1228.2198085739237
Aurelia Pharmaceuticals,Year_1_Week_26,80.66583652537122,42.23464462295564,76.38240714300024,22.27957773010598,38.5085509360774,96.76705748410974,43.1604027924921,49.436075192351005,66.91566308189577,47.997301049261026,680.018188879843,551.7412992684569,1231.7594881483
Aurelia Pharmaceuticals,Year_1_Week_27,27.970640394252378,20.220183297966614,31.48994311914721,72.56300986428344,87.14613312988777,18.036057207301564,90.58114802378523,85.52623554822688,21.549327596988807,80.6557528941788,438.38125303937363,495.4202292207494,933.8014822601231
Aurelia Pharmaceuticals,Year_1_Week_28,56.28109945722505,70.44158760335196,19.94267018182552,46.38868912938629,91.55289292891898,71.83173398529185,69.98167427741521,24.461162624066066,62.06432574063971,27.614137608968417,642.8758371558301,315.3894636706103,958.2653008264405
Aurelia Pharmaceuticals,Year_1_Week_29,63.31731119758382,56.827693081341394,41.91599418766989,48.53796534330533,34.921403864002805,54.44326364112358,80.86483240770995,12.247449590534464,72.40799152506781,83.82279870504007,550.0018212220222,478.36175807293455,1028.3635792949567
Aurelia Pharmaceuticals,Year_1_Week_30,14.180537144799796,79.50865525620753,35.85150924886736,74.58379890923587,98.51693254436998,44.88839249100823,50.89108807608896,50.41348911371133,73.05503467550065,68.38724025055163,541.9241535507668,347.49115221354475,889.4153057643116
Aurelia Pharmaceuticals,Year_1_Week_31,64.67903667112945,56.814715100079404,36.66773084103911,72.31925361919326,22.664037524388256,66.94406908737409,66.72224975105422,31.373070107703175,77.8124899593637,47.707279640157196,612.7506912653671,748.9052899109928,1361.65598117636
Aurelia Pharmaceuticals,Year_1_Week_32,25.347171131856236,86.69633502866861,31.024697594491894,99.21303943319695,28.181410156224096,73.34713824708982,32.354524786888675,14.46529360049537,88.5573479409098,51.222575492548174,571.5473707645879,401.2440880978082,972.791458862396
Aurelia Pharmaceuticals,Year_1_Week_33,15.854643368675156,59.6716154897037,13.78838706727257,21.55548605087127,26.580235531422353,10.392694268527817,73.49147472551377,75.21384581628661,54.99630927683096,33.09824864674862,333.8854709757682,771.3584087200234,1105.2438796957915
Aurelia Pharmaceuticals,Year_1_Week_34,95.39969835279999,60.484417438184764,11.608654126007243,19.36986844457497,90.45907390070833,25.025777987247885,48.48412003330036,20.043369996152272,75.7224270576614,77.69028994272773,572.6176620873388,519.8331740568267,1092.4508361441654
Aurelia Pharmaceuticals,Year_1_Week_35,96.90688297671034,88.89882423925106,98.89501507624284,75.1904935415867,68.88632970924657,74.17414455708868,49.8290963333271,64.74875500069945,65.72554618292531,56.158726807474096,873.7580232198457,578.9266272056961,1452.6846504255418
Aurelia Pharmaceuticals,Year_1_Week_36,82.7557613304815,46.31345795911573,48.49958203622761,62.05482253057682,23.68938549000456,69.97468722203858,68.43900921191934,35.29447751502002,26.79759458179143,38.87690884748592,617.4216247047318,525.7642666935967,1143.1858913983285
Aurelia Pharmaceuticals,Year_1_Week_37,37.41523922560336,22.061370560557666,44.58939824437135,34.67445999038253,49.62910765315141,96.94427546158094,94.2652559322034,25.61464453195198,12.312068038246736,63.644510418485524,485.6353227316501,277.6283701800205,763.2636929116707
Aurelia Pharmaceuticals,Year_1_Week_38,18.79049026057455,12.590440868200508,71.16825544237628,17.147743209008794,65.37682225628218,78.49340112257048,15.760571194775883,44.17763706273857,35.60872471092404,99.61610068461907,372.8290669858399,425.4927314047646,798.3217983906045
Aurelia Pharmaceuticals,Year_1_Week_39,71.58097238609412,77.9623530106257,29.642849907855776,17.70924246367875,17.511767649044497,95.56954369582043,84.22689136123068,82.13011986006583,49.87303357038574,49.173605169089846,626.8360121801842,259.4876673665743,886.3236795467585
Aurelia Pharmaceuticals,Year_1_Week_40,49.61372443656412,65.82785962181183,95.49650655552028,90.47717871977065,89.41747315666049,73.22864513813263,36.31447993709738,45.28842192141154,65.53953499857906,92.86222607007576,769.1419662465321,573.772426510029,1342.914392756561
Aurelia Pharmaceuticals,Year_1_Week_41,20.983441136030095,73.36717912893012,80.77105129739968,27.268059224686862,82.32431818973816,36.824698777549884,49.95275090557401,77.56926842899502,86.49633974528848,41.05151559321095,565.5182888667866,468.12451712026336,1033.64280598705
Aurelia Pharmaceuticals,Year_1_Week_42,54.56592191001432,29.166774535801967,18.046990208103356,39.10344059039687,55.46860962189744,19.482843002577084,11.972199589750806,21.29376671192356,27.662114503554907,14.92594362324873,381.55332446606985,666.7909829425621,1048.344307408632
Aurelia Pharmaceuticals,Year_1_Week_43,13.094966900369656,22.27343280280928,47.58226982064355,30.399076200428922,97.04139537332534,80.3641477010442,37.094147005088175,79.54942776985712,21.29948109086294,28.3817895731586,371.1967357447427,332.2822885996219,703.4790243443646
Aurelia Pharmaceuticals,Year_1_Week_44,91.83883618709038,11.309019910109374,89.12064768059483,41.94966752487436,47.59848813475897,67.97342993283243,55.236811836711745,31.32399924159838,96.71319527268948,47.68256289949158,558.7387205585396,298.73963505760094,857.4783556161406
Aurelia Pharmaceuticals,Year_1_Week_45,33.290198344001524,41.55288029259373,95.02588200622692,16.248145847148404,98.56992871328481,14.336741115396661,15.055846961269511,70.96538168999855,19.724010343876643,29.767143573511213,500.34489838494943,443.7993385782607,944.1442369632101
Aurelia Pharmaceuticals,Year_1_Week_46,69.62700559185838,63.09259181691698,52.06613601248827,56.715381181744334,70.11279989232644,42.40454193108805,54.19861564448486,60.92033993568967,53.06419630964702,10.020433439642998,633.2274081159428,755.9512299310287,1389.1786380469716
Aurelia Pharmaceuticals,Year_1_Week_47,38.053996848046985,45.30196405897591,65.2070250289637,16.085130723299343,67.12041459285473,96.11198339358576,93.43995659725846,93.62302454905186,62.70073559139717,92.35013839727745,560.9982448375953,626.253089007447,1187.2513338450422
Aurelia Pharmaceuticals,Year_1_Week_48,56.80612190600297,49.37274298213561,25.03305514828677,82.03208570401254,24.935940576620652,55.03610311391811,19.485389629702468,44.85902661777826,58.723697881669445,85.9491470107836,508.19267668882446,451.3541748757512,959.5468515645757
Aurelia Pharmaceuticals,Year_1_Week_49,59.203925140895166,91.37428250443736,99.20517635232788,31.034087371938973,89.37349824741796,48.94562224177342,78.7996655267954,15.95486699509964,17.74289413296489,76.80630083382525,705.5509275343481,510.36330185258635,1215.9142293869345
Aurelia Pharmaceuticals,Year_1_Week_50,26.636900997297435,41.34299203209703,30.850453124509905,58.601072314405954,48.474071912855365,51.192964464336455,46.87039480383934,11.72399369961276,15.132422260325743,25.103313608142578,429.40683570846284,250.527806706259,679.9346424147218
Aurelia Pharmaceuticals,Year_1_Week_51,97.26261649881027,56.25905402438297,94.84585967216131,89.20711788053124,24.60100652042314,28.799445160464735,68.96563430719041,84.41727048754778,19.49350847149321,20.832721858898744,759.7492132523759,790.7455378256678,1550.4947510780437
Aurelia Pharmaceuticals,Year_1_Week_52,79.76195410250031,80.52877114670288,68.46819840931316,68.57896321424747,11.134676797818313,43.18364537783157,33.42129381867064,57.226207389528895,62.70289154853513,16.084427452514483,639.3988889922558,599.8443828169513,1239.2432718092073
BioNova Labs,Year_1_Week_01,94.55490474077702,45.68885040891431,64.69631153909732,57.966200789620174,60.37801152745443,43.283193038845894,24.354303628722246,79.77196466514543,58.991039887088895,75.16262698956291,703.4829417584485,371.2424410780535,1074.725382836502
BioNova Labs,Year_1_Week_02,90.5344615384884,65.98780302050861,56.141965991485776,39.190037780383804,57.46596599104087,14.711951816872517,24.44163528441038,31.098304001036322,31.036671283306983,93.59271646190967,599.1529791952738,551.4850365291466,1150.6380157244203
BioNova Labs,Year_1_Week_03,63.810998092997664,87.61273378720706,30.760283054598283,39.97017217523781,74.74182601322427,79.08108656661264,16.344275107883018,41.05753709619104,67.39967276610324,48.74822388217333,630.0897055903774,265.6894196413964,895.7791252317738
BioNova Labs,Year_1_Week_04,92.96868115208052,95.45685612918778,25.887522880495744,70.25382596783712,90.1232247716022,47.485398871349105,26.708203441111873,12.709348499018704,83.80607518500844,20.722660479644333,709.9551175219913,779.5020012845501,1489.4571188065415
BioNova Labs,Year_1_Week_05,17.964325184672756,23.236613283613416,29.84375881631578,99.47254250990508,17.146592617872656,83.9961898134781,69.77974464900714,96.53430921167009,13.742106386193438,56.11535386588959,420.5466168252106,304.87099273001957,725.4176095552302
BioNova Labs,Year_1_Week_06,27.638457617723066,93.3928862645345,26.779443592982908,69.56552708644408,75.83468413063261,86.53132010079058,89.35215506591572,70.10811160307321,54.831694919323816,41.39487167127671,628.0136886775324,588.8181908331285,1216.8318795106609
BioNova Labs,Year_1_Week_07,14.070456001948425,54.29046637715844,80.16260262100779,60.20050756330224,26.8670749687824,29.079464922879225,83.27131170320456,93.98845789833756,72.03793708924212,43.73424319149979,505.6086181732012,347.27267752335825,852.8812956965594
BioNova Labs,Year_1_Week_08,39.27972976869379,33.24199494690625,41.51127332500571,75.75854592153215,87.23593478414476,69.16181339531157,71.66208788870357,33.89467666861651,32.70807343627184,65.91975617401366,552.951444821933,630.5368295891215,1183.4882744110546
BioNova Labs,Year_1_Week_09,44.98095607205338,51.322218061443515,15.205840890705673,51.86850510553463,83.71571624754905,52.50536237466835,19.93886770699924,65.03172501030947,37.69938147638342,74.68463019359821,474.3230592588032,666.0928203441686,1140.4158796029717
BioNova Labs,Year_1_Week_10,34.42141285965063,98.20293177569293,97.21923671267302,15.412810834070669,58.671437948698994,89.21410641293366,36.02687016663549,71.0649971463374,65.22741126904455,19.954323898584477,589.2987806236592,604.0518373468597,1193.350617970519
BioNova Labs,Year_1_Week_11,84.58637582367363,54.33562845935826,89.54072964670831,60.60671342901188,73.92185187609803,29.41666112588087,37.88261877902221,38.579473023182956,90.81417640993632,13.203120772582874,690.7502833846794,568.6996761531155,1259.449959537795
BioNova Labs,Year_1_Week_12,42.10779940242303,39.587644925875736,93.49770548756916,96.18627560548421,38.29151018653735,71.00318802790397,32.496125175785906,86.32983115140671,82.89319782726095,99.48972724171433,650.3076853811601,735.4814563712071,1385.7891417523672
BioNova Labs,Year_1_Week_13,35.28410587186427,67.00607688850532,99.54170403817918,25.777264812189365,52.405110903953315,64.69769100274503,56.35050937387508,95.24453166102231,62.481719718962516,30.945551402399666,597.1774177220077,247.17602659385483,844.3534443158626
BioNova Labs,Year_1_Week_14,58.84264748424236,31.613105690037376,25.650572429753858,72.10044017385991,83.94732079394245,36.57713298146495,58.199843339170535,89.63696059264039,75.71995459815243,14.844747241761317,554.8670074196477,398.54885946811714,953.4158668877649
BioNova Labs,Year_1_Week_15,22.683180247728636,16.827699529779753,45.661781701239285,28.084031979315082,51.33386774558925,22.294081328605536,42.11973776539992,76.51602783454352,42.834022318701884,27.0887796186328,373.0804217838219,348.97248777850757,722.0529095623294
BioNova Labs,Year_1_Week_16,82.19772826786357,21.59917497195843,78.24146281336822,58.22449160257732,42.20184387928976,68.64757844295488,41.84102428627924,34.971821175245864,67.6868975288882,13.506206171361779,590.8853720784726,792.808377239253,1383.6937493177256
BioNova Labs,Year_1_Week_17,16.709557931179376,21.524125506199518,72.6418556248413,18.700880468204765,54.47912025252699,76.47377123190977,84.57000381154732,35.34544378950686,51.95634320148013,45.26298051554545,377.09574053849957,433.6338678001241,810.7296083386236
BioNova Labs,Year_1_Week_18,98.81982429404655,23.67124241610649,23.850631570586955,50.53338426323666,84.54243271934965,38.4064609387015,81.0363563487717,96.70242884014341,27.09425228118048,82.21616060061919,629.4913778477938,639.5676195442393,1269.0589973920332
BioNova Labs,Year_1_Week_19,79.50202923669917,22.49444553844691,83.42498124915559,78.05469960057215,40.16872426337855,68.03493436200824,37.70162485126711,10.925604634212283,73.15644464895314,40.71200047819485,607.8209186259143,610.8350983286027,1218.6560169545169
BioNova Labs,Year_1_Week_20,27.884411338075516,67.67872703228932,30.19965146529946,41.28143718150839,25.63854338221694,45.56178168503529,92.24095994859334,74.44449759179301,60.08181736139398,49.97650661905299,444.8628661926615,327.24874248642664,772.1116086790881
BioNova Labs,Year_1_Week_21,10.496990541124216,26.369207595923033,30.14358533403608,69.84205520384963,74.08126182977027,74.18861949543559,95.75335153022554,73.5621546299736,42.27594237582323,70.80280962106949,449.49430222742023,343.39860812693075,792.892910354351
BioNova Labs,Year_1_Week_22,83.39152856093507,41.11005549914769,58.32769806040722,81.59049647107562,84.33803914372736,27.92937474046478,39.40682878270367,66.04205868548178,92.02052710707676,55.800466306289216,694.1940458451514,368.77073813182045,1062.9647839769718
BioNova Labs,Year_1_Week_23,73.61716094628554,90.71095689154106,63.364594135753286,93.44600375315073,19.057373067118,90.11935023725569,41.89824539137494,99.10979614781792,11.884070604405995,87.53011174191919,742.551240106237,446.67636695562754,1189.2276070618645
BioNova Labs,Year_1_Week_24,75.61064512368885,52.65654762365851,62.20775870540301,31.117787366990818,31.588670148035025,35.866863681902174,55.5070738079763,38.06914921873527,38.419583612454645,87.94321075411808,568.49050508787,340.59503939031606,909.0855444781861
BioNova Labs,Year_1_Week_25,79.41433120173512,70.08019646689245,18.233815365797938,45.938432422837735,22.77747907848945,43.10073889805376,94.70087312803062,40.597467741392336,15.11932579998819,10.891962594203829,625.8253337939026,211.79088964810867,837.6162234420112
BioNova Labs,Year_1_Week_26,16.664018656068134,25.508788408146685,88.97147763673424,23.71744119973757,41.31472704239499,15.22827568723148,88.86874898280804,17.10454626519,78.98745845994645,80.02416758348792,390.4944321048323,727.6358340843173,1118.1302661891496
BioNova Labs,Year_1_Week_27,42.261915568984534,27.30601169278037,33.90400383298355,99.32351519425377,50.53158810148714,20.036099108914875,19.231116632523083,49.85183228893637,73.18967087024134,51.46602402175065,468.55774254210866,779.3658988285305,1247.9236413706392
BioNova Labs,Year_1_Week_28,20.428215357261674,13.678175463983099,21.656342915452377,93.43008711318657,77.39437032669758,56.42757124410953,45.345766894427456,33.49436736113633,39.82169968626853,98.99564871732967,392.0732730653377,404.9422322189408,797.0155052842784
BioNova Labs,Year_1_Week_29,87.67930832880342,25.204155676494807,89.98732718820794,58.59614172525036,68.60328263935068,34.08334090551743,59.80340707747946,40.90480319598798,70.80966119863658,53.490886828789165,641.4348222370484,403.1041276552837,1044.538949892332
BioNova Labs,Year_1_Week_30,66.09683141448022,35.073130512876276,96.0086348406778,85.78299649387792,65.8835710730588,85.1932203167975,55.28192252963861,85.11146112300649,45.63435035763548,98.82063508494677,699.9799269594487,204.25508766462258,904.2350146240713
BioNova Labs,Year_1_Week_31,39.78082223673843,25.93094358490721,87.59148555389055,56.8862179544838,41.71374519486889,11.322404978945846,27.44767611432034,94.19360621747461,78.0628412280191,77.9112425085163,479.87254915778533,608.1504129982245,1088.0229621560097
BioNova Labs,Year_1_Week_32,15.720251525742128,17.983228038135003,82.85644672523902,66.12271192024838,85.7302797776284,44.11846438047426,87.29350940513392,26.715976480466708,50.876529646303545,32.37443961519757,499.982142906443,695.2639374491773,1195.2460803556203
BioNova Labs,Year_1_Week_33,37.9884089544096,20.857228399054073,68.97177825751196,18.021198890441497,52.41584506583481,40.36109920921834,70.92467046971535,43.52580383981193,47.1051755048499,58.45554813582619,505.91354328439485,287.9649802160019,793.8785235003968
BioNova Labs,Year_1_Week_34,39.266498982407235,51.47008912294532,59.57716335482254,77.97433784471271,98.11944442136391,11.739486782584093,85.41175373666232,93.57675059038547,94.12569239394709,99.29220755307244,602.4446995078865,295.79980962029043,898.244509128177
BioNova Labs,Year_1_Week_35,75.66455605042577,28.570034656521326,17.828808392026914,21.494213527171134,67.07279244661632,21.19315591004592,87.2887851414525,15.562761462030037,32.579118990163025,87.17775469767314,458.4424565718035,674.0499499828627,1132.492406554666
BioNova Labs,Year_1_Week_36,67.38017242196918,42.78428749432679,46.760789176362884,84.34608672272755,21.363826740805244,47.227840742677174,77.35202682991658,18.312447530024066,20.840260599690886,18.7630204412099,557.1018005283927,569.7744490124868,1126.8762495408796
BioNova Labs,Year_1_Week_37,89.84914683186939,55.30755437693712,43.54196653110826,80.38252789033473,70.85598058678906,54.357812600270194,49.52895411247456,24.651189028560644,62.60888019335123,73.57347971289965,695.9130001689136,226.91633457663022,922.8293347455439
BioNova Labs,Year_1_Week_38,52.49934326457544,72.13553457664287,33.37784053842935,73.78702279686789,39.25936138885291,46.38607725293822,64.94920795138822,63.56915507141873,97.2389631055761,41.10216272837317,600.8988367993974,573.528194277369,1174.4270310767665
BioNova Labs,Year_1_Week_39,20.763482134447152,13.538092585698905,75.10781023197265,13.254434247228591,71.76944770174876,57.78439105708844,24.432886550776885,23.542504390539772,44.0055292354468,10.628403569231331,407.59277077920933,385.3506337062596,792.9434044854689
BioNova Labs,Year_1_Week_40,74.19203085006956,81.94693590181384,54.628816157089375,37.28155203507957,16.267703334616517,63.561850741511336,70.62808757274169,97.12687433056601,15.583308726590337,46.31328721242996,571.5075674921308,421.2350932825076,992.7426607746384
BioNova Labs,Year_1_Week_41,78.47065437552077,66.51103505418169,17.294159431688314,33.680131291975854,25.739329345836346,10.893143901505207,26.132793016535267,50.20430745326683,40.537474057861075,31.127897955247416,416.35032602607333,661.8388509781281,1078.1891770042014
BioNova Labs,Year_1_Week_42,60.51494778125466,17.35831287539847,29.81648817548302,42.41227667243672,87.01635330152077,51.768564350815346,72.45546314591411,55.13661643151497,55.53384888876026,83.69823434684244,498.75693316164745,686.5611156035663,1185.318048765214
BioNova Labs,Year_1_Week_43,79.38704619591049,88.62207616960995,71.49328872936363,17.88784720874547,30.44616013211634,96.71493167988295,30.66383446785718,32.19927542248658,24.573070596899235,40.35975479611889,688.2434656989432,440.2139761038984,1128.4574418028415
BioNova Labs,Year_1_Week_44,54.44160367279517,92.87851604786319,16.851777354127016,94.32620407279565,85.3337012718646,56.71290521165938,20.579617013519798,52.38642271912602,69.22919962508428,84.47713245584353,597.7450573708226,768.2917616038128,1366.0368189746355
BioNova Labs,Year_1_Week_45,57.045954644379464,15.497016386937737,86.60862226438918,59.842201664113865,35.134847960896934,70.97880407130579,24.87560411286617,69.57222693733104,99.79744501091805,10.053814495131578,467.469473307909,443.87763077124333,911.3471040791524
BioNova Labs,Year_1_Week_46,48.47869165226947,34.918988333248336,54.56318743125769,37.49718795922212,67.8593719052837,38.06774721251949,10.179292169716325,77.60594232586385,50.656552838329944,37.70372350235073,497.16244655403557,663.1016211380659,1160.2640676921014
BioNova Labs,Year_1_Week_47,12.287721406968567,82.55811518137551,53.25279195939832,45.72833653668551,72.47355161588479,79.65922403374863,74.68656560681772,77.84812744389217,41.92557010571914,31.704869287698575,563.8276251408106,490.3263587385554,1054.153983879366
BioNova Labs,Year_1_Week_48,19.7102284293974,77.34337213452925,63.31670061935658,50.24822864543521,56.13892778305476,79.56293336885035,75.91609441525412,62.01020014246795,46.063375015102,31.021062496174988,532.7570128456774,738.5193959132504,1271.2764087589278
BioNova Labs,Year_1_Week_49,12.828626711806082,26.60689174207396,84.22128693326343,64.05349000245556,37.47796090270582,56.916644288872504,56.34400149219335,91.39237974944714,20.363156055568105,16.136795778891642,430.41684170855666,744.6567461901071,1175.0735878986638
BioNova Labs,Year_1_Week_50,67.27693701374024,28.841439100303926,41.30282871119738,56.4111484926848,29.13799387339865,97.84124409512923,24.522652094984533,83.56670625754984,89.49462412836014,26.841184336945155,527.3262159698975,252.45008472265033,779.7763006925478
BioNova Labs,Year_1_Week_51,38.2920382968694,43.34248925122438,71.02145373031573,92.74527758929756,12.987041910618359,21.2995193286388,17.519890375962078,78.1343303228763,47.33430899692168,59.99946128970579,498.10559577781765,761.8959987861355,1260.0015945639532
BioNova Labs,Year_1_Week_52,55.77136220482325,53.60706866719192,60.9158767596212,54.726713461524724,37.355176111665145,11.525289840062289,11.721606979355832,15.004496951241457,44.85469702823572,36.222496555397,461.071005015095,695.3209049122495,1156.3919099273444
Cenvira Healthcare,Year_1_Week_01,91.68098265334837,65.64292943772664,34.03254431524792,99.29422133409814,68.78465114781548,79.31423905813864,24.917335926869864,10.619016599768438,69.37212456374269,47.565530409623314,726.5190490071459,674.7864285876001,1401.305477594746
Cenvira Healthcare,Year_1_Week_02,32.43630062339874,43.202227561279514,89.07669877196422,86.62824619705862,94.44743366036344,82.64399836283943,90.17699814848321,29.120254947592567,49.78300788380112,43.918019231246966,570.4537258942745,320.54680381131345,891.000529705588
Cenvira Healthcare,Year_1_Week_03,46.93446307320668,51.62812445198331,81.76834194462353,28.765946292160223,88.40840340367468,20.818650620851862,31.738315753151358,69.7171234522107,68.34101219270615,88.83144324999051,533.7607771364009,683.0715252527989,1216.8323023891999
Cenvira Healthcare,Year_1_Week_04,77.99960246887439,77.2723844320381,69.26066511925829,93.75356931795247,78.94582988817723,33.90245496627455,41.88441944954941,47.007773999429126,15.530166111770875,91.47690991094639,695.8527049858557,710.079640811022,1405.9323457968776
Cenvira Healthcare,Year_1_Week_05,30.59183489424602,13.30148826015381,86.55235561848177,20.472975809692848,80.96026089279688,11.579712702996602,19.481093603319987,46.21656333693806,83.23510093500047,54.3661274490274,405.18612565740773,373.4902006724906,778.6763263298983
Cenvira Healthcare,Year_1_Week_06,16.92819188459137,32.719324990961866,88.05647808638221,83.57047376420724,69.84864131283958,36.39777497025082,30.012517427335325,89.61281994066523,94.64535575914623,39.714035528404395,514.0043961502972,771.3560470173942,1285.3604431676913
Cenvira Healthcare,Year_1_Week_07,36.077630762239124,74.20146272960972,73.75266790435313,44.256096412892205,33.42581718094027,79.58276865268044,56.73021137021846,90.60065633186548,68.38888475434473,19.612063360212726,621.2640405746904,229.91608783949854,851.180128414189
Cenvira Healthcare,Year_1_Week_08,24.5099158528604,90.56861539184794,85.33119955273048,89.01768884005625,91.64755276352469,56.6164474941321,64.69774147860873,91.82577376482271,95.91093359729297,95.80625914438855,665.1535000508667,289.94555194828376,955.0990519991504
Cenvira Healthcare,Year_1_Week_09,93.67278871083158,56.05096979040995,72.77243155023552,88.12510210967054,70.36590807152507,41.328603385145925,32.081708274959,38.24902688635245,23.628908293296696,15.420425041026771,722.1809617921422,522.5486828309085,1244.7296446230507
Cenvira Healthcare,Year_1_Week_10,82.73083416079753,57.89021367387841,71.21266945842703,82.5332860105859,60.439656788239596,43.456536541569726,15.195894330260549,72.19502314653356,52.96745705323183,36.788524981145244,708.0144376857434,545.4754826733858,1253.4899203591292
Cenvira Healthcare,Year_1_Week_11,67.00633808593811,19.645481020579844,65.67502403936659,81.10273926763553,19.989052229213296,10.121826314392134,45.19295822146588,34.44698631469326,64.16260605509025,36.82595810530037,564.0080839557746,587.0900499805421,1151.0981339363166
Cenvira Healthcare,Year_1_Week_12,88.43145311689459,50.26711301411092,77.74449756018771,37.42112251882367,50.23499894257829,36.98204748087123,31.078303383370073,27.15488497670048,62.3562982679068,38.83611575261934,610.1746223354374,210.18147758927987,820.3560999247173
Cenvira Healthcare,Year_1_Week_13,82.33048692092031,57.935553980952086,24.274459476376634,17.282735474612696,51.43224440817337,68.18128674741374,29.759853090682174,26.616921161263228,46.131560118013894,24.785815894516837,547.418141352492,776.2200647732782,1323.63820612577
Cenvira Healthcare,Year_1_Week_14,26.791305299743225,31.82234532712567,89.27836832790356,46.268216088864534,87.8107248570403,97.67749994347214,96.38765224421097,40.789685877723464,40.427596842963524,80.48452878313275,530.8874772942713,226.7528556404864,757.6403329347577
Cenvira Healthcare,Year_1_Week_15,90.330309864098,34.231890785444286,88.46591749707088,25.61720634878578,59.19833981690096,86.23547442855096,65.46704373331517,48.69618578018395,21.414162029537692,21.02480757693903,601.9760692536385,285.8371716340414,887.8132408876799
Cenvira Healthcare,Year_1_Week_16,58.540801772408564,43.95557467941604,12.632255473110323,72.54559800122155,44.23604940733687,12.123546818097621,60.11905988548863,84.78542539495615,45.256820550605035,67.14159932378465,520.514518937351,208.4087105156342,728.9232294529852
Cenvira Healthcare,Year_1_Week_17,82.66961396476563,11.806407799995373,84.32350755082864,41.1489753884007,97.91202956595934,90.87045442073554,47.41975931709897,20.790198412544086,24.639473359493664,21.14614240352357,641.7458805663778,540.1150599764568,1181.8609405428347
Cenvira Healthcare,Year_1_Week_18,90.64821699311439,38.987124902486045,21.598288072610067,97.80491807739234,19.96485339936841,80.48785719687633,48.60499000871298,76.14332626554048,76.09291088429966,16.34820738336609,679.3238937626511,759.3601303525834,1438.6840241152345
Cenvira Healthcare,Year_1_Week_19,38.62031274746775,29.03032062968902,40.16069688332277,67.68748696107988,48.02935854807502,80.23385112138824,58.68145034542727,57.83094227703748,28.7947841945131,91.84865533172888,447.64072564464806,599.5682996482785,1047.2090252929265
Cenvira Healthcare,Year_1_Week_20,19.90467320749091,39.47476169601232,76.9157430662447,84.02325072709249,13.782220765426477,51.21961831032144,72.67868263324965,35.91508084083932,15.270877475608046,27.11158896868351,484.7675652908487,693.5944810882563,1178.362046379105
Cenvira Healthcare,Year_1_Week_21,30.51416462877475,20.778591863732608,24.46839064434774,21.927220546766357,76.59137086902373,45.82047636590525,73.19314865636466,54.353762607954216,59.712952403551085,83.91251391037339,448.44321873761294,207.96872207514804,656.411940812761
Cenvira Healthcare,Year_1_Week_22,48.43970097636307,90.14745526659054,83.6170321707156,87.58130340453603,92.62688969792356,37.26241559498733,25.45245169349046,36.99478627993204,63.57067594474614,59.01677839964222,713.9890269910243,525.2091790878357,1239.19820607886
Cenvira Healthcare,Year_1_Week_23,83.62132893302439,63.42332081986438,84.89207601619677,93.0481471462055,35.20335965954405,15.91253730589292,55.01014768689643,63.64737597144754,88.4721755152455,17.007086764789264,732.0387348877782,475.73778650331315,1207.7765213910914
Cenvira Healthcare,Year_1_Week_24,87.46575249307091,71.11920872300406,55.67209603847526,53.83557269370423,87.25075091192087,30.54118271443292,47.07622855306918,49.04595305697198,61.92834511759137,95.99033722942607,700.2781582819662,499.38076653247583,1199.658924814442
Cenvira Healthcare,Year_1_Week_25,10.625691747807164,81.02541147466044,10.574728454515022,64.56276439758797,36.2996407415708,32.19432714802221,88.34742696424458,24.796497617099085,41.09327683511012,32.22650502927033,369.3706078126113,243.32791120111278,612.6985190137241
Cenvira Healthcare,Year_1_Week_26,55.967257231980916,54.85979790361515,35.83343198574215,78.83288208126959,91.96931454795237,53.566936273918145,66.82770290965388,20.492476710012703,82.27106933736884,87.36808108173459,655.4058400603644,610.6612166415845,1266.0670567019488
Cenvira Healthcare,Year_1_Week_27,47.56699028339011,17.82282592786813,65.5234226538168,25.73547645343713,77.85657132371055,77.26999659370246,57.92536597743836,59.20261138649171,58.62510038686789,25.192900520610777,498.7630975581994,501.93224891518065,1000.69534647338
Cenvira Healthcare,Year_1_Week_28,29.98970294236572,58.3395887636693,98.30675602246811,55.23094688170982,82.44160991572947,52.64288455581519,20.38551779610256,91.21717299574931,17.135225616807258,86.85485939276676,604.4301599028068,659.0893099167583,1263.519469819565
Cenvira Healthcare,Year_1_Week_29,20.787883060031454,62.815700621879124,66.86321743150015,45.87967249950818,11.620590004040904,15.206000450244455,64.50741003910703,40.956191790191696,60.9265504281922,11.190593161476459,385.3515877461546,491.1743804370292,876.5259681831837
Cenvira Healthcare,Year_1_Week_30,40.385365426326516,77.0895526765897,33.38232229577439,23.17365929460242,96.65293213666233,96.20108208893835,20.548351511221007,75.97000965003609,91.72166908794962,56.06024109125326,543.7989155479647,289.62898173585927,833.427897283824
Cenvira Healthcare,Year_1_Week_31,94.86187335212672,48.84935916067114,67.06051327896502,43.07809800623783,75.40038928632909,94.8451887184701,40.34859180091769,69.27952194457902,45.66813629483985,79.24983214794011,767.2537704250393,588.9541724466933,1356.2079428717325
Cenvira Healthcare,Year_1_Week_32,39.088263881867974,21.48222725160074,58.59868417442699,16.135507844694423,37.427598584752,80.66705888335676,22.855776833289866,93.83994228785329,36.66932217098201,94.1315965743505,416.9289458104249,303.43181726309973,720.3607630735246
Cenvira Healthcare,Year_1_Week_33,56.691155956902946,35.539831521885205,80.18608556360293,12.323071625453828,84.64551983729622,99.21951114077986,72.28662823219321,83.88829155692268,22.912251131621804,91.82819225858384,659.1424860306599,723.4367380128889,1382.579224043549
Cenvira Healthcare,Year_1_Week_34,73.27170630056601,42.67740667587716,19.628257494426258,22.16496602393405,35.3369078573437,59.00340995202367,28.562690245253734,60.99447330149167,23.63009697418216,83.76623825928804,468.4661494603526,567.8697434415449,1036.3358929018975
Cenvira Healthcare,Year_1_Week_35,42.726664214136456,68.13255171984412,78.49251122518253,96.68036004302564,88.54784556095152,96.64915152278854,45.26734358692234,69.13274484106967,48.949433590763704,89.93722146951737,663.3043619623485,294.32233013417255,957.6266920965211
Cenvira Healthcare,Year_1_Week_36,97.46038744488646,61.37004742020207,58.71399208084993,59.45765823055153,20.132235137074332,16.80445365550757,90.61072998569009,90.85478199256313,63.611184174537655,27.929771725336884,721.3053927475519,777.4028344887241,1498.708227236276
Cenvira Healthcare,Year_1_Week_37,96.62025654479001,42.048705330806165,96.66928034730952,96.9239945037898,73.33173797147163,42.91126734352342,28.388474505907325,45.95669061282413,17.25538646526416,35.576586614055586,735.8659519056448,511.0192780011924,1246.8852299068371
Cenvira Healthcare,Year_1_Week_38,32.66040662428277,98.78637239136818,40.76849494348175,48.924809049711875,58.66286289804193,30.284314120608926,55.70245575629012,39.41152352719996,94.56117301226492,36.007167242895264,576.7778927616259,243.739071122993,820.5169638846189
Cenvira Healthcare,Year_1_Week_39,54.75236553031469,64.51973374211985,66.93597038205533,38.06345197767336,18.688102317589674,27.6249775720843,47.73444950494198,10.97299752716767,77.96202557006764,43.93485379015289,513.8806371034796,576.0997426490403,1089.9803797525199
Cenvira Healthcare,Year_1_Week_40,37.07904788350927,31.350411256239504,93.88252949590157,55.55276765562197,31.770444543295508,22.672265400340848,11.631163694115676,84.38959667723178,62.79615264552964,45.398860334666985,436.8214537207428,351.9193442076861,788.740797928429
Cenvira Healthcare,Year_1_Week_41,35.63564449397208,19.160422535836336,19.225875519161132,49.55605197696191,11.11636326495833,66.0172277409397,81.34823022155315,82.08826303630283,84.55948038450917,59.00997921892079,411.22580155674456,682.2160711263814,1093.441872683126
Cenvira Healthcare,Year_1_Week_42,13.319825261907951,23.75732252658988,94.3505638512806,19.509821583556953,52.189116891805526,80.31896701725745,16.214131568313974,19.400906629013626,17.216808113090195,24.389178702979727,452.2107130486516,690.6932441397144,1142.903957188366
Cenvira Healthcare,Year_1_Week_43,64.86079005819072,32.136195554605735,71.9097150070732,67.67436832211857,37.11387346840003,62.04685594783246,52.682951887925825,61.917164301943025,52.915498995981196,72.21219974073904,607.2953498059711,787.3684135127971,1394.6637633187684
Cenvira Healthcare,Year_1_Week_44,55.24111209059753,24.46132359336001,16.10533531946547,29.443436425863965,63.852173586798294,23.22664386293887,60.46104654450549,51.75835283501986,66.7083814175497,25.080988537405585,421.5938913138105,501.1217186147022,922.7156099285128
Cenvira Healthcare,Year_1_Week_45,14.633087612499041,26.79103216461752,37.086721025213464,65.76291594080466,36.751402693775546,83.00113929401238,66.55838109531284,20.683818595820032,84.57876155064604,37.92776338940928,439.99779583436,472.97412783664225,912.9719236710023
Cenvira Healthcare,Year_1_Week_46,35.07818178129503,35.65856518244624,73.73548797807534,68.51809831583381,36.99272003562862,67.23592364473556,71.9768466377088,98.25114043546512,80.51226040443409,55.301061754553864,572.4860119769828,652.0853632678884,1224.5713752448712
Cenvira Healthcare,Year_1_Week_47,91.74392973699884,25.603623576527934,16.061554132189453,23.68223678157833,76.8873878858443,44.934913551429595,32.79451451704436,29.322629871701988,34.936232474205966,81.67965053711296,513.525838538741,279.48239380515594,793.0082323438969
Cenvira Healthcare,Year_1_Week_48,31.560570160027517,90.70888821637827,62.39534141586459,15.521466439960134,14.33285523805181,70.67172659824567,10.898089899260444,16.051076208150505,94.67921526032839,76.55223099148546,442.8877570368356,528.1493082758745,971.0370653127102
Cenvira Healthcare,Year_1_Week_49,23.04053848821008,17.2210371095478,41.129475125766106,80.26854274615958,91.26054956727886,33.39144813185496,75.10992961194208,63.536264155171864,21.19112572877833,68.09809207694701,466.91535407042363,527.7485600785105,994.6639141489342
Cenvira Healthcare,Year_1_Week_50,54.05074842498067,57.20602506132292,65.88239659907293,51.382038139238816,86.70374869520633,41.06729876447895,58.20909394128207,76.49800094197295,88.76202567590369,24.019593452215314,665.634770655478,253.68387368623235,919.3186443417103
Cenvira Healthcare,Year_1_Week_51,98.70854086995406,46.935714429069535,14.116783043126157,15.234741595492821,70.10242149037659,92.57372588187911,85.25059328865238,12.919910144246828,97.38462246441567,59.234081105402,604.8845055468656,450.7904513041482,1055.6749568510138
Cenvira Healthcare,Year_1_Week_52,31.784974436035036,98.41407552177458,88.43831255371387,99.53796854527904,63.389941309664586,36.145405510427835,83.92495266106249,69.28458748543198,25.9438170900363,17.87018516198969,751.2818440892804,711.9708791403211,1463.2527232296015
Dynamed Therapeutics,Year_1_Week_01,70.49219926652907,20.08350119512471,97.61400722596572,15.200250489672998,90.3072248325687,52.298944134214295,85.89935510090949,57.9062688356309,74.98594577834068,43.96268591169857,632.1142177349499,713.6921731967961,1345.8063909317461
Dynamed Therapeutics,Year_1_Week_02,78.54576537958458,45.80700391411675,97.19900697571224,72.55317059726978,26.6797161575843,90.11270236564131,53.65851939815862,19.293850798754356,13.625696690019861,47.216487726096325,650.820879439616,259.5425989518086,910.3634783914246
Dynamed Therapeutics,Year_1_Week_03,31.38737895931597,97.2523389947832,77.46866485686323,98.53110327370723,17.107224597174575,73.69492152407747,40.02655562531791,25.527148925172586,46.488054262523946,13.583029550117844,654.9611583976163,254.4325296486985,909.3936880463148
Dynamed Therapeutics,Year_1_Week_04,75.53947137506736,87.89564133045822,21.70776161175688,31.526209379433304,31.55591529185843,15.598290354823249,81.2402382332233,61.11768675844725,56.46549692779066,34.658928952297465,572.359200504848,357.61728620116116,929.9764867060092
Dynamed Therapeutics,Year_1_Week_05,43.10048194473279,83.5364863854352,78.24368763361203,22.802443181847657,81.51204508301713,23.257273985107332,50.616470172632944,36.672185216195956,62.25807033186707,96.00845205398404,606.8137937373845,724.859637532396,1331.6734312697804
Dynamed Therapeutics,Year_1_Week_06,66.90752475342215,33.211254434044584,12.212822481292136,20.9246445480186,13.120324005383498,10.705743169472514,26.509797676309105,94.44841557861845,94.23435234237036,95.82693470467206,390.8429134337227,277.34155104409933,668.1844644778221
Dynamed Therapeutics,Year_1_Week_07,67.01767396848052,25.379882865105923,11.991119637609753,37.294763281083604,62.45261515751407,66.7829611206247,86.9476617605327,83.68662065356457,70.50256185647751,41.70943488272854,527.3135461300182,631.9980815764677,1159.311627706486
Dynamed Therapeutics,Year_1_Week_08,58.21972156672826,70.17788979319879,39.12491972345872,19.0941229909582,99.5893764572179,50.29060828693765,89.43038890951125,98.52104858622967,53.31501560973133,13.879009805349165,647.598747461751,260.6993717678619,908.2981192296129
Dynamed Therapeutics,Year_1_Week_09,18.12607930489675,93.64383902148272,53.977887136419916,72.29452075247187,87.01264844537855,22.084736581204798,51.96787805261531,33.370375505537254,82.87075326393004,26.118544539536337,576.5508577763071,573.8827122486953,1150.4335700250024
Dynamed Therapeutics,Year_1_Week_10,85.17722460303142,60.10866037125368,79.33666760270138,15.606261831705641,56.93011201392305,96.21407089510934,16.812975457880874,97.27512695181794,95.5479538858968,45.299601409018614,639.0130584771935,413.6403794714869,1052.6534379486802
Dynamed Therapeutics,Year_1_Week_11,38.870205847456226,61.44514205229099,71.49658389458547,55.84799153348107,15.72768183579781,57.66937515510579,44.90434809252381,48.81104828124021,11.985953381406176,95.30017281723067,477.47350074117037,673.3483777795202,1150.8218785206905
Dynamed Therapeutics,Year_1_Week_12,26.786665935986882,35.19811842942558,50.13124357390735,99.70271684676791,84.82361629471389,31.770396470160026,82.31838935163431,41.276691578237916,98.42691450304348,22.70791571834664,576.4322624778555,340.2142692952182,916.6465317730737
Dynamed Therapeutics,Year_1_Week_13,13.669762739928753,79.25436398727432,34.62639996534993,83.25732425554169,63.90806573594895,55.05432140392368,91.15966256916059,14.531457427241792,17.751892515731228,78.7164259301391,511.80508908837044,583.5210976339758,1095.3261867223464
Dynamed Therapeutics,Year_1_Week_14,63.18036488694176,26.833937370177104,99.74120501419401,65.36974944079098,20.343969735361014,71.1658299461597,28.312546824783624,14.748873207364236,83.29481013418852,19.781428543722285,560.6899363417352,341.409520745531,902.0994570872663
Dynamed Therapeutics,Year_1_Week_15,70.98079256580542,39.131131276381936,48.356317201237566,37.56282587079505,18.44715563410206,16.861529617620803,16.027625082274437,72.28101303519892,35.23012772962713,98.31318196521491,428.8020843365267,628.1961698672923,1056.998254203819
Dynamed Therapeutics,Year_1_Week_16,11.492904603507053,48.28927947547751,50.62483218967079,66.15062526624746,91.86641374929332,34.72334335431028,88.96154078195548,51.213609499062514,21.896169197848458,44.34548491982215,454.97127694005235,724.2068207364492,1179.1780976765017
Dynamed Therapeutics,Year_1_Week_17,56.088375246935286,55.68493408160095,24.726143907250226,57.433731752048644,70.22802366442706,82.62689417955943,45.04644450809877,30.386946343249512,49.58700757424514,79.77110850091505,494.9588548857243,276.081079476056,771.0399343617803
Dynamed Therapeutics,Year_1_Week_18,30.384619767814417,31.816875917357223,81.53285938749364,48.347504550133436,84.635811938508,51.36983833623951,58.758486784080695,65.25732756927093,67.95609215028522,40.833197453001866,536.4648377907736,719.9574131573021,1256.4222509480755
Dynamed Therapeutics,Year_1_Week_19,68.06555113685049,20.335314226528318,72.43140032033398,21.76393390661795,89.10810102540405,59.191942782906544,97.1259230845683,32.75723064251001,44.28566605211275,66.49019894429279,571.3053639760743,556.1451526485787,1127.4505166246531
Dynamed Therapeutics,Year_1_Week_20,25.69297861044923,64.95580381974693,29.869265150988436,89.79437937164201,61.459511684348996,48.953440198852235,15.990825512280058,61.98685789099803,14.910886745442905,27.281447626603306,457.13354203780966,276.2662945202144,733.399836558024
Dynamed Therapeutics,Year_1_Week_21,72.18439642922193,35.97674979162302,17.414294105425842,50.48061839391902,56.570171657953715,13.95099483787046,68.3486206706886,42.32878722844213,63.95150256928449,23.141891736726627,500.23534684236216,456.5251132158272,956.7604600581894
Dynamed Therapeutics,Year_1_Week_22,44.806181167048365,62.31143992803511,71.24493718672417,27.516026063868857,48.73846692888912,24.917480183814035,16.669488031738037,84.11970039506372,91.21629484996072,94.42577256113182,533.7088683544818,296.51617609105875,830.2250444455406
Dynamed Therapeutics,Year_1_Week_23,94.30569898630611,23.892644374678206,68.90600928530216,43.09834157895607,38.52519290120074,50.09874748677018,43.79220356198503,83.86265446901014,44.48938293525265,92.58825501139901,680.0419844255334,620.2087333199418,1300.2507177454752
Dynamed Therapeutics,Year_1_Week_24,22.376884973139394,53.30260916693357,34.59335742983884,47.27167772760343,49.11363647728406,28.826691886713505,82.3433090674102,52.96153583101612,29.469949986774434,89.87220461915942,384.75889200432516,655.3208806507698,1040.079772655095
Dynamed Therapeutics,Year_1_Week_25,40.695971594523265,57.93304892964273,95.57772060253693,84.47841060101868,79.64916901571408,14.498112579371085,49.012500948007094,41.5737198401514,49.831961133953385,66.28901051499341,654.9735743056908,263.4779121636794,918.4514864693701
Dynamed Therapeutics,Year_1_Week_26,20.212616911653015,14.664118314018422,23.59521026028102,76.02529425052619,64.17310879136184,85.92846976466413,99.74641185126553,42.63038169031851,14.352643994390277,82.74413900946504,465.14505089065676,503.6839116167866,968.8289625074433
Dynamed Therapeutics,Year_1_Week_27,93.22242564507064,40.294385037452855,48.91013209383417,79.23744042772059,90.32709609593614,98.30732762477042,60.315335645194196,82.51430731013961,83.84388260322473,16.21332432202374,746.9117983652466,688.7750336155502,1435.6868319807968
Dynamed Therapeutics,Year_1_Week_28,88.9605418042883,22.09732092450768,94.9254328150839,10.992813798578249,49.90420129412689,81.38285865970656,38.904593737235814,39.53615345178508,84.3706729855168,40.131013770161125,628.9682274136977,761.6978249305979,1390.6660523442956
Dynamed Therapeutics,Year_1_Week_29,33.21474649436401,15.703747342549097,47.775458523351006,47.45385983617854,64.63806208468786,86.84064295342003,29.81001933142778,28.81534363361614,62.92004170866656,38.233281228144065,421.0866571685149,508.110720045062,929.1973772135768
Dynamed Therapeutics,Year_1_Week_30,69.39856414307611,99.09642091509507,67.4673352897677,53.32097364717912,66.81767977827899,31.777941728534085,41.54684808575456,17.621950768777616,41.779260004455054,67.20807897573519,679.174089764165,770.1675341668442,1449.3416239310093
Dynamed Therapeutics,Year_1_Week_31,83.54999801810942,39.01184604772507,45.78349581665149,11.727304914075102,63.2527446075693,96.45642779618798,43.52799463835957,52.00238087959676,81.9805028001205,42.03619961235765,645.3110819300105,521.4133822736179,1166.7244642036285
Dynamed Therapeutics,Year_1_Week_32,59.96807304395161,82.88870012691714,34.67936821138031,33.38318878705308,73.23703957769646,27.723313400808554,16.18423099515649,53.391888902785766,59.921832230953044,23.365610347931273,572.7776694032254,436.5142967599448,1009.2919661631702
Dynamed Therapeutics,Year_1_Week_33,57.66855205204058,32.917658928738746,98.55798831638454,78.42608408099215,31.369012153732566,95.6286829325649,43.261677948409584,85.68178393626164,84.33390776950147,63.682036787218934,678.4596085436624,708.9218771317373,1387.3814856753997
Dynamed Therapeutics,Year_1_Week_34,31.76670618104065,71.33524500015363,46.84006056835387,22.339873515609916,56.11273997912116,99.5337364569356,51.781466776530245,29.91148268014576,66.83129133247186,83.29455286021734,505.324091789765,495.78962627485345,1001.1137180646185
Dynamed Therapeutics,Year_1_Week_35,18.379249102530927,78.42050739007179,90.4689283311221,58.17791183073325,19.38023225275129,74.05505251714439,75.04639770149242,44.28921463015599,80.59649258915175,44.39111450139759,529.2563803741307,483.14150633871384,1012.3978867128445
Dynamed Therapeutics,Year_1_Week_36,90.74941821579941,63.60748665470599,30.695914530197758,29.368168481551375,44.60601948803313,98.30293586126398,69.10565362494472,82.75651650043218,63.8706693895984,21.904184358863354,666.7103175996764,494.187493645897,1160.8978112455734
Dynamed Therapeutics,Year_1_Week_37,91.03762514469975,52.441856969514255,29.1794233622575,11.090869717950394,53.8900361759138,61.25858016103933,73.78890897062388,84.12612496740762,47.27269613940996,27.701937758154074,644.267361696368,708.0710011218473,1352.3383628182153
Dynamed Therapeutics,Year_1_Week_38,66.97913115459411,47.06568227325417,12.802067459606022,31.708131183958734,68.70018335909252,33.35876048584813,10.75273136891714,44.61499683808914,96.21512739335238,31.373497465244558,431.08584546479506,699.1649250128312,1130.2507704776262
Dynamed Therapeutics,Year_1_Week_39,40.51268119438306,41.39814398886958,68.65001428382965,97.82863794190484,95.54779473275832,49.32962970990588,29.590065962248243,51.32116209580128,58.70024423909603,36.990783369508264,571.6128033094152,442.1119954641267,1013.7247987735419
Dynamed Therapeutics,Year_1_Week_40,41.428861715139476,93.65762298230433,43.1673709351385,82.13834006946907,64.05859598935203,63.42048418409074,69.5515859559871,37.29573017643546,64.45805666864845,67.85155634556781,649.013120166745,399.979915922315,1048.99303608906
Dynamed Therapeutics,Year_1_Week_41,75.33601109832155,84.75574670089563,87.79224248556733,96.361897988893,76.92345245589038,16.577340582431347,53.559043136177245,93.92993905773808,29.843887547327434,64.08509360839471,757.3453627069117,495.15681442347756,1252.5021771303893
Dynamed Therapeutics,Year_1_Week_42,90.73992339573194,96.85242195998613,52.588891602240146,53.90686395337262,55.56394535456825,66.01089381555215,10.478212810151135,20.677938916742228,66.30857104845488,72.64718754103353,685.0669735774255,543.6635058422654,1228.730479419691
Dynamed Therapeutics,Year_1_Week_43,89.83777818386056,21.186750113699027,97.13740851232495,19.876257880975317,67.06936282386982,98.3060053086065,82.40451781886401,94.0374480701323,61.44468845346495,42.62517860783618,706.3972761899597,343.0023263767982,1049.399602566758
Dynamed Therapeutics,Year_1_Week_44,80.18879912718614,75.77807276832799,26.697296413280903,59.31635400763236,16.383899452039607,27.109688480535485,79.55286159613037,71.54798066518089,26.635455815232245,84.15978866919805,560.6906163606881,676.3730508293544,1237.0636671900425
Dynamed Therapeutics,Year_1_Week_45,67.78284815388591,94.45064111389341,88.17608511600497,50.89396011039648,32.89524227576623,81.33356046595449,59.357724669420634,57.841493741805806,15.362838761782935,28.367889504018425,690.1801648570544,491.88965943945374,1182.0698242965082
Dynamed Therapeutics,Year_1_Week_46,17.572596849554394,26.310975954909413,79.89371675125676,85.99213744656544,42.56677838846248,91.71089144016574,15.981699319864491,12.93931547060463,64.3923387743294,52.213667276633856,491.8497862111181,400.4273290519758,892.277115263094
Dynamed Therapeutics,Year_1_Week_47,24.54658426851524,15.984664063009975,79.38296601796468,18.827432270582015,52.524401950586224,94.93314335381987,78.98635445793262,52.803657263980746,78.73230424152885,82.08448493872872,431.2773317817696,264.09259577839435,695.3699275601639
Dynamed Therapeutics,Year_1_Week_48,90.86987696743714,76.70085843610532,86.03049053051988,53.94170233196004,14.108387095214535,96.41220439649025,62.53422289582276,46.6973294502459,57.10612338298074,26.21427829593573,704.7424359358564,343.30709624216416,1048.0495321780206
Dynamed Therapeutics,Year_1_Week_49,64.57861536936309,61.70258018619207,78.4921591848699,23.50437982245858,22.60216877979859,56.93136748493247,80.37639794421632,24.50969307776103,30.409536278768112,19.887680236670466,558.2580997618713,769.5687030535902,1327.8268028154616
Dynamed Therapeutics,Year_1_Week_50,10.827734645496669,85.76458990824449,66.35982894682738,39.22083342010539,34.91328770121752,97.95771171923533,77.65722931562564,69.07686431505911,69.98697790237314,89.53155709191907,575.3485971031292,383.05981209171597,958.4084091948453
Dynamed Therapeutics,Year_1_Week_51,19.132438857942887,22.579513896366056,21.81203899141488,76.36213696490196,97.43794218109456,78.1579186420995,82.27018647620534,97.40358166314572,17.2095153948642,40.86366964832763,482.1637316131527,301.3155736202212,783.4793052333739
Dynamed Therapeutics,Year_1_Week_52,69.71515921972502,81.57405806739011,12.927356154212672,52.84163164318899,39.82123063927457,24.55042926132657,56.62072597641623,60.59699299580726,49.76503343217591,71.54831124181288,548.2518830336206,476.40367499299595,1024.6555580266165
Epsilon Lifesciences,Year_1_Week_01,10.455542546159682,28.14645880429701,92.87630630341182,43.82994566311924,53.383695230087426,52.9210095821173,22.62920663741635,74.32779487995512,24.703008255857817,12.281374383754464,428.27049635740246,384.25264601614924,812.5231423735518
Epsilon Lifesciences,Year_1_Week_02,24.472724627574877,24.729034857913405,65.49852830686643,45.50286507130318,27.648794146455366,74.64980578348036,70.40417260417198,16.160540730941513,26.601314595389503,72.10421995685047,363.78085113901795,221.0955501627165,584.8764013017344
Epsilon Lifesciences,Year_1_Week_03,59.38604104299275,24.783921813789362,81.68835618785587,51.350209156538796,64.97020639681915,32.2606284237175,65.84264065467735,47.590029623529524,28.206455424238328,38.44911803922734,573.0728339968861,393.88713036765034,966.9599643645364
Epsilon Lifesciences,Year_1_Week_04,72.27056779234239,83.3117248208244,53.3370116361295,80.65148894533512,35.26148939643769,67.65536651939986,76.80278684791784,20.47226366480463,44.80363513395801,15.016676822869757,700.2069486256038,526.4651743636812,1226.672122989285
Epsilon Lifesciences,Year_1_Week_05,68.67651335523405,69.867749862658,20.557737006615504,90.2876220046211,28.62933205945841,69.99404311419573,25.289290544566178,65.15162519828593,14.603518505835787,64.88314853933053,577.3749715874183,531.0274232119801,1108.4023947993983
Epsilon Lifesciences,Year_1_Week_06,30.18423785145038,57.07588822922074,21.26672129822954,95.98012178535355,56.491536560138115,24.64297694277093,27.54776799102603,94.46339423927391,45.801409683618836,31.672343446585593,517.9494801879702,413.93535270613324,931.8848328941034
Epsilon Lifesciences,Year_1_Week_07,74.09612992127823,42.29474357111523,71.70087585060742,80.82130476297655,10.495521924437874,60.85767812074806,90.13685654973956,69.55999592244746,56.05367024032308,44.8126517846692,620.7756487775251,468.3816537515604,1089.1573025290854
Epsilon Lifesciences,Year_1_Week_08,31.352417874712007,88.94804867317974,48.72753054095164,38.38662061732114,10.68976293843028,79.44642198807469,77.49800186068637,16.912274348297938,53.49648564696927,17.252273105786223,550.7511109228761,779.3107509408599,1330.0618618637359
Epsilon Lifesciences,Year_1_Week_09,39.285972834334096,45.32005966803718,28.047225403030303,71.93212354778879,29.7161928191672,54.900609808234776,91.74056398302906,41.919958448657454,44.45056903627365,23.24469259854508,492.8226557740047,426.40908633818697,919.2317421121917
Epsilon Lifesciences,Year_1_Week_10,77.18422646062217,83.49394955244193,54.24350920672932,49.384281164985275,13.304922625073903,11.089280509849669,78.28437890475287,59.55970414967664,85.52319472636772,36.817951194625934,621.6285669088359,354.9360879559898,976.5646548648257
Epsilon Lifesciences,Year_1_Week_11,68.46696091424931,49.52214177131966,15.778804336762068,32.92035598414461,19.722317871762222,10.813462217136296,63.743977539127165,46.2886980519927,23.07940231784537,18.078355050414142,439.6391159261261,346.0802264400561,785.7193423661822
Epsilon Lifesciences,Year_1_Week_12,86.43010694447601,43.92499864824168,62.37742617229589,85.67844214833303,40.49745844048765,42.1326409573011,68.87194633250863,85.0279609427655,55.51270694032366,91.97436382176836,687.1703393716,474.65876762248047,1161.8291069940806
Epsilon Lifesciences,Year_1_Week_13,69.18516030703091,51.64118071026458,34.209406399158794,13.458371406609249,82.23271116218315,93.35746615886038,90.0215131546009,83.32039042389903,15.583727526089888,10.544233886558057,650.095757053929,655.7120892301664,1305.8078462840954
Epsilon Lifesciences,Year_1_Week_14,61.147774300192445,37.12400867477279,81.78031905734693,91.15857929218812,61.484377903237075,30.580910164324788,62.09260790607465,65.06479180928993,16.404011099011875,53.54741969778803,598.5501369409241,323.5929105130839,922.143047454008
Epsilon Lifesciences,Year_1_Week_15,18.430729104528325,77.2848442158626,37.932576303121635,51.53297181622607,56.14009533607748,67.09273199845185,66.91521918955488,43.611215061943476,61.64792647093867,21.09227123192963,481.69346147031564,625.5776762844608,1107.2711377547764
Epsilon Lifesciences,Year_1_Week_16,43.09442227534902,55.24483510832312,50.969813417362104,67.34813291274523,36.413994088730945,29.986828362398853,24.08290444032405,32.98027363869197,60.94165823990389,37.69111805301537,516.1913339001297,212.68989400964978,728.8812279097795
Epsilon Lifesciences,Year_1_Week_17,33.86821309135529,30.89914256321356,11.045848591729058,69.34185299852044,93.85783474895348,38.950299069359374,52.652909810449245,19.528688639181638,89.02301615600112,93.3453603836439,427.3219404288926,451.3597867903676,878.6817272192602
Epsilon Lifesciences,Year_1_Week_18,31.95906790411752,90.96171159471116,16.5202199015103,90.56059666358827,45.73135371134725,86.32378806413355,74.4757400762289,41.94079151378986,60.208630809406586,24.552509794658818,616.4459895958478,665.5190391216721,1281.96502871752
Epsilon Lifesciences,Year_1_Week_19,97.57094992772011,44.55020992358903,45.32442007660163,67.30027139504867,17.838349011619435,75.59752980429522,34.384842848472886,47.18552654869476,96.38119183643651,96.92490877464994,698.2548616207916,403.2397734646588,1101.4946350854505
Epsilon Lifesciences,Year_1_Week_20,45.378795220008435,58.919757500258974,53.19449512454111,65.25402262840555,65.53598645060211,18.585934958188957,28.202876247208142,70.82406325936662,14.382536355993679,28.521493929047953,514.4945699538188,538.2422608672397,1052.7368308210584
Epsilon Lifesciences,Year_1_Week_21,90.2841899659402,91.58248998680922,64.00184933073734,15.998683650462096,20.245455412894128,48.58318188877902,38.244412740197404,69.23438418678161,18.820691630266694,76.74094976201467,670.4043484827412,322.9875396955465,993.3918881782877
Epsilon Lifesciences,Year_1_Week_22,66.80247633975367,66.18141963225929,36.24963208383729,56.656721975068365,41.07008285215229,12.625278728073802,31.73505651935501,16.309732567713127,13.965927541334326,59.200953840758054,472.9744774554605,645.1972346757034,1118.171712131164
Epsilon Lifesciences,Year_1_Week_23,81.53301731874836,20.520823663752765,72.54836975138883,23.51521007353375,55.6670744846028,53.28011319427081,29.342137333275627,45.5733383888042,26.674916530018603,89.60308548370833,566.3792403394536,231.36746196125577,797.7467023007094
Epsilon Lifesciences,Year_1_Week_24,55.23733837946729,94.58489112521276,87.41101574702842,76.3690391849337,88.68002722166582,69.61906105309612,48.23657585812782,26.360098049562573,58.714309984751026,59.85939299528179,757.0709290570495,711.5255869253002,1468.5965159823497
Epsilon Lifesciences,Year_1_Week_25,61.92134961637232,66.4937247764276,80.18658900040148,56.0999728731407,54.41919223061068,20.66523612383364,91.70546624951807,24.113143478512512,68.10149632846853,58.11032972406778,656.2995761170896,318.9178318530009,975.2174079700906
Epsilon Lifesciences,Year_1_Week_26,54.32659244369775,40.14150531913775,13.565694281352144,71.2205001287518,73.20328894284978,35.99964450182491,55.63536820648464,84.45719347635213,14.10266421538019,27.59122003315599,492.7896468795394,724.6388190249985,1217.428465904538
Epsilon Lifesciences,Year_1_Week_27,27.571868901824004,22.53448653970485,53.24562525320461,13.750561054214584,99.35351550991633,45.805296295194125,26.912834273379072,13.772369504463178,95.13738008610393,24.960642584649285,351.8068657997425,411.5175447803104,763.3244105800529
Epsilon Lifesciences,Year_1_Week_28,75.02069037353547,81.46226703432664,19.44371605763574,17.63128144412229,21.834020790818347,92.75779221904448,16.927450244278667,47.72645883119092,85.7948838985343,92.48402360039628,572.099782754424,633.6101446846919,1205.709927439116
Epsilon Lifesciences,Year_1_Week_29,35.26951261967702,65.80654803356622,31.78405142762747,74.4691049256414,34.72583729675676,99.39295138806676,72.65405306241327,25.13832901898664,36.69512339413838,39.50543789650307,477.4921160900088,391.5351786717131,869.0272947617218
Epsilon Lifesciences,Year_1_Week_30,12.188436978830845,58.01149827786894,98.79963339404318,16.487590239880603,45.511846803788174,14.042016909605426,44.451888799274904,89.13971941106266,16.946877720382115,43.48740294666064,433.30922586726365,743.5470027407886,1176.8562286080523
Epsilon Lifesciences,Year_1_Week_31,68.09250663164511,90.45033247458619,22.824598861136188,16.413105498873275,47.96453606849482,78.49071311458529,83.96478519268233,60.13364619475316,25.289836589715154,78.38412925855495,636.01467751198,275.98227531102464,911.9969528230047
Epsilon Lifesciences,Year_1_Week_32,25.939961146634403,80.97374901020777,54.899933810622045,11.08976277113987,46.99189677389912,43.45516597621089,69.35596917766932,30.824257273916324,21.42499723794754,40.49411341805266,469.35002721935774,307.11187356355924,776.4619007829169
Epsilon Lifesciences,Year_1_Week_33,94.64127259176229,23.650739175947606,65.63401608863072,96.0851258469532,91.68499023008994,45.3212367606532,81.66173054872317,55.218455844973874,21.095540136905214,95.68562019751025,789.3493019937256,495.81807509528136,1285.167377089007
Epsilon Lifesciences,Year_1_Week_34,95.85357193023286,38.05498610159934,73.22184734896936,76.37575235131062,74.26293800201708,77.88384760123205,34.47514354766039,75.83377237328042,56.670551979916056,76.41349920989202,775.1612359639676,249.16306342288766,1024.3242993868553
Epsilon Lifesciences,Year_1_Week_35,92.33779511984037,32.36402258330192,60.36838151382227,41.79262676518577,64.71146926816334,92.65837889308678,72.31230302149524,96.23062080274904,32.12626982440602,63.7686318316078,675.8640360590771,317.58811082105717,993.4521468801343
Epsilon Lifesciences,Year_1_Week_36,43.31428302299,76.95516633154092,10.87937626772653,36.68820231588897,37.84354460765039,95.58357350522935,33.76557862243469,29.840140382087704,42.232574487623,89.28056444902772,482.1683231199153,766.2598293272086,1248.428152447124
Epsilon Lifesciences,Year_1_Week_37,11.391095487598069,13.017919126220145,39.38151774195927,41.47329067712646,84.14113457991652,61.94103274344887,94.51616315052624,89.75635949164106,99.05548000458901,14.464531751453448,436.0574153201099,785.8937966887323,1221.9512120088423
Epsilon Lifesciences,Year_1_Week_38,93.54867063289528,61.29007163841849,56.59404790462403,79.71881780630636,95.95544603364901,42.14090433704526,67.2736853380037,94.08737027507412,71.58828240328103,33.13564229702879,741.2718090804997,425.7555975982532,1167.0274066787529
Epsilon Lifesciences,Year_1_Week_39,48.53657334855829,78.62128171666215,17.907984923035002,69.5233549963373,83.90784542952039,80.87941772729013,39.20606201578079,92.47784900788596,95.40826003423012,51.853270079881895,605.5621165533369,753.9716126083614,1359.5337291616984
Epsilon Lifesciences,Year_1_Week_40,96.99893371393026,88.90890730855745,41.55642380882627,26.667601108072112,10.140859467232561,32.59012449360702,34.25606760630454,67.18729211757189,22.8300899529804,30.42806855243689,600.0809634477566,526.8948054040591,1126.9757688518157
Epsilon Lifesciences,Year_1_Week_41,96.72579793803276,40.78735738443167,12.98827979122299,25.66984018006759,67.27612331650664,60.7666625950166,27.183392656447914,66.68385889912369,44.392552734931236,76.95146685719368,505.35403406397756,361.8454795242602,867.1995135882378
Epsilon Lifesciences,Year_1_Week_42,86.7708509920624,83.91315742048116,17.072064743951866,18.85560847420576,14.602184329789065,42.272061537238585,72.5176863004355,46.28895698654405,59.92586229541188,92.72872279483526,575.289063519739,621.4392326483592,1196.728296168098
Epsilon Lifesciences,Year_1_Week_43,36.50040028626271,19.95685632596865,45.72309485814365,69.42724477312044,33.18464983003497,69.09679663370885,29.684405169813456,77.71580940734091,16.90822556998642,48.1393107937831,432.07014596555956,595.3410839449143,1027.4112299104738
Epsilon Lifesciences,Year_1_Week_44,44.658795574173276,86.18070625610663,21.94441786387543,78.79353959995623,15.357223031299451,31.635902160415622,63.57729393347402,57.81646165158387,10.376869926516207,40.79193401007055,470.1774189044838,793.47519146524,1263.6526103697238
Epsilon Lifesciences,Year_1_Week_45,86.60230043651713,21.47397960987842,61.07867634354023,33.85417854925036,64.34159076544489,27.24336511613432,33.81715242328216,70.9694264105465,70.33909004172259,96.53956589238096,583.243518981548,359.02837244556997,942.271891427118
Epsilon Lifesciences,Year_1_Week_46,38.522980464064986,45.755856150433054,72.05184722235391,11.885046492782154,71.79309221433462,92.64151780078933,69.57720503144817,48.56121134639159,67.76375651212918,50.03671895447867,569.4086798931675,603.2357015970413,1172.6443814902086
Epsilon Lifesciences,Year_1_Week_47,25.254347201748324,81.75658292015983,82.05280291981745,17.39545007287846,20.30388742593146,19.162331465458323,83.34457556864852,75.83468176388251,46.97099289996506,54.01435604043549,512.0969597824179,231.21425301766814,743.3112128000861
Epsilon Lifesciences,Year_1_Week_48,60.11211362125152,23.492568461389638,28.01352198203291,97.10740313605274,44.54549947404816,55.53621169614385,80.02227188301879,84.20243658440941,54.06796684288294,41.648488510771486,556.72811898207,268.18762321803166,824.9157422001017
Epsilon Lifesciences,Year_1_Week_49,94.25392967447029,30.632625570937734,25.07343240331628,36.59002997296783,51.06128580599878,29.876750466670803,78.47661978377036,23.17926309425345,47.389870053288064,91.85936257109245,564.5886978649369,202.35102497065597,766.9397228355929
Epsilon Lifesciences,Year_1_Week_50,72.64268170074757,75.00273115537597,19.411105630096024,79.23008330543203,43.214771958482494,13.50369669931007,26.895016512302686,84.96367440168052,12.160454036039997,61.20599349536657,594.7137401858531,799.6764086358039,1394.390148821657
Epsilon Lifesciences,Year_1_Week_51,61.30550530804285,74.80328828914669,67.2787224589273,66.21972119688374,20.892250043667374,13.241693646228375,17.954645228606683,58.62668786112765,40.18344455957162,78.59571284634802,575.1968733875319,681.3642182884867,1256.5610916760186
Epsilon Lifesciences,Year_1_Week_52,18.74588443936917,67.70328695967676,73.5828153838211,44.37456756876063,47.70530111687279,25.76995948952446,72.9053945638647,86.01993181812018,25.937402985756087,83.06260465157978,481.5113728669011,672.0338088401245,1153.5451817070257
Fortis Remedies,Year_1_Week_01,65.35065040292528,72.455360002039,12.842753034307783,28.51185359759996,77.60602430275763,88.00933190554002,43.15124924149162,48.81715357069132,18.858177019123186,40.766413772553236,576.928175112802,505.83564517290785,1082.76382028571
Fortis Remedies,Year_1_Week_02,99.10484650938369,58.84519990128366,94.25910216193208,20.92477763434658,16.39068980799299,35.4230869579324,48.911160376301254,44.11364368447315,96.10483905004148,49.03248981883421,705.7224965215237,380.040249743264,1085.7627462647877
Fortis Remedies,Year_1_Week_03,22.60756137128716,32.66191530162575,14.677415528632517,65.35116712349799,17.21620126737131,95.54132535177662,12.803418351405195,92.35546592655001,63.94237525379491,86.36245969656382,370.34261526238583,290.7585706776056,661.1011859399914
Fortis Remedies,Year_1_Week_04,56.64966871273631,41.112639415352746,58.71667017709634,79.71704025740092,41.92941626523858,62.34600636902742,33.361880434754426,32.605234079356116,75.57906558129424,42.69298165082292,627.7663645993764,370.8048433078782,998.5712079072546
Fortis Remedies,Year_1_Week_05,88.96357647351599,26.34379451212831,73.81544675058248,67.95138281870176,94.75531404570326,49.29527707918895,13.030876348701762,85.97910927575288,38.38273689395058,81.45416201066662,661.9339129482858,425.58273315748346,1087.5166461057693
Fortis Remedies,Year_1_Week_06,76.6691755978784,91.76055052002656,88.3872211371477,57.727191992424245,70.17153820506226,62.207995120250914,89.12671953411228,53.56185152584637,45.383241654461365,94.68930903169934,797.7239737815573,653.7860581881764,1451.5100319697337
Fortis Remedies,Year_1_Week_07,72.73141668957412,62.50526152895084,74.2678238919185,13.775610108847264,71.08029610053083,56.5028546703641,31.90570148966774,56.268589829613376,31.323159450705113,66.08893357612062,592.7900095318737,523.7970733418915,1116.5870828737652
Fortis Remedies,Year_1_Week_08,73.22356755883983,46.07662750872759,82.15552747628126,97.16398998349455,42.572799175407845,78.28986283815927,60.160345261570725,37.76214533405356,18.72691038688823,76.74645587067,698.9858431089283,246.4901759332896,945.4760190422179
Fortis Remedies,Year_1_Week_09,42.35420360977797,51.58052232797194,40.55051732885255,81.88427724891172,63.42947120876846,35.424645937556704,13.508138859501738,61.57379805571141,26.112847369742543,82.45875808370214,453.8671862489081,210.81740537534733,664.6845916242555
Fortis Remedies,Year_1_Week_10,36.4232659838044,95.25550056506339,83.3342602371861,36.35398330308683,10.911806562496905,41.77453524402721,70.01626521750923,39.26900766485902,81.77626407668373,86.05356840069783,559.5578389937774,261.3993077204379,820.9571467142152
Fortis Remedies,Year_1_Week_11,82.84250399306623,23.801626280447216,17.210336174620764,98.19732964229655,67.24864417685879,90.46848722799257,39.07246111786844,13.534247281748709,70.97912246653982,45.554800407111635,572.4413690309108,446.29922821842763,1018.7405972493384
Fortis Remedies,Year_1_Week_12,82.91020552112627,62.76068488151175,90.53349904544748,64.16934306726898,92.1958252818613,95.1810861835365,90.81272682618993,34.479874480992045,59.22359883869292,14.613711325839835,820.6070182785522,759.915750229411,1580.522768507963
Fortis Remedies,Year_1_Week_13,88.03650867220934,55.52998109960194,59.28331385383626,62.418039238652185,65.13161215103372,90.33024047378271,89.93063700406323,10.574113906593162,52.75808855800913,46.16886441130656,752.7743124802565,582.441488725533,1335.2158012057894
Fortis Remedies,Year_1_Week_14,92.19164973008242,65.0308811891183,83.55679929662443,77.3265861486579,88.63287341197105,47.75031945615822,39.2761556525573,98.05193083511709,93.0190855290512,70.63806068056809,834.7384573583597,681.0955399253091,1515.8339972836689
Fortis Remedies,Year_1_Week_15,56.020815897484404,11.629916543875646,50.70864560664701,83.05928092811239,75.15757499194844,80.23289527061935,91.08648061214211,96.91724888377728,16.546145300080155,50.53153472027135,533.3012730689786,479.82475670272913,1013.1260297717077
Fortis Remedies,Year_1_Week_16,55.136466521847964,88.49115180497364,67.92199256768725,69.08307465983523,20.850257476332125,52.87021599709889,99.6541906148901,45.56397677250745,35.25407319141244,77.40668357743587,720.4598749372234,416.99964991702564,1137.4595248542491
Fortis Remedies,Year_1_Week_17,81.84656610700976,93.89064542352511,57.37623948425019,21.528617172958,91.22079765572576,54.778586693149194,84.28740977115532,75.55337689056815,41.494406821364265,42.12841865217975,755.0158526455698,265.04022362997364,1020.0560762755434
Fortis Remedies,Year_1_Week_18,68.49675376999886,60.861986523028804,75.84305695797987,40.44407553950485,15.97994599201974,28.421209815155557,86.03842129797061,41.12254885693825,80.41832309915091,67.12697269936265,577.1258929009724,725.559813311723,1302.6857062126955
Fortis Remedies,Year_1_Week_19,73.17701895319331,72.6985741489203,17.34669838275306,93.52752762934448,58.05707252929874,63.20172729326648,32.41078624981809,70.39838413773785,99.32631581457743,26.777782436857713,667.7053944927763,669.8960174167416,1337.601411909518
Fortis Remedies,Year_1_Week_20,81.6213402492491,93.02494430595661,15.431687559150742,30.215405065946673,22.79234114141119,26.752230797801314,61.903215897198066,82.48870387413812,31.660346328143774,77.44324929804613,590.7830632598404,300.87085855863506,891.6539218184755
Fortis Remedies,Year_1_Week_21,90.10048076358096,73.65147708820587,32.23929106091318,43.4950321453762,11.053594965781366,39.84082291604744,16.05303225706311,95.20806202230166,88.68766007233725,59.112637193172326,584.765175389129,507.3563383257563,1092.1215137148854
Fortis Remedies,Year_1_Week_22,40.41956411663823,23.72851386228352,24.359021210186953,48.88691946497764,47.98308341148751,86.95271814579417,18.542614313950274,46.01910482647048,84.75604843886121,28.365794969194052,431.945938153331,492.42488475274695,924.3708229060779
Fortis Remedies,Year_1_Week_23,43.802465737594964,61.86595241501318,88.46052099329815,49.5464490725007,36.55366368887406,28.63682282897697,99.90033508299615,80.49681846604429,30.219165787758996,36.27200561480265,582.2552390663718,575.0549316119171,1157.310170678289
Fortis Remedies,Year_1_Week_24,18.45837458567821,64.60435417445703,29.72925886222399,65.1645624245073,53.74004444178427,16.404245665608954,39.39753244833199,33.93356055689069,45.93993221793003,77.3747837723649,401.97642594932614,767.7121363947567,1169.6885623440828
Fortis Remedies,Year_1_Week_25,62.045212689655656,48.17176041721474,97.82787302372182,94.87682539702368,61.947989806109575,16.21068333515347,77.33655208439617,99.12990734142835,46.87055823632672,53.43411120953686,686.9151130273374,547.8628650574879,1234.7779780848252
Fortis Remedies,Year_1_Week_26,13.234804641706788,76.27998120622506,40.320621259399616,31.662344064925446,13.936516507805262,94.6706068452797,82.59985477241348,12.319263888791603,98.03986016739024,29.442829635376498,411.5980350979651,524.1303600671711,935.7283951651361
Fortis Remedies,Year_1_Week_27,51.90382163192142,94.09303132921134,26.390612411982936,20.935123867082623,21.070296561137106,55.622839416565114,87.22209439065062,64.31759258510088,26.28027112410085,97.05440713332679,545.2578479613286,230.19375976079837,775.4516077221269
Fortis Remedies,Year_1_Week_28,58.838017123681894,93.30116616160987,81.07286564282312,27.77234408739436,60.27781568053828,46.84708646353165,99.78654676619409,69.35553834861943,81.92421739943039,74.36125178351992,726.1609417712752,237.74448561081437,963.9054273820896
Fortis Remedies,Year_1_Week_29,35.7887126915456,50.57554342637189,69.28369979507886,89.82324101883425,40.885061785539236,82.97907229071266,31.734683673118106,71.9241001366716,40.07734427557989,96.14213492858165,592.2933007724549,312.4080747960733,904.7013755685282
Fortis Remedies,Year_1_Week_30,63.174993451210966,20.19142412566797,54.837614480782506,68.12297313896855,75.62561387945031,85.22433351194644,13.631574417372974,20.83488209101801,75.77833111985443,48.43945408243089,582.0169159740988,219.48246301504898,801.4993789891478
Fortis Remedies,Year_1_Week_31,12.745022494514448,98.63570790661011,59.982719584386814,35.73161103152441,68.70624837327458,39.89719298040441,47.00723661951274,94.46768051258174,47.800990386609655,52.759030662254844,549.6412596454736,646.0117373420075,1195.652996987481
Fortis Remedies,Year_1_Week_32,13.361336987429297,85.50082778013407,74.72816004450374,83.43522450717555,86.10439266909161,72.42562517264157,21.707260284605226,26.306495114507452,62.0523786804886,90.81596945665173,577.2187805669884,633.9981823963778,1211.2169629633663
Fortis Remedies,Year_1_Week_33,84.03405045936924,21.219641308294015,30.560926719816884,87.52329967270924,72.32435440023028,79.40105342666979,12.018330024584962,66.04780629158569,84.9350595993518,57.254440622084616,643.9090053995121,281.63374065898574,925.5427460584979
Fortis Remedies,Year_1_Week_34,42.41715772701366,92.87576943556351,99.67005244510678,86.18629048212502,48.69379696511333,68.91856181793591,42.43841444273375,30.040847121077647,82.37490084854957,73.65510207151004,667.1742422423827,701.6473404771685,1368.8215827195513
Fortis Remedies,Year_1_Week_35,21.435446138669633,88.29067258559155,97.73138459321048,92.7033880275599,70.56699601549892,23.643556732008943,80.53644259677128,37.649477531914386,87.97808651857301,32.6955589745977,638.695432216361,292.8716209076672,931.5670531240282
Fortis Remedies,Year_1_Week_36,57.001893404932396,56.69542514134649,68.52931177122431,32.701691815602544,34.784305682987664,88.82947751653514,60.95626221025638,59.18126875553119,15.365559281019312,50.205382183237646,551.78444654607,380.7053521984153,932.4897987444853
Fortis Remedies,Year_1_Week_37,79.29941977887498,63.21478921704363,27.958820583623062,77.95377358716505,37.568214890039144,58.51850974624078,38.150019028931865,47.547407670811886,72.28454977357703,21.11048792293196,652.326599722616,349.386139496819,1001.712739219435
Fortis Remedies,Year_1_Week_38,29.423892474715885,45.910243348311724,71.22054181881622,51.4485547546726,81.0086643928714,35.422518373300335,68.89078049434477,24.420304087885565,22.59886390495866,28.53820322892655,535.4957182197111,423.3842591438287,958.8799773635398
Fortis Remedies,Year_1_Week_39,66.06014282371002,14.928547493982819,16.497856808125825,85.77986976010554,50.1777564761424,48.27053668939245,30.881636227792963,25.384276217876348,47.42367112165699,10.084907374086798,484.8661277813981,352.7982595339771,837.6643873153753
Fortis Remedies,Year_1_Week_40,17.68127184943912,40.16775174813108,12.758725198522546,75.5641609445452,81.85423064665173,13.381398135901664,11.294330146487653,47.63303093465197,59.372957354921965,13.533854648379421,404.10814695943054,493.3705558630712,897.4787028225018
Fortis Remedies,Year_1_Week_41,14.651354905174692,82.25681037382103,33.19145996600923,79.88027018497522,84.01801363014506,21.50801211001758,78.79180477927846,78.15546804479507,46.246553627214766,97.95554408592363,516.21633438969,444.44472881281126,960.6610632025013
Fortis Remedies,Year_1_Week_42,57.82191684113332,10.416882070414257,51.636066106538465,69.05456539129644,87.18061038951554,78.89920754642748,66.13687763776082,90.81681821630097,56.76505082227067,31.811832562308606,604.6807095509204,791.9416944675959,1396.6224040185161
Fortis Remedies,Year_1_Week_43,58.657160944909585,40.014925452202974,88.14452548675425,25.968589252273617,92.49717122570866,10.001047127982952,78.6072362050864,17.571489603344457,99.68736779187573,69.69796385536017,584.2400922574764,233.55581007693542,817.7959023344117
Fortis Remedies,Year_1_Week_44,67.3686911348386,45.8351824231849,75.44521627896772,59.05242270072445,48.78866984619666,47.490924563406296,13.504421501889905,45.3793516803461,22.169558234156924,85.51897289196503,599.4110370603303,285.308825832411,884.7198628927413
Fortis Remedies,Year_1_Week_45,75.34822003503955,58.36560426441306,76.84358690799829,98.62027655720574,38.698013648902496,57.02591629770296,85.34076650475869,19.0221007350589,70.7910440802783,59.559441331290785,713.4569138566375,231.69553634516149,945.152450201799
Fortis Remedies,Year_1_Week_46,97.82668715162812,92.78700547714844,48.29440010032678,94.36492598474071,62.39788719347025,14.917097800087507,65.7573580032673,11.49332325693381,45.64008697470537,23.783005007556056,745.0802936048457,575.5047169894254,1320.5850105942711
Fortis Remedies,Year_1_Week_47,56.46703134710758,41.17113949293651,41.13414932922666,13.885636221731051,43.405518109386485,97.57703466750996,60.70558156413761,69.5546814379561,21.970881901659588,75.53047936025497,526.4899369689898,232.70556644823176,759.1955034172215
Fortis Remedies,Year_1_Week_48,39.06608256471213,41.22578817066049,43.393488668614246,24.833333415649342,64.09667501202097,30.351279812470473,66.21526433030783,64.2204497769929,24.286308703687858,64.02262690896248,474.98465114216475,701.863842425674,1176.8484935678387
Fortis Remedies,Year_1_Week_49,81.56675752918333,76.37511232987735,98.88846073624521,21.85558961091057,73.50272763794422,37.37788476726528,87.79899221815276,24.67172024333976,95.43457956210553,75.81255304126375,718.0450543093955,507.16317840915667,1225.2082327185522
Fortis Remedies,Year_1_Week_50,34.374902613586684,50.69961468008265,13.609827227123423,75.3381918986766,71.95645166429232,37.35482610295246,62.824285590301635,31.04315497837577,89.16413470405858,79.27719605713784,481.1479748196295,516.2045747489202,997.3525495685496
Fortis Remedies,Year_1_Week_51,49.507427863507246,30.214434064598375,88.03283465102037,83.60067968712505,43.70975983181092,30.73749959056149,62.285534189936136,12.133697828006653,91.63377643735197,97.78693309162706,534.1295004220019,536.9567046273165,1071.0862050493183
Fortis Remedies,Year_1_Week_52,17.061074320803936,50.7195564519424,62.080786771515406,29.216022967960473,25.017418152887753,10.132643987768027,99.16112413591893,85.14524851249634,99.23794982446479,61.6206952024039,365.4790089155374,302.4882237837264,667.9672326992638
Genixa Pharma,Year_1_Week_01,12.281566907391177,22.677131834181985,49.47538772706314,55.52674236566461,48.74764046159868,75.64103146791967,78.10571503617112,97.72215364436963,28.748385100766615,40.747700142154166,442.25808783695686,318.6141818686925,760.8722697056494
Genixa Pharma,Year_1_Week_02,96.63835732101326,25.874828785560098,75.27318943736229,85.663272521008,22.833472967371787,97.01609498193568,49.80644249060217,22.191358311522173,41.98954036276555,68.36181012102134,700.4745284105686,391.2903937238028,1091.7649221343713
Genixa Pharma,Year_1_Week_03,85.23821084609853,54.853099546553175,53.80020472822326,75.95213902896255,90.10873316654275,30.186413495654055,73.6657300029635,30.832769238876832,70.22971269323801,16.15966383183635,710.8928000605036,556.0978494931109,1266.9906495536145
Genixa Pharma,Year_1_Week_04,72.63767854843282,47.70329045540931,88.60809142734945,58.80134849426634,41.128971466407165,69.67424726230801,45.03074245226097,88.15685715522406,53.542228587458254,90.76575864894276,615.505544848704,326.0706655641287,941.5762104128327
Genixa Pharma,Year_1_Week_05,46.80576499728429,92.33613109612901,91.06316776101326,63.13129214128956,23.90137725009914,76.77066942628436,30.59879162351491,93.38174181605663,47.65505800405002,20.74429102043771,662.1318760113033,269.79903627995674,931.93091229126
Genixa Pharma,Year_1_Week_06,25.596488806376122,42.61545092049698,47.95488341861099,55.752449222465195,12.29029839151758,86.35828411814722,63.716668919898346,47.76646445261293,42.20301244020337,39.505855409723644,380.625892715784,782.0701318510593,1162.6960245668433
Genixa Pharma,Year_1_Week_07,24.079333840397744,62.25295152502391,34.914501751154646,36.77936061869385,68.12401476578358,48.03662773122482,93.53638883025563,14.55602250421667,63.4402568749107,83.41708425635088,513.006410159431,213.18908888577374,726.1954990452048
Genixa Pharma,Year_1_Week_08,32.52186083481358,66.90378591275774,63.3115295734026,60.85197935731145,67.3212085709269,37.26378150763863,93.62255680139165,13.545265032353747,61.80340857760738,63.75811404976407,531.6255496497666,681.618443201613,1213.2439928513795
Genixa Pharma,Year_1_Week_09,59.43039982355084,11.178501092950027,92.11270110550218,71.99967718450816,40.65437499231625,39.2765620620728,40.77147502949413,61.65548794621094,24.531205065781606,45.42719682496979,581.6169167098177,672.8210897450133,1254.4380064548309
Genixa Pharma,Year_1_Week_10,74.31363304300561,69.71836348150396,28.95959701050999,88.59906242747269,16.45406999628859,74.13591997886616,57.490971959952546,45.36055980038611,52.45658537665952,52.60920934375193,658.6979650866181,378.3284683070576,1037.0264333936757
Genixa Pharma,Year_1_Week_11,69.41776390459582,26.02323701827763,66.06699252071346,67.26622185813233,46.86660054057088,83.51015198550725,29.047230871287507,12.578718481988906,59.81245985888649,86.90926538819623,545.3129145475939,281.37596960438805,826.6888841519819
Genixa Pharma,Year_1_Week_12,35.19405072513486,96.49632857225096,66.84041980832686,78.50093833388422,38.00957455570543,26.34525709809424,99.6067998548995,62.49271530813011,61.325824485825144,40.60039474539029,607.650180695458,287.37718802325406,895.0273687187121
Genixa Pharma,Year_1_Week_13,95.93787525968747,23.379645497780167,75.98017201737528,24.40644714591157,70.94085757615085,43.38469073419887,98.30061170811422,11.017228293012023,28.909647362111663,88.26847163309542,643.5252729042368,618.4589703423155,1261.9842432465523
Genixa Pharma,Year_1_Week_14,76.41072250261917,47.316171135432135,21.841091661453383,51.54017269778109,64.52013245074212,91.17461770742351,68.45580367367026,80.86347623343457,76.80442530270581,17.932098787902234,609.610137310654,585.6839546517042,1195.2940919623582
Genixa Pharma,Year_1_Week_15,59.891864726026064,17.681470127077947,74.42424682138797,10.839845784438397,42.8134355377786,82.60241677252652,82.3972653709726,37.57895404330344,12.267918533896268,79.91185934877677,510.2967127244662,669.6474045508321,1179.9441172752984
Genixa Pharma,Year_1_Week_16,65.05486716109169,99.71868266613527,91.81292685990769,32.20109780694607,29.61032988294911,98.63725624862282,74.359014515533,13.623220270830888,41.934866998884644,86.27928697492626,696.9811653457816,762.4887034394628,1459.4698687852444
Genixa Pharma,Year_1_Week_17,47.764005618501095,55.19755092981183,26.171479798321776,75.38155436017044,98.92323695400327,77.88234337138726,63.384239713552134,62.9516998884838,80.21913836820701,26.36358875536049,565.738410244636,615.1564179599552,1180.8948282045912
Genixa Pharma,Year_1_Week_18,32.29578905510417,63.58465155880394,31.378899243148986,99.26289562144271,50.860145907650335,45.38756809251301,14.801319729000792,45.79159729897492,60.75036289498621,48.73118791349804,439.57281800129397,293.51092193086606,733.08373993216
Genixa Pharma,Year_1_Week_19,42.03754107861354,16.036882964958473,97.42555846374756,18.92602896284943,71.94468122022133,63.1574050595174,50.9287908297395,97.64203720214346,33.504618925977425,24.894979719729008,535.0110132825782,346.0655700592464,881.0765833418246
Genixa Pharma,Year_1_Week_20,78.20614994179321,77.496442335926,26.28792574385408,46.13448842751594,22.64976708205247,69.49128288225883,70.73076719506695,58.977879625333195,72.54578074087429,73.5943716094796,607.6037478457253,705.3162385238687,1312.919986369594
Genixa Pharma,Year_1_Week_21,11.295413976678027,28.891503378602717,86.89465840326213,82.00638718292436,53.703072969345804,17.061023468541155,70.97784524953161,34.771526293330744,61.0651849740466,58.1812991255491,447.40098359322417,325.5836455005251,772.9846290937493
Genixa Pharma,Year_1_Week_22,20.446537645622463,90.82488604966424,54.30500708032313,28.363207116600897,12.478304788251894,59.00472631934786,43.58103565801452,73.84949781705774,81.66192485107484,67.1791012037489,506.67185803398723,243.51339017268884,750.1852482066761
Genixa Pharma,Year_1_Week_23,14.140237781957747,28.462567643380645,32.25079669628593,59.95764543720576,55.490960611940494,73.83887456253487,94.75227879922275,34.43428022884402,76.1522667570841,27.683827026059003,465.8913772003918,621.9680324253502,1087.859409625742
Genixa Pharma,Year_1_Week_24,13.665592208707313,27.16189485972999,88.36749111452603,75.97641664267073,96.76156664059322,25.058917360095435,25.062132901310292,91.38189622668087,64.90971298326112,29.057127584717758,500.8511602810689,441.5158132940852,942.3669735751541
Genixa Pharma,Year_1_Week_25,86.99145256099065,13.28947010632854,50.077472950239894,65.43869052341611,44.57860416872202,80.25685456830014,55.03235015940046,43.72497734566388,53.93599077797326,13.734759295891573,587.5726637933959,752.0240315275422,1339.5966953209381
Genixa Pharma,Year_1_Week_26,73.32920734420213,52.48602505989993,56.333561853672116,26.922226115387453,13.509641131742043,62.539550246270046,72.17955788957406,59.48817064985847,21.986391310077106,38.98607816761567,574.6819846189675,590.1530426561969,1164.8350272751645
Genixa Pharma,Year_1_Week_27,52.67564461785927,60.83570199363548,42.33100324597891,41.984611181716545,12.786021182740917,95.69996071278352,72.74222253026284,14.551579344180597,33.51997160968454,60.37701952003074,482.4958019319523,254.25138667499644,736.7471886069487
Genixa Pharma,Year_1_Week_28,18.805074458590134,15.913777548551714,63.36557662914347,80.54126060368574,44.91880839521826,13.818006838620253,68.3775061091934,48.35091141570077,47.71895256253767,87.2141422597596,420.13957955531697,768.7139403521965,1188.8535199075134
Genixa Pharma,Year_1_Week_29,54.24542876051491,79.79748550255096,24.717148532652047,59.8803862718815,24.402244281687466,33.87935237999203,34.77593921066742,84.91271856948954,63.93693583057498,70.02347027128127,553.073220704948,355.1343581841476,908.2075788890955
Genixa Pharma,Year_1_Week_30,52.61245937025091,50.795995127322485,45.197338298658465,10.470665218862147,12.101688669536731,64.13984913698417,24.058591181795975,82.50839248270077,56.23370696937744,49.18566910597763,472.6330336305539,402.32749424377147,874.9605278743254
Genixa Pharma,Year_1_Week_31,25.58816829190137,57.195124239482205,97.24710901017588,78.48916840252845,78.05922525551591,36.69039209853376,67.23462941440397,30.188670296817364,35.93660733635765,95.7808102954724,534.3454594161674,441.3562482101252,975.7017076262925
Genixa Pharma,Year_1_Week_32,49.04664843141757,49.668647224440534,33.23200894310148,13.178021944621516,51.26707079937016,74.2981747664118,63.937190452549395,30.347116390950642,10.581792201073949,74.73206805182487,438.46023720783194,230.73457784258795,669.19481505042
Genixa Pharma,Year_1_Week_33,45.86542609576361,46.06867547877934,69.1062998087163,77.1160404458109,36.032029477538906,78.3104754269738,26.142040926031687,83.55747809919131,54.66152997107326,93.7148682576295,551.7681034919658,497.90925333836293,1049.6773568303288
Genixa Pharma,Year_1_Week_34,65.42650882469948,60.36762981773961,39.267105780222536,28.223250414871366,91.00748647148326,19.2264367659827,73.4625231013507,93.7358578152393,35.70633897060188,57.48291759449491,596.4707079530909,273.99109464517534,870.4618025982663
Genixa Pharma,Year_1_Week_35,67.15842857808795,23.971622133764125,79.61258131179406,96.22661321074422,20.452506418047307,56.24690177860909,50.96547925602908,18.58248291457032,76.11474706394816,33.30138473138256,607.0413511118611,440.58219601301107,1047.6235471248722
Genixa Pharma,Year_1_Week_36,14.077360879484006,26.3735317445744,21.778629464651484,43.11466761718761,96.03269460597873,55.80015000319503,70.09845324428376,50.505277548360276,12.155163874343515,14.754401772824979,433.4290088918391,410.4258727952506,843.8548816870897
Genixa Pharma,Year_1_Week_37,43.71513531638241,87.56070589121656,97.28389405706902,39.42384547042712,38.25700456396176,43.2352693193987,85.36303717931357,40.370885106780605,62.634503017521176,75.34763663354654,625.600766701143,663.704050055902,1289.304816757045
Genixa Pharma,Year_1_Week_38,66.32739241428128,95.15039159202695,50.841058724527535,23.39992452992002,89.95633050778132,93.96323763127049,25.275558571923085,88.36196099116954,94.73268137554588,20.91726982049807,695.1895834790193,681.9023069796388,1377.091890458658
Genixa Pharma,Year_1_Week_39,55.28226327220789,43.597838465177766,31.244541701181756,37.50437939411934,64.26485888315153,84.47556878858991,11.723038119715302,17.51724232120169,25.696834040034958,37.249761544477046,510.6195604337951,292.0477294334528,802.6672898672479
Genixa Pharma,Year_1_Week_40,87.08408570694901,34.367020582919835,16.614707259701138,88.89856856453805,84.40366237673388,72.7488443718673,80.11923277562082,29.001334830223367,52.448454167553585,57.92238170955076,666.4067242634646,419.9307124275357,1086.3374366910002
Genixa Pharma,Year_1_Week_41,69.28242684570506,67.95995889151142,25.27821145787867,99.67009038645226,98.56118468894178,74.28939721614978,64.87276826373544,77.72215038278449,18.227979263542437,60.79749290017729,752.6745586912556,424.01189661909905,1176.6864553103546
Genixa Pharma,Year_1_Week_42,24.664098437328672,46.78607539882868,56.77965537004159,43.14785774561635,35.956489403687115,51.55445294318072,72.96756126599095,14.616446408309402,66.31137210352173,64.05248772884224,451.89573341841265,290.84626636165103,742.7419997800637
Genixa Pharma,Year_1_Week_43,16.351187266038686,12.284772009431038,40.33028587881577,50.37495678590883,96.50219368668337,92.88950689869183,85.43394774897783,54.32818426428604,59.547851253660305,24.962979731473055,428.1386837733588,679.0721030307143,1107.210786804073
Genixa Pharma,Year_1_Week_44,67.8177350385684,24.053733762957133,84.59950292943485,74.98638443824633,45.05337054121783,72.51358845279569,82.25298413420505,49.7896331211748,46.66289717915491,44.17636643394839,602.828686365903,624.336997001254,1227.1656833671568
Genixa Pharma,Year_1_Week_45,12.386017948745963,74.43750059626578,48.779877129562536,89.75762024185671,44.69607142632301,75.60829554902348,96.48281322359422,40.09610610898738,56.923931932636705,65.54748044052701,511.60925180403893,314.2290717782208,825.8383235822598
Genixa Pharma,Year_1_Week_46,62.7198023146117,69.30315477191363,32.384284532886696,63.37399007681057,40.63483938290551,87.55218134086107,58.23415709669064,45.51150837870314,90.69171926221091,97.28369781704063,639.9796791644458,420.03314515627943,1060.0128243207253
Genixa Pharma,Year_1_Week_47,94.62072172824618,12.438639325313513,65.5430487943627,45.23731283600464,58.72668466128267,34.66644304079719,53.96460693939148,57.694652823720965,27.666487207996035,75.48680239297198,627.5050892649426,263.4830149139085,890.9881041788511
Genixa Pharma,Year_1_Week_48,61.792676008829105,29.97749457396545,73.60994951969013,47.13596567637614,23.873053886063836,82.63638134800327,46.16984799016571,24.523062254954482,12.030806053481252,93.0343381384562,581.4304882908584,576.9239582558264,1158.3544465466848
Genixa Pharma,Year_1_Week_49,44.935293358586975,30.796731692926425,25.033771711085485,72.60563318471262,59.834033682221005,27.571654266084284,23.83219385597841,61.47962904552335,87.54983962291908,78.59908524827594,482.3086456773437,272.8231547291718,755.1318004065155
Genixa Pharma,Year_1_Week_50,67.89593965981179,70.47034692388556,25.08572946594859,10.289643724385082,58.75343311690036,41.0807757020399,61.53465095938202,82.48890963699877,61.94053741491158,63.25452720031604,589.545910931793,791.5605011749507,1381.1064121067436
Genixa Pharma,Year_1_Week_51,51.2427601442365,11.773948397892774,13.300428424018868,65.76304037138567,78.5711631344383,40.20494088428585,34.93112718933809,78.41448368111432,90.15926099156582,27.282103222271008,442.4562856201567,668.4092448127174,1110.865530432874
Genixa Pharma,Year_1_Week_52,59.105511038434145,19.369772378611646,76.27618135590765,41.99437093972217,85.0284965743827,98.06729215502266,92.91767609916779,23.85099142243963,63.72507010718553,70.00170867032617,584.1332330556793,434.14312975039707,1018.2763628060763
Helixa Biotech,Year_1_Week_01,94.73183278988726,81.99244768358705,69.74240748596246,81.47775981493758,49.639721528118166,87.08835013731341,62.48717238493878,23.43245227673265,82.91449809637322,66.10416093639164,830.893655217252,547.1383593676127,1378.0320145848646
Helixa Biotech,Year_1_Week_02,44.74923740206968,26.069019584890025,52.71677881748325,18.369157584081893,37.20999244163444,73.10528754312338,63.35561624572991,34.1356930970422,48.67060270196332,64.22222534115397,453.10793733994956,746.8050897298452,1199.9130270697947
Helixa Biotech,Year_1_Week_03,96.50715074415228,68.74714970666872,85.97534040722775,62.93820402535515,33.3401407585385,75.4351085453851,41.9432194789309,42.49672537069335,77.48739381594419,54.080728118941664,759.5694252129376,532.4595682374957,1292.0289934504333
Helixa Biotech,Year_1_Week_04,91.48155777604573,31.436450294205386,82.51031376550479,53.28756008975114,27.516145303438474,60.586551496231394,14.679041677993673,46.76100232676343,92.17373202008704,57.579094359034805,640.2108401442683,304.6990918387731,944.9099319830414
Helixa Biotech,Year_1_Week_05,27.62120213103668,18.949725348341065,62.6818927957077,67.80929733147048,15.18828239791224,95.23816003976671,12.856938883568976,71.17274951500107,61.49106673499857,40.09982744062937,448.1886742721092,427.22201334869555,875.4106876208048
Helixa Biotech,Year_1_Week_06,16.24251707876489,31.88549718995087,88.14441524619328,15.836823503467151,40.8203180951242,54.66328775941254,48.100162973787775,15.101238894925187,26.27066355061416,56.73814233780728,424.63688882058665,705.8869190178473,1130.5238078384339
Helixa Biotech,Year_1_Week_07,19.070020123968398,75.00402386700932,28.52570890330914,62.198540868531815,34.322292291770495,44.246593888290505,17.610884028751407,13.120543380345975,34.19178535271784,27.780031511063044,441.63767075555927,586.5278095937707,1028.16548034933
Helixa Biotech,Year_1_Week_08,11.639964308639476,87.01268212956572,20.072765745795508,60.533612916357136,96.97756472797666,24.67318032384319,64.61622599861252,45.27195066495181,27.87801192076652,82.46569576243391,500.07367224986297,590.4346306002801,1090.508302850143
Helixa Biotech,Year_1_Week_09,18.499866468033556,84.71978781102925,34.277465036529065,60.459408497455385,60.19379436250395,80.75850870349522,89.28757050756917,72.74473229241823,32.21713248361596,26.719925922883704,585.1262380240637,720.0928914130935,1305.2191294371573
Helixa Biotech,Year_1_Week_10,71.47060960747211,45.74651766566093,15.137817048038336,64.31388999368093,41.25493351274568,76.09995388680323,89.462333486685,27.40918086608343,37.57739044159327,17.646966090051976,580.3559855039697,736.3838344775028,1316.7398199814725
Helixa Biotech,Year_1_Week_11,16.40697836142061,70.12766229135815,57.80525752009288,70.8821143503726,62.24208408943264,44.59195346717214,69.31408691190092,67.73540331306265,59.96204080778696,49.26214237214416,526.7517868401967,751.8755430676617,1278.6273299078584
Helixa Biotech,Year_1_Week_12,38.70780672643852,28.448586587423886,94.29451230654654,82.44900997126928,22.527703121112594,12.267407256330642,29.01086483256379,33.38453241462695,62.91924665174495,69.24766955554557,507.01332920329287,256.9095159518937,763.9228451551866
Helixa Biotech,Year_1_Week_13,86.03877798725091,36.383295723491194,13.540918660165868,34.28386481153929,49.963937428198264,85.50975949462097,87.66971482229849,89.74774979321647,48.3849772517675,49.39451424401872,556.541710037822,526.4756011778605,1083.0173112156826
Helixa Biotech,Year_1_Week_14,12.094474216224327,90.67022366690078,20.989892260902412,84.25444691620558,66.36108892789574,11.027618510866628,89.74840917818874,90.61209498399549,65.38787018387518,34.90787187561777,562.9978829523852,644.3057127309912,1207.3035956833764
Helixa Biotech,Year_1_Week_15,83.30216343300422,11.170173115966243,50.697912545509176,54.843011403710825,54.000804861320624,73.33298016661459,27.698822645766285,36.75584838531938,17.341743305022934,60.235406550139665,506.68175921840157,654.1561070762083,1160.8378662946097
Helixa Biotech,Year_1_Week_16,35.36692972960599,17.695767776902127,94.04875157751144,16.935245122089803,46.160092058889184,97.32313987534513,76.36834771936095,30.699437856691645,17.900941335234396,41.230210187097995,495.50906107661103,564.0297211820023,1059.5387822586133
Helixa Biotech,Year_1_Week_17,20.634834485949064,28.70976296314246,38.45404944790755,15.269583631958128,99.44635500097283,49.38951953333831,35.78675940344107,47.017357485960815,25.46465143218926,93.95809211139698,353.1983586058345,300.0724011102045,653.270759716039
Helixa Biotech,Year_1_Week_18,72.70634488277355,12.387898348643773,55.65113278195532,40.08144868264547,89.22832859340343,31.14760644963575,82.23762811176367,31.647842666213386,56.62697482363103,93.03806256432149,571.3062225069303,678.4523323649986,1249.758554871929
Helixa Biotech,Year_1_Week_19,66.60485621018955,26.329189158081757,13.741557314535289,80.64072794003208,66.10653623434962,73.43839090390435,99.75141099132424,70.51454589625334,29.25952108284822,55.21346379748859,582.3074708984444,632.0668001089674,1214.3742710074118
Helixa Biotech,Year_1_Week_20,88.97248121743476,62.473740487272295,23.350888086587997,73.69128412668242,61.24396250640545,83.54153278140267,12.702340479645354,84.34582160934569,35.49559631433196,39.50955946164326,618.0820432674166,251.68146292942177,869.7635061968383
Helixa Biotech,Year_1_Week_21,76.15639394234972,47.92820955332481,98.79671106629623,80.97534682051658,65.85944318421257,59.17872844700626,90.76292792118387,70.57829178200953,46.028155255569466,76.34191725609752,775.7135805092693,478.28589480462574,1253.999475313895
Helixa Biotech,Year_1_Week_22,82.31328373463637,90.34045399692774,96.86068267924409,56.55421507974484,28.118089704018992,97.03317477305316,66.03674802387923,84.19154025244146,83.06795116093419,13.304164913475997,799.6636507012447,304.38643971308215,1104.0500904143269
Helixa Biotech,Year_1_Week_23,35.38311153141758,83.56992055645968,10.444598284096866,49.61790981599415,45.56239689378867,14.650184949216499,97.6044357248339,45.72929459867267,11.24759223215741,52.72921054392861,499.4476237957234,402.4862274277831,901.9338512235065
Helixa Biotech,Year_1_Week_24,25.969558940175055,40.76356165280884,95.6630606880915,23.270727403565555,13.551357960180939,55.43160384740753,51.85085657737849,24.06852736379748,68.44409382129601,40.26910548433002,441.7111871625361,210.84865532341126,652.5598424859473
Helixa Biotech,Year_1_Week_25,77.55532764767725,33.34810900881632,67.52079440339503,39.53734782483804,52.7991433738144,74.6608552590295,86.26491375142363,76.41558526578329,70.19888779366168,92.84822965922992,662.195345599162,440.19792104645495,1102.393266645617
Helixa Biotech,Year_1_Week_26,82.61512653405376,44.17231673505402,88.112646506802,49.061742955648775,58.87221255618969,87.63764240342611,15.61546617384495,42.44270546273985,81.87902023209729,11.08027245454143,650.5852160231889,529.9261526937263,1180.511368716915
Helixa Biotech,Year_1_Week_27,99.1454627800606,63.1265448263327,50.92658700704732,17.97403867116555,30.497476249288862,26.133005071701103,40.175114507046615,70.41437427062192,93.94776451542819,59.753338814651414,604.517267118233,571.7495556962522,1176.2668228144853
Helixa Biotech,Year_1_Week_28,47.135590922028385,34.125727674058865,56.40364257213252,29.855075744009014,96.76259624489623,82.00031335873133,16.031488397608896,34.35795477835891,11.812406405436084,76.65972229599635,489.6723890917775,598.094207077226,1087.7665961690036
Helixa Biotech,Year_1_Week_29,43.481627721350485,66.17340170642206,53.99619222312282,63.840276465736494,91.85091498435177,59.743636814669074,97.78088201311635,17.31066713260054,23.840533496189458,53.65161887716371,643.7161478804761,701.7747878614759,1345.490935741952
Helixa Biotech,Year_1_Week_30,79.87716646677971,46.84704869721164,70.01778317914939,76.20968028152708,74.99289119103153,45.68983137909669,83.5276516544653,99.33236159389871,89.75541646503937,17.68627271464495,793.3995590449032,329.277744365438,1122.6773034103412
Helixa Biotech,Year_1_Week_31,40.672318622771606,59.68424627667822,22.568612928068163,99.85127602536546,58.004796588882634,21.854352572118422,86.72926791213735,24.058135713753934,51.26667059683138,97.5215251025112,510.3740368707586,272.28909346308075,782.6631303338393
Helixa Biotech,Year_1_Week_32,93.76815930432082,49.2513876221785,12.697623088541015,93.98019982092019,88.29722436829165,87.87661830180211,94.41687082905048,98.95788945671329,60.81315750401171,56.62093882384881,798.3678671688625,710.9223031387554,1509.290170307618
Helixa Biotech,Year_1_Week_33,87.25714766587106,36.50191835877259,37.713694743207185,67.83086795816723,21.758710944111662,24.154588736174382,17.659313750780683,97.95519393098026,69.67244833508326,65.27676198871103,497.4982459010957,293.96768893558993,791.4659348366856
Helixa Biotech,Year_1_Week_34,48.609462463751655,95.3607976265941,73.4212686462982,47.91232479646648,81.14588148473965,37.880907328818935,44.7037833262,81.44362935172357,71.11599440460736,31.29488044367566,639.495863745816,784.8560488017172,1424.3519125475332
Helixa Biotech,Year_1_Week_35,77.57839610123476,78.72452147437848,28.166810691065354,67.25596282374094,21.23387325701635,36.10409787661932,16.393140013960192,69.34806658737978,93.85663629848574,53.514827659612344,569.7831996180187,705.5229376391821,1275.3061372572008
Helixa Biotech,Year_1_Week_36,77.90885866762142,22.61018581898073,70.60891899924256,80.70864562722087,81.47895962944649,88.42726307717689,28.971379139502574,62.002634522597624,99.72544756705027,48.623454276248964,646.6604324653041,500.52596353375947,1147.1863959990635
Helixa Biotech,Year_1_Week_37,19.281148195233936,88.16211783081215,97.29208414965434,20.65025718310486,34.819081142622125,70.54326947880082,30.642919933390512,87.94913908400513,74.81417148378462,16.740625780178537,513.0842570393476,788.8528549532151,1301.9371119925627
Helixa Biotech,Year_1_Week_38,91.229761601161,53.86880784245623,18.451064421047654,46.891440072665944,88.93815229163701,81.7013257472235,52.21964899428208,36.04955694575391,35.84990882846357,19.55443181927205,659.2532208292897,258.4260374648025,917.6792582940923
Helixa Biotech,Year_1_Week_39,55.472713520307146,90.50970042046822,70.53419064026136,85.58220570720555,94.96378844428581,32.54211089132491,34.17059507082783,52.091309123638936,89.17771620649093,85.37252676568971,712.487552269567,381.839456705061,1094.327008974628
Helixa Biotech,Year_1_Week_40,84.38117194969675,81.98697303525837,49.93751973741141,44.54496567397396,23.391637246460405,66.23866896462991,19.0880296135985,65.74509724298517,14.429882308668544,31.58379569859312,642.0938225324619,582.9346490243669,1225.0284715568287
Helixa Biotech,Year_1_Week_41,38.804464092755055,48.26921540223101,88.13280289397548,61.46850441044679,51.640804455885416,61.45713848293738,25.074198018469694,47.007142828254196,30.79727675870466,27.546244434876748,569.433439288502,410.00412108390725,979.4375603724093
Helixa Biotech,Year_1_Week_42,90.59709056465805,12.022237748810566,25.94348105026473,62.89924247759784,98.28886403464166,84.9547339109444,23.254800719688184,48.473780868124116,90.76471457173434,55.44203061251253,622.6123112888876,757.0235311884751,1379.6358424773625
Helixa Biotech,Year_1_Week_43,45.02815108607468,34.180962344645145,72.33633570035481,26.602862782027543,53.506669237583196,91.54783544331345,97.57691181210684,39.72562007518759,33.05723629954194,79.18724182262616,568.0913311144045,239.37565290669053,807.4669840210951
Helixa Biotech,Year_1_Week_44,10.975388633226853,58.747079319478026,85.43037606832992,42.601189748705956,87.71927702630906,11.094109432964812,78.33632562266263,60.780863501608245,29.858595365957363,15.575186672108913,503.3373181675829,529.6470992365787,1032.9844174041616
Helixa Biotech,Year_1_Week_45,91.48437787773373,67.01303978435325,95.0152797526621,40.1060159867739,62.985836991818786,70.66179271529134,97.09853187426057,86.55170752136044,22.43127638262225,61.912712767443026,760.1611091971675,554.5197604370687,1314.6808696342364
Helixa Biotech,Year_1_Week_46,18.21580091075202,33.20989168898821,71.49232254606812,12.35770376788583,43.77969171276417,14.665221920775611,49.57664378571177,28.137554020568157,87.32005818822249,20.728939855651603,393.24293563053203,591.6368742663344,984.8798098968664
Helixa Biotech,Year_1_Week_47,38.73822738313734,22.54204666655417,54.74572876075846,12.177258750221972,35.72051999732832,59.39727985696203,35.05316334963909,94.09897348780973,55.0052433271978,13.281494574305661,395.5534555619481,353.39973399908865,748.9531895610368
Helixa Biotech,Year_1_Week_48,95.50557703457244,85.14372131193691,65.60625161810924,84.85273393081961,28.290078197747853,35.88694561393104,81.8463877488268,72.01788883734068,70.74038827487394,14.746955694599565,754.8116925503107,418.7398565119187,1173.5515490622292
Helixa Biotech,Year_1_Week_49,95.55464322438004,98.5961962633197,88.20144860308464,34.576372897553114,78.56183722399275,37.60989395699271,39.36285262370321,84.09458914120272,31.51597456675267,85.07476973875973,791.6328102541665,706.2083177989866,1497.8411280531532
Helixa Biotech,Year_1_Week_50,61.60940993109575,57.312116407241724,61.35487719749467,56.62708896149339,44.78864561407251,41.76626531071209,36.94450363348135,60.05716233670105,78.22363789100949,20.61752352652554,559.6661942598648,316.9656613820959,876.6318556419608
Helixa Biotech,Year_1_Week_51,66.86534909528194,25.451135726347317,12.734835372715317,36.88530162298957,56.0147915980676,65.9163204144649,30.925539298704805,80.15650312816571,78.40049904658886,14.063622797106277,471.1843171284563,696.1207083040172,1167.3050254324735
Helixa Biotech,Year_1_Week_52,50.36009697804878,34.50765938674321,93.78538259562801,94.66113206038065,54.309293200106374,40.06449691018923,21.67110804018118,11.458035760552049,38.13382224174701,49.41098984286211,581.3789296588569,537.5932537416454,1118.9721834005022
Innovex Medicare,Year_1_Week_01,36.388969452825805,11.655160889272006,72.0574075928405,33.336708297919635,61.95511263098181,75.94291455312523,33.08167549150894,83.65423823015817,46.961436970925455,85.95941247478223,479.5520879713624,657.3125067164492,1136.8645946878116
Innovex Medicare,Year_1_Week_02,39.57980908329243,92.28689259044491,70.88620471995219,48.66911314650416,87.9019431062097,46.40746470164827,41.97877736264989,13.612497317682987,28.872124968718076,33.61675388403717,580.660177221495,628.1644197580829,1208.824596979578
Innovex Medicare,Year_1_Week_03,70.52666104693346,20.597597460112702,29.410763715794545,88.54572254361416,98.26654092250864,16.151788027896274,70.65947873311573,90.09220387265762,97.89049209906139,47.95413557733247,598.3003677165435,324.5068972309274,922.8072649474709
Innovex Medicare,Year_1_Week_04,77.7137076493912,61.88648279628282,69.29969232093916,85.77402101126278,46.68257877164353,80.53838582356966,15.630835799750642,99.2766472514779,68.10423193525705,13.593027930737609,752.4554992213374,541.2876418603237,1293.7431410816612
Innovex Medicare,Year_1_Week_05,81.24211393532637,34.66496986184854,45.44779650887426,26.749127606164958,84.47670298956727,35.71824921334354,28.945624569880867,36.46607159591,94.1089492643964,50.417066272138825,576.6922649358688,720.6338916830555,1297.3261566189244
Innovex Medicare,Year_1_Week_06,81.06563285150985,59.87602022642141,68.61096793373429,82.23789788161393,78.80750151892458,48.949019163933635,82.81212762625087,28.92867006572143,37.30469892662198,61.98517725734203,792.098876544924,459.26974208115763,1251.3686186260816
Innovex Medicare,Year_1_Week_07,18.208549274382133,68.62783495166778,19.593372727719164,51.23681980641034,61.617605631001595,71.68994948997113,23.22297312253937,78.88270274722366,80.37018216972008,61.38163483769303,497.74932645863464,779.9544621339901,1277.7037885926247
Innovex Medicare,Year_1_Week_08,54.49782742323233,84.67676233364814,69.20607741427324,53.46719848768197,96.04424292507397,39.92105414338408,40.83806318702694,32.77237068282279,78.92727794962678,39.918402295692864,698.49295180372,471.3290600610308,1169.8220118647507
Innovex Medicare,Year_1_Week_09,15.180288401497986,28.577914458454288,99.94723531935999,22.01319751743494,28.042706397556252,15.092709053204405,87.8193029672326,87.90061448549831,72.24900866798873,38.3979862596822,394.3430537558785,285.67138200073083,680.0144357566094
Innovex Medicare,Year_1_Week_10,59.4575994091362,10.989624579263243,14.339083497450043,17.254136238141218,19.83377892786593,43.652894231153226,23.94327800290984,19.255833294172902,96.90750777401203,19.59612570429381,355.6627998224043,433.66080804660396,789.3236078690082
Innovex Medicare,Year_1_Week_11,49.73774512360393,22.319706706192655,97.94567657991855,75.51453762763887,86.85657702598799,95.0003724424873,17.44631520563709,21.335967674142243,45.4199802495684,43.01184885816416,609.77341341288,771.0214438343223,1380.7948572472023
Innovex Medicare,Year_1_Week_12,89.89337644824698,91.00167776632946,46.621716465058356,54.68150371197698,49.52348349703735,67.75609575687024,53.608419557200975,98.1236399590554,21.764559123078158,18.95452019856682,722.3815029444977,391.8325096039125,1114.2140125484102
Innovex Medicare,Year_1_Week_13,41.58235112968708,88.65010698062638,88.36781053035332,49.31656323536616,86.22719687863544,70.43312338004861,37.217756015068275,70.64550084430041,70.45379733196546,78.99363502408464,693.6996069241897,720.8588959202377,1414.5585028444275
Innovex Medicare,Year_1_Week_14,20.536031478484528,63.76717919532775,80.4146935652446,75.65574057871571,90.37811846758734,66.90539382738758,60.70675280354687,86.21985019860576,75.63788204294856,96.96468679733673,662.1919328283361,728.7504090091339,1390.94234183747
Innovex Medicare,Year_1_Week_15,22.869251384755227,64.0465174390288,61.0314634888001,78.89616090919988,15.62118342571643,27.90929250634931,82.34244014351276,39.18964396163662,61.75545161129332,97.30670110000362,511.9880291789184,410.11191459917666,922.099943778095
Innovex Medicare,Year_1_Week_16,78.5359568545725,69.853300709163,76.46042883261939,24.30173509024182,89.51182866874547,47.65004776920521,22.343363933746886,70.8835374568544,28.613610382005664,87.85639894378545,642.579609581558,249.95459483037928,892.5342044119373
Innovex Medicare,Year_1_Week_17,65.6396256984635,25.783415076110465,89.06640051712131,64.92026345298771,50.348714983247994,77.58458185269865,62.26291760988565,63.48176445777375,55.40103475024198,64.07129344056571,661.7764362961824,634.734745495291,1296.5111817914735
Innovex Medicare,Year_1_Week_18,19.101040851051124,92.29707513324638,46.37262894859297,22.1818674049917,55.9389240103809,19.123560779784324,55.49578843508775,64.28351081106523,38.09707629122165,73.07791275194919,448.4128064159509,386.90737940839165,835.3201858243426
Innovex Medicare,Year_1_Week_19,17.569612550349767,47.68934724028658,39.43298454069148,77.62375774261412,66.39332599838892,35.00674984807411,22.96709074118796,71.42792135839494,48.471987535002015,35.66852224123727,452.80850492494073,669.7541685545434,1122.5626734794841
Innovex Medicare,Year_1_Week_20,73.08722183132079,44.48246754245477,70.08340470072262,69.12596406404256,93.3744346057078,34.868719761926826,66.15986369760842,61.78232558161887,68.06967182601974,66.76933781553586,675.2730817667963,465.59290895625986,1140.8659907230563
Innovex Medicare,Year_1_Week_21,16.548670572777418,56.70259347545538,82.70613477471328,96.09531589751121,11.720448498678763,48.88170348350554,34.62763760746945,48.615613237239934,77.06932684217512,51.00845944958897,502.0474347713177,491.16004540557293,993.2074801768906
Innovex Medicare,Year_1_Week_22,83.96740533613206,14.226937009754954,78.60566212989542,16.206221472077907,52.91591214860354,98.23318668479665,53.90508866896113,34.83304249424921,30.90022218112088,53.38156057992393,608.586340703842,666.7456440491221,1275.3319847529642
Innovex Medicare,Year_1_Week_23,73.56180044408467,24.965503188047148,81.80322839727711,15.134924903612887,71.89498381875046,16.075229201543976,17.40450918493557,79.17231978218818,46.4792824582258,78.19989043376421,503.68397606128997,429.41799863697673,933.1019746982668
Innovex Medicare,Year_1_Week_24,17.32139025777098,76.42302547837333,49.20249833316397,35.39683672238802,75.04362619284056,56.68308949425355,51.36256514922607,30.36451870028676,34.224541389246625,35.37265200375265,540.7585185115923,465.8764071937487,1006.6349257053411
Innovex Medicare,Year_1_Week_25,17.635394267667273,17.45188011326138,83.60507945575195,33.55351153623154,72.32791883833971,26.14282138109894,37.58171212385383,72.31188755389728,27.87684524756822,38.62356505250679,354.1365714559786,425.7142812617733,779.8508527177519
Innovex Medicare,Year_1_Week_26,98.7975620651058,64.28368985197494,20.81881498335476,32.22809191647998,22.099161646730966,97.36088908687697,84.01430900668188,30.999954038439398,80.50484979962546,93.2177612015773,632.8852827665202,420.40430916636797,1053.289591932888
Innovex Medicare,Year_1_Week_27,43.68437161805083,32.081419871318886,59.00401881647646,91.5629122468933,36.94560295345131,20.19731542547178,15.128085429763145,66.27971529590084,91.83274249932931,15.060186536587501,509.56503424876234,515.5679461408756,1025.1329803896379
Innovex Medicare,Year_1_Week_28,43.357793236020186,45.036605263777886,10.518279444830942,32.45915798645555,42.28439728753121,46.32409021254321,47.67465474264969,77.2370440416126,43.32089671161191,53.707086857200636,434.72048376781754,685.2796667006904,1120.0001504685079
Innovex Medicare,Year_1_Week_29,83.15196105317523,35.98243630936299,39.21272469102433,34.47547535157679,82.39934869115545,76.40964863511455,51.25882817182942,29.684250001588527,77.61510319363902,92.15207203670755,603.9889693201176,417.0609871535395,1021.0499564736571
Innovex Medicare,Year_1_Week_30,95.25237196454728,42.01054448184542,42.98153813842581,78.34584361761674,35.088388517309774,73.40989852247007,75.25054686692069,15.394897077517745,90.72957604279699,64.93267070363413,670.9739943240603,514.552832322642,1185.5268266467024
Innovex Medicare,Year_1_Week_31,98.74009574405838,74.71413146658209,45.655542244832986,50.4765858205486,28.963446748048284,48.0455773204539,61.68588175811899,21.78763686947567,86.15117894772084,59.176636679091885,689.7746120146904,602.4363952655606,1292.2110072802511
Innovex Medicare,Year_1_Week_32,77.80403667330475,36.74095440608575,72.5920486020876,79.9039501259663,96.17032171342865,41.18717511574464,70.0491103474763,64.5397270543923,26.453204968530333,32.47697613064197,692.4056097464505,361.663667782193,1054.0692775286434
Innovex Medicare,Year_1_Week_33,43.86336269778242,60.976417626720746,44.97022911433112,15.882954180794671,10.7976956602122,45.78511406975835,79.93443570865806,86.4501765603162,96.06626933620252,40.89479401580034,531.9238184317057,366.51368294143555,898.4375013731412
Innovex Medicare,Year_1_Week_34,17.51506450288019,52.84453619791897,50.38242603602776,53.88140743060459,99.80387701137803,33.78486368427754,87.59826762923699,14.049713911188192,43.900879638651624,86.68435742242237,516.1683168582014,760.0478762140729,1276.216193072274
Innovex Medicare,Year_1_Week_35,79.94322243346932,69.73040488263834,31.378971778689472,13.025224016495436,70.9139168971656,28.479964483611983,38.24879470502235,76.07361331374817,40.531659505645266,60.32963185916123,600.9132356632525,634.1207439986531,1235.0339796619055
Innovex Medicare,Year_1_Week_36,60.256382476222456,94.31467653922822,43.59266124664061,15.638788310981907,84.56223695042054,53.473572780300096,58.42204348275126,40.71867813550469,15.61881945500023,56.32679743811019,580.9109971152769,546.3120057339853,1127.2230028492622
Innovex Medicare,Year_1_Week_37,48.17998083222786,75.93148874892253,30.454266453683633,91.57937080099698,36.51574567115738,34.16803804608466,85.60972705952798,53.067553292757026,53.75562886943947,18.962174218602605,586.3950702615316,588.6320326523671,1175.0271029138987
Innovex Medicare,Year_1_Week_38,91.57189465852623,29.34463407316811,16.587633139159927,22.532083400583566,11.288374990035399,35.87154984075251,99.05060178685508,93.59735948610091,19.811225407683583,11.442534080961082,505.033511716334,217.57966586205103,722.613177578385
Innovex Medicare,Year_1_Week_39,20.00777340755362,12.80648215551562,64.31037340432401,57.91786140476954,76.40825667053771,69.10804571271014,90.05673799393868,39.87743542622609,32.36858388346834,96.73166698183442,437.2553113164648,570.8617793370181,1008.1170906534829
Innovex Medicare,Year_1_Week_40,54.336259386177325,33.60376398698426,70.13915186995146,46.99860423406359,85.07301373006082,97.16835985299029,43.43205363619391,51.880324054553746,38.52483595905532,43.92875505581575,610.3144058962092,505.7053239345211,1116.0197298307303
Innovex Medicare,Year_1_Week_41,11.021828029067716,63.55701376302294,65.7541311408653,41.26089936329584,76.64285187581672,64.32734805034376,27.564986549678537,11.2314173284613,82.79436911425157,64.28917558895539,454.03070396515534,527.4498078676613,981.4805118328167
Innovex Medicare,Year_1_Week_42,52.17945777947136,14.628323213582531,51.71446394205151,90.98500111185452,22.856525857075475,16.928152035846963,54.04532836659298,17.343884800435454,88.79397853563069,17.174356586855648,483.1722432351061,415.65429609849025,898.8265393335964
Innovex Medicare,Year_1_Week_43,15.067294811365361,54.67296224811127,44.18072021613068,11.964105709794055,77.80851300312722,16.80252524686603,76.74773066524381,33.27324320213056,37.22196857153227,71.48028571507419,360.3924451652213,248.88433862776515,609.2767837929864
Innovex Medicare,Year_1_Week_44,20.693612464126474,63.71585640252003,87.70002846146427,69.74107175580302,79.20305038968769,95.62808987610094,54.331216367796785,12.506701673896696,87.28283091201165,93.93100378353648,663.5474162206702,316.00354016723134,979.5509563879016
Innovex Medicare,Year_1_Week_45,20.577362209939437,40.08195017352647,56.71736066225962,96.70549907921954,69.26864641030494,36.756171127660025,53.48627769823017,66.8237793443426,87.15078436328119,61.80987276976777,497.61015109222484,770.4468279276031,1268.0569790198278
Innovex Medicare,Year_1_Week_46,68.42892719044572,79.38209833712398,53.126368986675786,60.41513651156578,78.95043395160276,18.28602874742279,85.44073789736206,48.37585211214603,78.81858553463861,21.35037901378695,687.6339430250913,445.2197373625604,1132.8536803876518
Innovex Medicare,Year_1_Week_47,77.1440391338881,19.593842782039463,12.307785922579212,94.31402158297827,86.1329295709959,63.91401284353434,42.52634011604677,59.333068245521986,23.202560261366337,62.3549374726129,602.6119868924807,480.0098934985185,1082.6218803909992
Innovex Medicare,Year_1_Week_48,62.503188858744366,16.762400356222788,40.71230448635407,14.703209135742139,65.22437028137125,66.12839004612394,87.3815207330481,25.71824673066966,72.12905622106561,78.97124917941872,474.3160124092877,231.6258739120634,705.9418863213511
Innovex Medicare,Year_1_Week_49,96.59552936270877,75.5369880583243,44.21760569072713,47.69139871667453,17.974424257271117,68.36543381068194,46.61243208565512,36.63388264929545,95.05216581225119,46.57748829166168,698.0327189174845,222.53973772638835,920.5724566438729
Innovex Medicare,Year_1_Week_50,43.73835215713336,54.59421845855786,45.894050280721046,33.414201186584606,53.88650287004898,34.066182507178716,39.54097951105055,69.74420273674525,71.42864308904413,89.1853973147321,453.544581789248,630.3088682280546,1083.8534500173027
Innovex Medicare,Year_1_Week_51,35.714087765367466,71.95621567849625,62.215513230459905,75.77388684826568,16.988440120444455,11.359961579302754,50.85909200797291,96.87724512673599,39.845516419705056,68.38146580216281,575.8347415056181,522.8567984726667,1098.6915399782847
Innovex Medicare,Year_1_Week_52,88.17392153705143,49.13446047433716,58.02422920541906,98.31673814475221,46.678872792918774,96.85138325090247,78.62022628073817,14.537509624198828,55.052138568774815,90.93240264602822,734.931058707539,505.22359052976003,1240.154649237299
Juvena Drug Works,Year_1_Week_01,30.123625466750738,32.17618299151961,64.71145835141002,33.0877056199823,46.63958402130649,32.58037411219922,21.340182507759486,90.13458887697395,68.11525390159483,66.11547801226035,411.2748918524526,345.8747182536012,757.1496101060538
Juvena Drug Works,Year_1_Week_02,96.69002854965501,83.71920859067798,78.83949353879154,68.8757141326667,15.940885972621743,70.84236592472928,27.677729428481566,61.919308118008765,55.951336785565324,21.81591748043418,743.4265410488695,646.8504389779533,1390.276980026823
Juvena Drug Works,Year_1_Week_03,11.09390272208347,81.94742910720814,83.16871648444841,27.82878694837661,41.39384805725314,73.59668828908386,95.63003430967828,60.75276100800613,20.795764755787282,37.87225399946702,563.7014395251405,300.94194746509515,864.6433869902356
Juvena Drug Works,Year_1_Week_04,97.28909440368751,72.52268237689842,74.6310768603845,60.879722911444894,19.989828891218338,64.90066753715371,25.794246464322164,55.02506816869843,38.08576401868186,28.161545342721123,689.5946059330915,313.960846196612,1003.5554521297036
Juvena Drug Works,Year_1_Week_05,13.884392075551851,34.49306235069665,95.99713263594413,51.75392380195026,82.74116890082999,38.16166547922834,61.09545861379491,16.245467731376504,82.21564274982693,91.79438479451761,472.0197966733226,476.4273028089653,948.447099482288
Juvena Drug Works,Year_1_Week_06,90.2028802328264,63.12076001821784,11.640932440872547,97.48047966683833,95.29192233680237,34.398662838765915,62.13830199957441,18.08891665625446,87.52762414859657,78.43600605587343,686.5674305756494,371.76791726716453,1058.335347842814
Juvena Drug Works,Year_1_Week_07,57.49309981776699,42.48765072460241,27.620018711519148,64.76745454268199,16.508482773214475,63.79014544324328,54.066201584522034,64.08208050931775,22.357002944401323,70.87585320190055,459.6863323226071,348.47778873988784,808.1641210624949
Juvena Drug Works,Year_1_Week_08,99.36683165073703,18.242386599397072,10.68065874803279,41.455573487813695,95.96036865625312,87.94860702505224,68.02707237191368,40.68627142920025,95.71480771588521,37.086968766845956,684.5065178475851,587.142586731999,1271.6491045795842
Juvena Drug Works,Year_1_Week_09,16.641690826185897,92.55822179160185,68.27272427391426,20.268620639914005,57.031893940307064,95.2060356031056,30.684405321785658,92.55412599199126,39.59403560637484,26.564029484519217,534.1080377238615,590.5830471311267,1124.6910848549883
Juvena Drug Works,Year_1_Week_10,59.846885596118874,22.313676782706526,90.82274940549883,23.612214586144113,36.96091101584865,19.531522396338186,59.73960409990734,46.5931483623525,69.60823648576479,78.08059791900206,529.851391445186,694.7102418799575,1224.5616333251435
Juvena Drug Works,Year_1_Week_11,97.2372282057189,95.52136184387221,31.913406691866935,30.27852369561116,16.917586774854716,23.934575133794787,43.49559297222074,22.895331283237695,77.6642631361013,52.67421512911717,626.2265150012723,450.62514018378556,1076.851655185058
Juvena Drug Works,Year_1_Week_12,57.078805975313394,50.140519566216014,93.4331090316676,32.58699952062682,55.056184126337605,95.02626329047717,69.55005336662701,74.32469501518324,83.07516111740951,30.32105969355662,635.930880768502,243.85105461569015,879.7819353841921
Juvena Drug Works,Year_1_Week_13,66.64587743217362,26.66196359547577,15.424065126060476,86.5554452057024,81.50639900416738,76.28817055013133,22.71011890358345,36.40180792969089,95.1174732003337,65.49597803487475,559.9295588000033,364.1998309528746,924.1293897528778
Juvena Drug Works,Year_1_Week_14,72.61738200861555,58.77108526405223,94.09924241249628,60.510050945427245,73.63778295400283,89.46944423467957,61.37896751555286,57.29232766203039,38.162759322594034,13.630046692460677,767.4095002615625,788.0032779180901,1555.4127781796526
Juvena Drug Works,Year_1_Week_15,50.90869582909959,88.56512522887675,41.6460418515671,57.10518202369298,14.520341031757638,28.236937072180883,26.674331984499133,72.8049506954653,87.26558090963991,39.35532287154282,540.5822180030165,557.7551451396213,1098.3373631426377
Juvena Drug Works,Year_1_Week_16,66.48022720756572,75.9002397768605,19.127874560429486,20.32919846822957,16.561165183111317,62.882728399846165,35.07787568035327,91.02377000818633,21.851821309258632,52.17012951320212,548.4865757129332,625.8422508806121,1174.3288265935453
Juvena Drug Works,Year_1_Week_17,62.58828807307902,82.59050330753047,53.72845832676931,87.41257240144915,46.25859543693734,73.10256349757262,29.68388202912249,81.29720753215085,73.45368157182335,23.316250069846525,721.9885917992208,204.41469777524873,926.4032895744695
Juvena Drug Works,Year_1_Week_18,91.10422094418901,69.29050300396456,33.109891094845715,75.05328728876353,36.57614446431489,71.21006969022754,26.45540018819354,70.87249610854516,76.77799565625872,98.61890298317556,708.5331560843639,510.9234393095125,1219.4565953938763
Juvena Drug Works,Year_1_Week_19,14.090174230731208,72.30489080660672,35.638561176573056,16.090152571000143,30.914589075044304,46.73365217800283,84.31398564046003,71.16698641556292,70.99509170811885,28.818762813065284,411.3719170427219,222.51719451908187,633.8891115618038
Juvena Drug Works,Year_1_Week_20,35.28668706330073,86.42760864087873,37.65609684336579,73.70515875067917,35.29040490178423,11.385540252217762,35.71368108948013,95.13321796288778,32.70832625216377,21.7317817038939,490.15633368020025,541.5381272548689,1031.6944609350692
Juvena Drug Works,Year_1_Week_21,95.53703356689029,32.470120797326736,82.27233080493971,58.918439560838145,82.31344689671961,62.46334511238368,93.44114036780044,36.62416877468824,88.5738832313683,28.318138649820675,734.6763741861649,752.4625097816452,1487.1388839678102
Juvena Drug Works,Year_1_Week_22,90.12374055018248,54.04824672788264,58.52451490077291,17.355281117210044,93.63052482686685,32.779138526164786,97.29338728106718,10.100088477656866,25.19726170333555,79.21550198437518,655.6897110018692,781.0514783002448,1436.741189302114
Juvena Drug Works,Year_1_Week_23,51.009107750714165,29.908849763764202,38.01769292404033,51.247057737579084,46.45924250748098,50.52288215286013,61.41344229433876,34.47591034583788,14.827131236874775,48.295509334465855,478.0101829586175,524.3316052333545,1002.341788191972
Juvena Drug Works,Year_1_Week_24,65.8119338021383,98.89012071969823,64.93004049798265,53.622665841704226,91.54999019192473,96.18229135754356,22.870101039915376,29.610224166406958,74.5718491550721,60.88743457772842,673.9711170110612,474.9228831513296,1148.8940001623907
Juvena Drug Works,Year_1_Week_25,34.96430646830194,94.9653405717952,74.45356068008742,24.91970861469482,38.93461311230938,45.913178587819125,43.709341904162315,69.56511266025984,52.79281437094603,11.890824128772467,563.5639317599511,767.0102565490964,1330.5741883090475
Juvena Drug Works,Year_1_Week_26,26.930904375138518,13.54841302316553,34.53616006601804,95.11283323002542,52.87932877094124,85.5821445997984,81.79590370133926,67.03404397889761,86.41882179628085,13.09881777159831,505.82774755937555,604.1658991980171,1109.9936467573925
Juvena Drug Works,Year_1_Week_27,51.7328564445984,73.50176552641196,47.21941913728163,86.49778343325957,30.342609803439974,26.9686545174326,43.06516558273634,63.411524443425144,44.505742695243306,50.124299484431454,565.4026658399116,238.93956772304568,804.3422335629573
Juvena Drug Works,Year_1_Week_28,41.80170052234475,93.27234856740992,20.96974840032528,70.21201035961974,67.64284379582597,70.52144482225259,17.831549647250988,11.461909888850833,25.145072965694155,83.49897188814612,585.0186302750142,479.4353466004985,1064.4539768755126
Juvena Drug Works,Year_1_Week_29,62.529050066578485,26.25178106146002,26.303441458121227,51.606600490054646,98.1083003657328,97.93062589950492,60.110641983536915,75.59002490055828,85.27979732228827,89.67149908368087,612.0273282139418,344.14701107858235,956.1743392925241
Juvena Drug Works,Year_1_Week_30,16.996117326848633,61.11507074973665,71.30060685684845,47.05889874260576,64.31437864390408,19.17037907856431,86.06087663464314,39.11773712369424,59.40186684760645,17.80359108360762,535.8967143179786,481.88259286920896,1017.7793071871877
Juvena Drug Works,Year_1_Week_31,97.69553268995499,92.39394678292376,26.329451292606425,68.58761204358588,42.203267570219396,10.748794800447282,81.63337484291522,69.8550390105968,27.027621315131938,58.45267918909205,696.3890099533029,473.27934320381706,1169.66835315712
Juvena Drug Works,Year_1_Week_32,98.75896700316426,13.055138072721896,57.26470453003542,59.088868246621495,68.30357013914755,49.02245133693529,25.76108261173179,60.0920585651938,74.83455987278012,92.19067176513434,653.1271691869883,549.2868816888451,1202.4140508758335
Juvena Drug Works,Year_1_Week_33,72.83455426177707,72.76782405221559,73.81416355501895,15.604579529369705,21.06286106188488,18.336293474623048,70.548815297122,40.84578328851165,56.00022746405505,44.917547895809776,628.4731388374249,414.0622942095507,1042.5354330469756
Juvena Drug Works,Year_1_Week_34,58.24867297097084,36.761410663529574,19.618923078526947,56.12523838932985,89.97931722388587,77.35459147086083,29.84538370920824,22.1118640393697,64.38816840162877,84.66092482855318,562.6985719163343,298.56226967355684,861.2608415898912
Juvena Drug Works,Year_1_Week_35,37.8574854657695,93.19565758388774,61.058099766601316,82.57632555095556,55.27755557018527,92.3093797463703,29.6386781096955,18.497700789443286,51.48085043859237,22.03260889594926,602.4471264871299,502.23166075397376,1104.6787872411037
Juvena Drug Works,Year_1_Week_36,83.24155177362537,97.39524206488309,33.09065053312274,51.33158898372623,50.441476783567786,49.061887543788295,88.66645959746667,84.83664998010012,84.58380854362058,94.18550407010189,723.2382018494237,698.1217306074573,1421.3599324568809
Juvena Drug Works,Year_1_Week_37,71.62580552984913,94.98398402020905,96.66341877138218,14.676091979884157,62.727830960816725,33.284047793989686,32.470205746620714,92.65577878734022,84.6606444114745,77.62809857781724,700.4226394721647,598.4073368405614,1298.829976312726
Juvena Drug Works,Year_1_Week_38,24.63552454104022,52.67927949917174,53.51910820479323,80.76503794456298,66.23054765104622,49.09629871059488,33.69226118662101,68.48092420878696,73.84499396419477,94.72009535082115,538.6990929960817,403.0207195551295,941.7198125512112
Juvena Drug Works,Year_1_Week_39,91.98344660444582,87.58383858903821,82.53932947976423,28.122740392237695,16.459822560386172,75.1103036065001,10.05880516851696,19.309070337443504,19.486123965681607,70.89555101972559,683.2427060550145,761.3138136553143,1444.5565197103288
Juvena Drug Works,Year_1_Week_40,84.0283518630852,86.00944586815633,59.52038879406356,33.275875139923485,71.43554991010622,10.814874542233389,88.36021307129658,46.18244951994166,85.4968475713662,42.70635387994843,676.4182834564242,747.3245427495093,1423.7428262059334
Juvena Drug Works,Year_1_Week_41,95.48199219627317,38.71904259189301,13.907127956933724,24.823571808906628,31.773851228397664,63.050859053622744,81.33353318882213,75.60452800946415,70.39116824796189,94.43630552722502,578.2474153015337,325.6090396304593,903.856454931993
Juvena Drug Works,Year_1_Week_42,75.3147557549524,84.60239267356096,66.98362380346201,39.71935583843478,74.25573692559308,65.19625163986412,66.45960415816103,80.18387956090613,72.73217494038695,34.80100986782607,678.0210435081783,223.65055107221778,901.6715945803961
Juvena Drug Works,Year_1_Week_43,65.20736763422109,13.330687124394336,95.62630079859913,78.10763551197715,84.0281314945777,67.39194222063419,77.52391875449581,20.639676006197973,42.66845563634845,39.89552698555593,695.8108965158704,644.7852250104573,1340.5961215263278
Juvena Drug Works,Year_1_Week_44,47.6418732661557,63.66428906338477,64.1450638131698,56.744727355354364,82.35626567972683,31.781987198278948,23.684371068204264,10.002764696084418,89.13516005413061,73.07275762015664,548.2716650089664,696.566156809492,1244.8378218184585
Juvena Drug Works,Year_1_Week_45,93.94556350186119,30.700795355893273,83.72699734841112,28.43931467356413,59.72508706671002,74.2647451040314,51.24912351288179,74.09233412925445,75.28344402113717,78.87846695728476,684.9505148017823,780.7187395708131,1465.6692543725953
Juvena Drug Works,Year_1_Week_46,87.94575005503675,20.851019719955094,89.5785817013567,89.00470703368367,56.81529030796761,18.225233769859877,41.60974486139028,42.09365583875851,20.133141987627504,93.64631354642384,634.4784594598282,733.9018364529865,1368.3802959128147
Juvena Drug Works,Year_1_Week_47,14.069680309557047,16.925788146628825,30.527179475403923,89.16236694563763,22.858836520547055,27.934330282012073,18.439887363131483,32.90331984564342,46.70002309655464,28.432216815058855,344.19688105014626,560.3208609238488,904.517741973995
Juvena Drug Works,Year_1_Week_48,12.37302770475268,72.66598982903258,29.0840355917404,88.35205825414062,79.7811535362822,88.97230419890337,53.75174366934317,11.16077228105729,89.77423257641276,81.81982316973016,449.8271599231465,518.0314035274284,967.8585634505749
Juvena Drug Works,Year_1_Week_49,43.881703019024464,40.58874673912595,64.98828899658926,31.491659024338535,34.42684424020429,76.48508356539097,92.86656853083718,58.62694660853497,14.24770315276411,76.46914480572671,520.5237496503055,216.70463075755177,737.2283804078572
Juvena Drug Works,Year_1_Week_50,82.94979977036496,75.22900943758853,46.99256228260342,50.61154097628893,54.70258805361519,11.237099861021072,13.605320714562502,86.60356618833836,96.52749576778446,15.741510062823808,632.900830505296,347.99386810686667,980.8946986121626
Juvena Drug Works,Year_1_Week_51,98.854851638345,15.882070671904813,85.58751725800484,98.64906905267875,35.5846683634765,32.353863433282015,36.23148221444145,96.1868481645329,71.12463114876064,44.85008270891863,684.9075038425372,475.7688510397559,1160.676354882293
Juvena Drug Works,Year_1_Week_52,23.537520199317537,38.37613040475493,91.002081105821,79.48112286789913,22.044552669972383,29.29658346938481,28.67868425851331,60.91704555519603,66.82383798790389,35.44889113540887,532.3581773364044,577.1023400501407,1109.4605173865452
